ISO-10303-21;
HEADER;
FILE_DESCRIPTION(('KiCad electronic assembly'),'2;1');
FILE_NAME('Hackpad.step','2026-08-22T20:37:56',('Pcbnew'),('Kicad'),
  'Open CASCADE STEP processor 7.9','KiCad to STEP converter','Unknown'
  );
FILE_SCHEMA(('AUTOMOTIVE_DESIGN { 1 0 10303 214 1 1 1 1 }'));
ENDSEC;
DATA;
#1 = APPLICATION_PROTOCOL_DEFINITION('international standard',
  'automotive_design',2000,#2);
#2 = APPLICATION_CONTEXT(
  'core data for automotive mechanical design processes');
#3 = SHAPE_DEFINITION_REPRESENTATION(#4,#10);
#4 = PRODUCT_DEFINITION_SHAPE('','',#5);
#5 = PRODUCT_DEFINITION('design','',#6,#9);
#6 = PRODUCT_DEFINITION_FORMATION('','',#7);
#7 = PRODUCT('Hackpad 1','Hackpad 1','',(#8));
#8 = PRODUCT_CONTEXT('',#2,'mechanical');
#9 = PRODUCT_DEFINITION_CONTEXT('part definition',#2,'design');
#10 = SHAPE_REPRESENTATION('',(#11,#15,#19,#23,#27),#31);
#11 = AXIS2_PLACEMENT_3D('',#12,#13,#14);
#12 = CARTESIAN_POINT('',(0.,0.,0.));
#13 = DIRECTION('',(0.,0.,1.));
#14 = DIRECTION('',(1.,0.,-0.));
#15 = AXIS2_PLACEMENT_3D('',#16,#17,#18);
#16 = CARTESIAN_POINT('',(0.,0.,0.));
#17 = DIRECTION('',(0.,0.,1.));
#18 = DIRECTION('',(1.,0.,-0.));
#19 = AXIS2_PLACEMENT_3D('',#20,#21,#22);
#20 = CARTESIAN_POINT('',(0.,0.,0.));
#21 = DIRECTION('',(0.,0.,1.));
#22 = DIRECTION('',(1.,0.,-0.));
#23 = AXIS2_PLACEMENT_3D('',#24,#25,#26);
#24 = CARTESIAN_POINT('',(0.,0.,0.));
#25 = DIRECTION('',(0.,0.,1.));
#26 = DIRECTION('',(1.,0.,-0.));
#27 = AXIS2_PLACEMENT_3D('',#28,#29,#30);
#28 = CARTESIAN_POINT('',(0.,0.,0.));
#29 = DIRECTION('',(0.,0.,1.));
#30 = DIRECTION('',(1.,0.,-0.));
#31 = ( GEOMETRIC_REPRESENTATION_CONTEXT(3) 
GLOBAL_UNCERTAINTY_ASSIGNED_CONTEXT((#35)) GLOBAL_UNIT_ASSIGNED_CONTEXT(
(#32,#33,#34)) REPRESENTATION_CONTEXT('Context #1',
  '3D Context with UNIT and UNCERTAINTY') );
#32 = ( LENGTH_UNIT() NAMED_UNIT(*) SI_UNIT(.MILLI.,.METRE.) );
#33 = ( NAMED_UNIT(*) PLANE_ANGLE_UNIT() SI_UNIT($,.RADIAN.) );
#34 = ( NAMED_UNIT(*) SI_UNIT($,.STERADIAN.) SOLID_ANGLE_UNIT() );
#35 = UNCERTAINTY_MEASURE_WITH_UNIT(LENGTH_MEASURE(1.E-07),#32,
  'distance_accuracy_value','confusion accuracy');
#36 = PRODUCT_RELATED_PRODUCT_CATEGORY('part',$,(#7));
#37 = SHAPE_DEFINITION_REPRESENTATION(#38,#44);
#38 = PRODUCT_DEFINITION_SHAPE('','',#39);
#39 = PRODUCT_DEFINITION('design','',#40,#43);
#40 = PRODUCT_DEFINITION_FORMATION('','',#41);
#41 = PRODUCT('HacAAB0_copper','HacAAB0_copper','',(#42));
#42 = PRODUCT_CONTEXT('',#2,'mechanical');
#43 = PRODUCT_DEFINITION_CONTEXT('part definition',#2,'design');
#44 = SHAPE_REPRESENTATION('',(#11,#45,#696,#978,#1196,#2074,#2424,#2776
    ,#3396,#3853,#4766,#5578,#5829),#6245);
#45 = MANIFOLD_SOLID_BREP('',#46);
#46 = CLOSED_SHELL('',(#47,#87,#118,#151,#182,#213,#244,#275,#308,#339,
    #370,#401,#432,#463,#494,#525,#556,#589,#620,#642,#669));
#47 = ADVANCED_FACE('',(#48),#82,.T.);
#48 = FACE_BOUND('',#49,.T.);
#49 = EDGE_LOOP('',(#50,#60,#68,#76));
#50 = ORIENTED_EDGE('',*,*,#51,.T.);
#51 = EDGE_CURVE('',#52,#54,#56,.T.);
#52 = VERTEX_POINT('',#53);
#53 = CARTESIAN_POINT('',(166.667541,-58.463853,1.51));
#54 = VERTEX_POINT('',#55);
#55 = CARTESIAN_POINT('',(166.667541,-58.463853,1.545));
#56 = LINE('',#57,#58);
#57 = CARTESIAN_POINT('',(166.667541,-58.463853,1.51));
#58 = VECTOR('',#59,1.);
#59 = DIRECTION('',(0.,0.,1.));
#60 = ORIENTED_EDGE('',*,*,#61,.T.);
#61 = EDGE_CURVE('',#54,#62,#64,.T.);
#62 = VERTEX_POINT('',#63);
#63 = CARTESIAN_POINT('',(166.703589,-58.448921,1.545));
#64 = LINE('',#65,#66);
#65 = CARTESIAN_POINT('',(166.667541,-58.463853,1.545));
#66 = VECTOR('',#67,1.);
#67 = DIRECTION('',(0.923875640631,0.38269282806,0.));
#68 = ORIENTED_EDGE('',*,*,#69,.F.);
#69 = EDGE_CURVE('',#70,#62,#72,.T.);
#70 = VERTEX_POINT('',#71);
#71 = CARTESIAN_POINT('',(166.703589,-58.448921,1.51));
#72 = LINE('',#73,#74);
#73 = CARTESIAN_POINT('',(166.703589,-58.448921,1.51));
#74 = VECTOR('',#75,1.);
#75 = DIRECTION('',(0.,0.,1.));
#76 = ORIENTED_EDGE('',*,*,#77,.F.);
#77 = EDGE_CURVE('',#52,#70,#78,.T.);
#78 = LINE('',#79,#80);
#79 = CARTESIAN_POINT('',(166.667541,-58.463853,1.51));
#80 = VECTOR('',#81,1.);
#81 = DIRECTION('',(0.923875640631,0.38269282806,0.));
#82 = PLANE('',#83);
#83 = AXIS2_PLACEMENT_3D('',#84,#85,#86);
#84 = CARTESIAN_POINT('',(166.667541,-58.463853,1.51));
#85 = DIRECTION('',(-0.38269282806,0.923875640631,0.));
#86 = DIRECTION('',(0.923875640631,0.38269282806,0.));
#87 = ADVANCED_FACE('',(#88),#113,.T.);
#88 = FACE_BOUND('',#89,.T.);
#89 = EDGE_LOOP('',(#90,#91,#99,#107));
#90 = ORIENTED_EDGE('',*,*,#69,.T.);
#91 = ORIENTED_EDGE('',*,*,#92,.T.);
#92 = EDGE_CURVE('',#62,#93,#95,.T.);
#93 = VERTEX_POINT('',#94);
#94 = CARTESIAN_POINT('',(186.582509,-58.448921,1.545));
#95 = LINE('',#96,#97);
#96 = CARTESIAN_POINT('',(166.703589,-58.448921,1.545));
#97 = VECTOR('',#98,1.);
#98 = DIRECTION('',(1.,0.,0.));
#99 = ORIENTED_EDGE('',*,*,#100,.F.);
#100 = EDGE_CURVE('',#101,#93,#103,.T.);
#101 = VERTEX_POINT('',#102);
#102 = CARTESIAN_POINT('',(186.582509,-58.448921,1.51));
#103 = LINE('',#104,#105);
#104 = CARTESIAN_POINT('',(186.582509,-58.448921,1.51));
#105 = VECTOR('',#106,1.);
#106 = DIRECTION('',(0.,0.,1.));
#107 = ORIENTED_EDGE('',*,*,#108,.F.);
#108 = EDGE_CURVE('',#70,#101,#109,.T.);
#109 = LINE('',#110,#111);
#110 = CARTESIAN_POINT('',(166.703589,-58.448921,1.51));
#111 = VECTOR('',#112,1.);
#112 = DIRECTION('',(1.,0.,0.));
#113 = PLANE('',#114);
#114 = AXIS2_PLACEMENT_3D('',#115,#116,#117);
#115 = CARTESIAN_POINT('',(166.703589,-58.448921,1.51));
#116 = DIRECTION('',(0.,1.,0.));
#117 = DIRECTION('',(1.,0.,0.));
#118 = ADVANCED_FACE('',(#119),#146,.T.);
#119 = FACE_BOUND('',#120,.T.);
#120 = EDGE_LOOP('',(#121,#122,#131,#139));
#121 = ORIENTED_EDGE('',*,*,#100,.T.);
#122 = ORIENTED_EDGE('',*,*,#123,.T.);
#123 = EDGE_CURVE('',#93,#124,#126,.T.);
#124 = VERTEX_POINT('',#125);
#125 = CARTESIAN_POINT('',(186.661079,-58.527491,1.545));
#126 = CIRCLE('',#127,0.100002891901);
#127 = AXIS2_PLACEMENT_3D('',#128,#129,#130);
#128 = CARTESIAN_POINT('',(186.56299792896,-58.54700207103,1.545));
#129 = DIRECTION('',(0.,0.,-1.));
#130 = DIRECTION('',(0.195105068116,0.980782347106,0.));
#131 = ORIENTED_EDGE('',*,*,#132,.F.);
#132 = EDGE_CURVE('',#133,#124,#135,.T.);
#133 = VERTEX_POINT('',#134);
#134 = CARTESIAN_POINT('',(186.661079,-58.527491,1.51));
#135 = LINE('',#136,#137);
#136 = CARTESIAN_POINT('',(186.661079,-58.527491,1.51));
#137 = VECTOR('',#138,1.);
#138 = DIRECTION('',(0.,0.,1.));
#139 = ORIENTED_EDGE('',*,*,#140,.F.);
#140 = EDGE_CURVE('',#101,#133,#141,.T.);
#141 = CIRCLE('',#142,0.100002891901);
#142 = AXIS2_PLACEMENT_3D('',#143,#144,#145);
#143 = CARTESIAN_POINT('',(186.56299792896,-58.54700207103,1.51));
#144 = DIRECTION('',(0.,0.,-1.));
#145 = DIRECTION('',(0.195105068116,0.980782347106,0.));
#146 = CYLINDRICAL_SURFACE('',#147,0.100002891901);
#147 = AXIS2_PLACEMENT_3D('',#148,#149,#150);
#148 = CARTESIAN_POINT('',(186.56299792896,-58.54700207103,1.51));
#149 = DIRECTION('',(0.,0.,-1.));
#150 = DIRECTION('',(0.195105068116,0.980782347106,0.));
#151 = ADVANCED_FACE('',(#152),#177,.T.);
#152 = FACE_BOUND('',#153,.T.);
#153 = EDGE_LOOP('',(#154,#155,#163,#171));
#154 = ORIENTED_EDGE('',*,*,#132,.T.);
#155 = ORIENTED_EDGE('',*,*,#156,.T.);
#156 = EDGE_CURVE('',#124,#157,#159,.T.);
#157 = VERTEX_POINT('',#158);
#158 = CARTESIAN_POINT('',(186.661079,-58.820509,1.545));
#159 = LINE('',#160,#161);
#160 = CARTESIAN_POINT('',(186.661079,-58.527491,1.545));
#161 = VECTOR('',#162,1.);
#162 = DIRECTION('',(0.,-1.,0.));
#163 = ORIENTED_EDGE('',*,*,#164,.F.);
#164 = EDGE_CURVE('',#165,#157,#167,.T.);
#165 = VERTEX_POINT('',#166);
#166 = CARTESIAN_POINT('',(186.661079,-58.820509,1.51));
#167 = LINE('',#168,#169);
#168 = CARTESIAN_POINT('',(186.661079,-58.820509,1.51));
#169 = VECTOR('',#170,1.);
#170 = DIRECTION('',(0.,0.,1.));
#171 = ORIENTED_EDGE('',*,*,#172,.F.);
#172 = EDGE_CURVE('',#133,#165,#173,.T.);
#173 = LINE('',#174,#175);
#174 = CARTESIAN_POINT('',(186.661079,-58.527491,1.51));
#175 = VECTOR('',#176,1.);
#176 = DIRECTION('',(0.,-1.,0.));
#177 = PLANE('',#178);
#178 = AXIS2_PLACEMENT_3D('',#179,#180,#181);
#179 = CARTESIAN_POINT('',(186.661079,-58.527491,1.51));
#180 = DIRECTION('',(1.,0.,-0.));
#181 = DIRECTION('',(0.,-1.,0.));
#182 = ADVANCED_FACE('',(#183),#208,.T.);
#183 = FACE_BOUND('',#184,.T.);
#184 = EDGE_LOOP('',(#185,#186,#194,#202));
#185 = ORIENTED_EDGE('',*,*,#164,.T.);
#186 = ORIENTED_EDGE('',*,*,#187,.T.);
#187 = EDGE_CURVE('',#157,#188,#190,.T.);
#188 = VERTEX_POINT('',#189);
#189 = CARTESIAN_POINT('',(186.646147,-58.856557,1.545));
#190 = LINE('',#191,#192);
#191 = CARTESIAN_POINT('',(186.661079,-58.820509,1.545));
#192 = VECTOR('',#193,1.);
#193 = DIRECTION('',(-0.38269282806,-0.923875640631,0.));
#194 = ORIENTED_EDGE('',*,*,#195,.F.);
#195 = EDGE_CURVE('',#196,#188,#198,.T.);
#196 = VERTEX_POINT('',#197);
#197 = CARTESIAN_POINT('',(186.646147,-58.856557,1.51));
#198 = LINE('',#199,#200);
#199 = CARTESIAN_POINT('',(186.646147,-58.856557,1.51));
#200 = VECTOR('',#201,1.);
#201 = DIRECTION('',(0.,0.,1.));
#202 = ORIENTED_EDGE('',*,*,#203,.F.);
#203 = EDGE_CURVE('',#165,#196,#204,.T.);
#204 = LINE('',#205,#206);
#205 = CARTESIAN_POINT('',(186.661079,-58.820509,1.51));
#206 = VECTOR('',#207,1.);
#207 = DIRECTION('',(-0.38269282806,-0.923875640631,0.));
#208 = PLANE('',#209);
#209 = AXIS2_PLACEMENT_3D('',#210,#211,#212);
#210 = CARTESIAN_POINT('',(186.661079,-58.820509,1.51));
#211 = DIRECTION('',(0.923875640631,-0.38269282806,0.));
#212 = DIRECTION('',(-0.38269282806,-0.923875640631,0.));
#213 = ADVANCED_FACE('',(#214),#239,.T.);
#214 = FACE_BOUND('',#215,.T.);
#215 = EDGE_LOOP('',(#216,#217,#225,#233));
#216 = ORIENTED_EDGE('',*,*,#195,.T.);
#217 = ORIENTED_EDGE('',*,*,#218,.T.);
#218 = EDGE_CURVE('',#188,#219,#221,.T.);
#219 = VERTEX_POINT('',#220);
#220 = CARTESIAN_POINT('',(186.508,-58.997422,1.545));
#221 = LINE('',#222,#223);
#222 = CARTESIAN_POINT('',(186.646147,-58.856557,1.545));
#223 = VECTOR('',#224,1.);
#224 = DIRECTION('',(-0.700185266812,-0.713961197923,0.));
#225 = ORIENTED_EDGE('',*,*,#226,.F.);
#226 = EDGE_CURVE('',#227,#219,#229,.T.);
#227 = VERTEX_POINT('',#228);
#228 = CARTESIAN_POINT('',(186.508,-58.997422,1.51));
#229 = LINE('',#230,#231);
#230 = CARTESIAN_POINT('',(186.508,-58.997422,1.51));
#231 = VECTOR('',#232,1.);
#232 = DIRECTION('',(0.,0.,1.));
#233 = ORIENTED_EDGE('',*,*,#234,.F.);
#234 = EDGE_CURVE('',#196,#227,#235,.T.);
#235 = LINE('',#236,#237);
#236 = CARTESIAN_POINT('',(186.646147,-58.856557,1.51));
#237 = VECTOR('',#238,1.);
#238 = DIRECTION('',(-0.700185266812,-0.713961197923,0.));
#239 = PLANE('',#240);
#240 = AXIS2_PLACEMENT_3D('',#241,#242,#243);
#241 = CARTESIAN_POINT('',(186.646147,-58.856557,1.51));
#242 = DIRECTION('',(0.713961197923,-0.700185266812,0.));
#243 = DIRECTION('',(-0.700185266812,-0.713961197923,0.));
#244 = ADVANCED_FACE('',(#245),#270,.T.);
#245 = FACE_BOUND('',#246,.T.);
#246 = EDGE_LOOP('',(#247,#248,#256,#264));
#247 = ORIENTED_EDGE('',*,*,#226,.T.);
#248 = ORIENTED_EDGE('',*,*,#249,.T.);
#249 = EDGE_CURVE('',#219,#250,#252,.T.);
#250 = VERTEX_POINT('',#251);
#251 = CARTESIAN_POINT('',(186.506079,-63.654009,1.545));
#252 = LINE('',#253,#254);
#253 = CARTESIAN_POINT('',(186.508,-58.997422,1.545));
#254 = VECTOR('',#255,1.);
#255 = DIRECTION('',(-4.125338658009E-04,-0.999999914908,0.));
#256 = ORIENTED_EDGE('',*,*,#257,.F.);
#257 = EDGE_CURVE('',#258,#250,#260,.T.);
#258 = VERTEX_POINT('',#259);
#259 = CARTESIAN_POINT('',(186.506079,-63.654009,1.51));
#260 = LINE('',#261,#262);
#261 = CARTESIAN_POINT('',(186.506079,-63.654009,1.51));
#262 = VECTOR('',#263,1.);
#263 = DIRECTION('',(0.,0.,1.));
#264 = ORIENTED_EDGE('',*,*,#265,.F.);
#265 = EDGE_CURVE('',#227,#258,#266,.T.);
#266 = LINE('',#267,#268);
#267 = CARTESIAN_POINT('',(186.508,-58.997422,1.51));
#268 = VECTOR('',#269,1.);
#269 = DIRECTION('',(-4.125338658009E-04,-0.999999914908,0.));
#270 = PLANE('',#271);
#271 = AXIS2_PLACEMENT_3D('',#272,#273,#274);
#272 = CARTESIAN_POINT('',(186.508,-58.997422,1.51));
#273 = DIRECTION('',(0.999999914908,-4.125338658009E-04,0.));
#274 = DIRECTION('',(-4.125338658009E-04,-0.999999914908,0.));
#275 = ADVANCED_FACE('',(#276),#303,.T.);
#276 = FACE_BOUND('',#277,.T.);
#277 = EDGE_LOOP('',(#278,#279,#288,#296));
#278 = ORIENTED_EDGE('',*,*,#257,.T.);
#279 = ORIENTED_EDGE('',*,*,#280,.T.);
#280 = EDGE_CURVE('',#250,#281,#283,.T.);
#281 = VERTEX_POINT('',#282);
#282 = CARTESIAN_POINT('',(186.309921,-63.654009,1.545));
#283 = CIRCLE('',#284,0.100000456609);
#284 = AXIS2_PLACEMENT_3D('',#285,#286,#287);
#285 = CARTESIAN_POINT('',(186.408,-63.6345,1.545));
#286 = DIRECTION('',(-0.,0.,-1.));
#287 = DIRECTION('',(0.980785521645,-0.195089109206,-0.));
#288 = ORIENTED_EDGE('',*,*,#289,.F.);
#289 = EDGE_CURVE('',#290,#281,#292,.T.);
#290 = VERTEX_POINT('',#291);
#291 = CARTESIAN_POINT('',(186.309921,-63.654009,1.51));
#292 = LINE('',#293,#294);
#293 = CARTESIAN_POINT('',(186.309921,-63.654009,1.51));
#294 = VECTOR('',#295,1.);
#295 = DIRECTION('',(0.,0.,1.));
#296 = ORIENTED_EDGE('',*,*,#297,.F.);
#297 = EDGE_CURVE('',#258,#290,#298,.T.);
#298 = CIRCLE('',#299,0.100000456609);
#299 = AXIS2_PLACEMENT_3D('',#300,#301,#302);
#300 = CARTESIAN_POINT('',(186.408,-63.6345,1.51));
#301 = DIRECTION('',(-0.,0.,-1.));
#302 = DIRECTION('',(0.980785521645,-0.195089109206,-0.));
#303 = CYLINDRICAL_SURFACE('',#304,0.100000456609);
#304 = AXIS2_PLACEMENT_3D('',#305,#306,#307);
#305 = CARTESIAN_POINT('',(186.408,-63.6345,1.51));
#306 = DIRECTION('',(-0.,0.,-1.));
#307 = DIRECTION('',(0.980785521645,-0.195089109206,-0.));
#308 = ADVANCED_FACE('',(#309),#334,.T.);
#309 = FACE_BOUND('',#310,.T.);
#310 = EDGE_LOOP('',(#311,#312,#320,#328));
#311 = ORIENTED_EDGE('',*,*,#289,.T.);
#312 = ORIENTED_EDGE('',*,*,#313,.T.);
#313 = EDGE_CURVE('',#281,#314,#316,.T.);
#314 = VERTEX_POINT('',#315);
#315 = CARTESIAN_POINT('',(186.309921,-58.936491,1.545));
#316 = LINE('',#317,#318);
#317 = CARTESIAN_POINT('',(186.309921,-63.654009,1.545));
#318 = VECTOR('',#319,1.);
#319 = DIRECTION('',(0.,1.,0.));
#320 = ORIENTED_EDGE('',*,*,#321,.F.);
#321 = EDGE_CURVE('',#322,#314,#324,.T.);
#322 = VERTEX_POINT('',#323);
#323 = CARTESIAN_POINT('',(186.309921,-58.936491,1.51));
#324 = LINE('',#325,#326);
#325 = CARTESIAN_POINT('',(186.309921,-58.936491,1.51));
#326 = VECTOR('',#327,1.);
#327 = DIRECTION('',(0.,0.,1.));
#328 = ORIENTED_EDGE('',*,*,#329,.F.);
#329 = EDGE_CURVE('',#290,#322,#330,.T.);
#330 = LINE('',#331,#332);
#331 = CARTESIAN_POINT('',(186.309921,-63.654009,1.51));
#332 = VECTOR('',#333,1.);
#333 = DIRECTION('',(0.,1.,0.));
#334 = PLANE('',#335);
#335 = AXIS2_PLACEMENT_3D('',#336,#337,#338);
#336 = CARTESIAN_POINT('',(186.309921,-63.654009,1.51));
#337 = DIRECTION('',(-1.,0.,0.));
#338 = DIRECTION('',(0.,1.,0.));
#339 = ADVANCED_FACE('',(#340),#365,.T.);
#340 = FACE_BOUND('',#341,.T.);
#341 = EDGE_LOOP('',(#342,#343,#351,#359));
#342 = ORIENTED_EDGE('',*,*,#321,.T.);
#343 = ORIENTED_EDGE('',*,*,#344,.T.);
#344 = EDGE_CURVE('',#314,#345,#347,.T.);
#345 = VERTEX_POINT('',#346);
#346 = CARTESIAN_POINT('',(186.324853,-58.900443,1.545));
#347 = LINE('',#348,#349);
#348 = CARTESIAN_POINT('',(186.309921,-58.936491,1.545));
#349 = VECTOR('',#350,1.);
#350 = DIRECTION('',(0.38269282806,0.923875640631,0.));
#351 = ORIENTED_EDGE('',*,*,#352,.F.);
#352 = EDGE_CURVE('',#353,#345,#355,.T.);
#353 = VERTEX_POINT('',#354);
#354 = CARTESIAN_POINT('',(186.324853,-58.900443,1.51));
#355 = LINE('',#356,#357);
#356 = CARTESIAN_POINT('',(186.324853,-58.900443,1.51));
#357 = VECTOR('',#358,1.);
#358 = DIRECTION('',(0.,0.,1.));
#359 = ORIENTED_EDGE('',*,*,#360,.F.);
#360 = EDGE_CURVE('',#322,#353,#361,.T.);
#361 = LINE('',#362,#363);
#362 = CARTESIAN_POINT('',(186.309921,-58.936491,1.51));
#363 = VECTOR('',#364,1.);
#364 = DIRECTION('',(0.38269282806,0.923875640631,0.));
#365 = PLANE('',#366);
#366 = AXIS2_PLACEMENT_3D('',#367,#368,#369);
#367 = CARTESIAN_POINT('',(186.309921,-58.936491,1.51));
#368 = DIRECTION('',(-0.923875640631,0.38269282806,0.));
#369 = DIRECTION('',(0.38269282806,0.923875640631,0.));
#370 = ADVANCED_FACE('',(#371),#396,.T.);
#371 = FACE_BOUND('',#372,.T.);
#372 = EDGE_LOOP('',(#373,#374,#382,#390));
#373 = ORIENTED_EDGE('',*,*,#352,.T.);
#374 = ORIENTED_EDGE('',*,*,#375,.T.);
#375 = EDGE_CURVE('',#345,#376,#378,.T.);
#376 = VERTEX_POINT('',#377);
#377 = CARTESIAN_POINT('',(186.463,-58.759578,1.545));
#378 = LINE('',#379,#380);
#379 = CARTESIAN_POINT('',(186.324853,-58.900443,1.545));
#380 = VECTOR('',#381,1.);
#381 = DIRECTION('',(0.700185266812,0.713961197923,0.));
#382 = ORIENTED_EDGE('',*,*,#383,.F.);
#383 = EDGE_CURVE('',#384,#376,#386,.T.);
#384 = VERTEX_POINT('',#385);
#385 = CARTESIAN_POINT('',(186.463,-58.759578,1.51));
#386 = LINE('',#387,#388);
#387 = CARTESIAN_POINT('',(186.463,-58.759578,1.51));
#388 = VECTOR('',#389,1.);
#389 = DIRECTION('',(0.,0.,1.));
#390 = ORIENTED_EDGE('',*,*,#391,.F.);
#391 = EDGE_CURVE('',#353,#384,#392,.T.);
#392 = LINE('',#393,#394);
#393 = CARTESIAN_POINT('',(186.324853,-58.900443,1.51));
#394 = VECTOR('',#395,1.);
#395 = DIRECTION('',(0.700185266812,0.713961197923,0.));
#396 = PLANE('',#397);
#397 = AXIS2_PLACEMENT_3D('',#398,#399,#400);
#398 = CARTESIAN_POINT('',(186.324853,-58.900443,1.51));
#399 = DIRECTION('',(-0.713961197923,0.700185266812,0.));
#400 = DIRECTION('',(0.700185266812,0.713961197923,0.));
#401 = ADVANCED_FACE('',(#402),#427,.T.);
#402 = FACE_BOUND('',#403,.T.);
#403 = EDGE_LOOP('',(#404,#405,#413,#421));
#404 = ORIENTED_EDGE('',*,*,#383,.T.);
#405 = ORIENTED_EDGE('',*,*,#406,.T.);
#406 = EDGE_CURVE('',#376,#407,#409,.T.);
#407 = VERTEX_POINT('',#408);
#408 = CARTESIAN_POINT('',(186.463,-58.647,1.545));
#409 = LINE('',#410,#411);
#410 = CARTESIAN_POINT('',(186.463,-58.759578,1.545));
#411 = VECTOR('',#412,1.);
#412 = DIRECTION('',(0.,1.,0.));
#413 = ORIENTED_EDGE('',*,*,#414,.F.);
#414 = EDGE_CURVE('',#415,#407,#417,.T.);
#415 = VERTEX_POINT('',#416);
#416 = CARTESIAN_POINT('',(186.463,-58.647,1.51));
#417 = LINE('',#418,#419);
#418 = CARTESIAN_POINT('',(186.463,-58.647,1.51));
#419 = VECTOR('',#420,1.);
#420 = DIRECTION('',(0.,0.,1.));
#421 = ORIENTED_EDGE('',*,*,#422,.F.);
#422 = EDGE_CURVE('',#384,#415,#423,.T.);
#423 = LINE('',#424,#425);
#424 = CARTESIAN_POINT('',(186.463,-58.759578,1.51));
#425 = VECTOR('',#426,1.);
#426 = DIRECTION('',(0.,1.,0.));
#427 = PLANE('',#428);
#428 = AXIS2_PLACEMENT_3D('',#429,#430,#431);
#429 = CARTESIAN_POINT('',(186.463,-58.759578,1.51));
#430 = DIRECTION('',(-1.,0.,0.));
#431 = DIRECTION('',(0.,1.,0.));
#432 = ADVANCED_FACE('',(#433),#458,.T.);
#433 = FACE_BOUND('',#434,.T.);
#434 = EDGE_LOOP('',(#435,#436,#444,#452));
#435 = ORIENTED_EDGE('',*,*,#414,.T.);
#436 = ORIENTED_EDGE('',*,*,#437,.T.);
#437 = EDGE_CURVE('',#407,#438,#440,.T.);
#438 = VERTEX_POINT('',#439);
#439 = CARTESIAN_POINT('',(166.764519,-58.647,1.545));
#440 = LINE('',#441,#442);
#441 = CARTESIAN_POINT('',(186.463,-58.647,1.545));
#442 = VECTOR('',#443,1.);
#443 = DIRECTION('',(-1.,0.,0.));
#444 = ORIENTED_EDGE('',*,*,#445,.F.);
#445 = EDGE_CURVE('',#446,#438,#448,.T.);
#446 = VERTEX_POINT('',#447);
#447 = CARTESIAN_POINT('',(166.764519,-58.647,1.51));
#448 = LINE('',#449,#450);
#449 = CARTESIAN_POINT('',(166.764519,-58.647,1.51));
#450 = VECTOR('',#451,1.);
#451 = DIRECTION('',(0.,0.,1.));
#452 = ORIENTED_EDGE('',*,*,#453,.F.);
#453 = EDGE_CURVE('',#415,#446,#454,.T.);
#454 = LINE('',#455,#456);
#455 = CARTESIAN_POINT('',(186.463,-58.647,1.51));
#456 = VECTOR('',#457,1.);
#457 = DIRECTION('',(-1.,0.,0.));
#458 = PLANE('',#459);
#459 = AXIS2_PLACEMENT_3D('',#460,#461,#462);
#460 = CARTESIAN_POINT('',(186.463,-58.647,1.51));
#461 = DIRECTION('',(0.,-1.,0.));
#462 = DIRECTION('',(-1.,0.,0.));
#463 = ADVANCED_FACE('',(#464),#489,.T.);
#464 = FACE_BOUND('',#465,.T.);
#465 = EDGE_LOOP('',(#466,#467,#475,#483));
#466 = ORIENTED_EDGE('',*,*,#445,.T.);
#467 = ORIENTED_EDGE('',*,*,#468,.T.);
#468 = EDGE_CURVE('',#438,#469,#471,.T.);
#469 = VERTEX_POINT('',#470);
#470 = CARTESIAN_POINT('',(161.423155,-63.985647,1.545));
#471 = LINE('',#472,#473);
#472 = CARTESIAN_POINT('',(166.764519,-58.647,1.545));
#473 = VECTOR('',#474,1.);
#474 = DIRECTION('',(-0.707286646608,-0.706926870001,0.));
#475 = ORIENTED_EDGE('',*,*,#476,.F.);
#476 = EDGE_CURVE('',#477,#469,#479,.T.);
#477 = VERTEX_POINT('',#478);
#478 = CARTESIAN_POINT('',(161.423155,-63.985647,1.51));
#479 = LINE('',#480,#481);
#480 = CARTESIAN_POINT('',(161.423155,-63.985647,1.51));
#481 = VECTOR('',#482,1.);
#482 = DIRECTION('',(0.,0.,1.));
#483 = ORIENTED_EDGE('',*,*,#484,.F.);
#484 = EDGE_CURVE('',#446,#477,#485,.T.);
#485 = LINE('',#486,#487);
#486 = CARTESIAN_POINT('',(166.764519,-58.647,1.51));
#487 = VECTOR('',#488,1.);
#488 = DIRECTION('',(-0.707286646608,-0.706926870001,0.));
#489 = PLANE('',#490);
#490 = AXIS2_PLACEMENT_3D('',#491,#492,#493);
#491 = CARTESIAN_POINT('',(166.764519,-58.647,1.51));
#492 = DIRECTION('',(0.706926870001,-0.707286646608,0.));
#493 = DIRECTION('',(-0.707286646608,-0.706926870001,0.));
#494 = ADVANCED_FACE('',(#495),#520,.T.);
#495 = FACE_BOUND('',#496,.T.);
#496 = EDGE_LOOP('',(#497,#498,#506,#514));
#497 = ORIENTED_EDGE('',*,*,#476,.T.);
#498 = ORIENTED_EDGE('',*,*,#499,.T.);
#499 = EDGE_CURVE('',#469,#500,#502,.T.);
#500 = VERTEX_POINT('',#501);
#501 = CARTESIAN_POINT('',(161.387107,-64.000579,1.545));
#502 = LINE('',#503,#504);
#503 = CARTESIAN_POINT('',(161.423155,-63.985647,1.545));
#504 = VECTOR('',#505,1.);
#505 = DIRECTION('',(-0.923875640631,-0.38269282806,0.));
#506 = ORIENTED_EDGE('',*,*,#507,.F.);
#507 = EDGE_CURVE('',#508,#500,#510,.T.);
#508 = VERTEX_POINT('',#509);
#509 = CARTESIAN_POINT('',(161.387107,-64.000579,1.51));
#510 = LINE('',#511,#512);
#511 = CARTESIAN_POINT('',(161.387107,-64.000579,1.51));
#512 = VECTOR('',#513,1.);
#513 = DIRECTION('',(0.,0.,1.));
#514 = ORIENTED_EDGE('',*,*,#515,.F.);
#515 = EDGE_CURVE('',#477,#508,#516,.T.);
#516 = LINE('',#517,#518);
#517 = CARTESIAN_POINT('',(161.423155,-63.985647,1.51));
#518 = VECTOR('',#519,1.);
#519 = DIRECTION('',(-0.923875640631,-0.38269282806,0.));
#520 = PLANE('',#521);
#521 = AXIS2_PLACEMENT_3D('',#522,#523,#524);
#522 = CARTESIAN_POINT('',(161.423155,-63.985647,1.51));
#523 = DIRECTION('',(0.38269282806,-0.923875640631,0.));
#524 = DIRECTION('',(-0.923875640631,-0.38269282806,0.));
#525 = ADVANCED_FACE('',(#526),#551,.T.);
#526 = FACE_BOUND('',#527,.T.);
#527 = EDGE_LOOP('',(#528,#529,#537,#545));
#528 = ORIENTED_EDGE('',*,*,#507,.T.);
#529 = ORIENTED_EDGE('',*,*,#530,.T.);
#530 = EDGE_CURVE('',#500,#531,#533,.T.);
#531 = VERTEX_POINT('',#532);
#532 = CARTESIAN_POINT('',(147.879491,-64.000579,1.545));
#533 = LINE('',#534,#535);
#534 = CARTESIAN_POINT('',(161.387107,-64.000579,1.545));
#535 = VECTOR('',#536,1.);
#536 = DIRECTION('',(-1.,0.,0.));
#537 = ORIENTED_EDGE('',*,*,#538,.F.);
#538 = EDGE_CURVE('',#539,#531,#541,.T.);
#539 = VERTEX_POINT('',#540);
#540 = CARTESIAN_POINT('',(147.879491,-64.000579,1.51));
#541 = LINE('',#542,#543);
#542 = CARTESIAN_POINT('',(147.879491,-64.000579,1.51));
#543 = VECTOR('',#544,1.);
#544 = DIRECTION('',(0.,0.,1.));
#545 = ORIENTED_EDGE('',*,*,#546,.F.);
#546 = EDGE_CURVE('',#508,#539,#547,.T.);
#547 = LINE('',#548,#549);
#548 = CARTESIAN_POINT('',(161.387107,-64.000579,1.51));
#549 = VECTOR('',#550,1.);
#550 = DIRECTION('',(-1.,0.,0.));
#551 = PLANE('',#552);
#552 = AXIS2_PLACEMENT_3D('',#553,#554,#555);
#553 = CARTESIAN_POINT('',(161.387107,-64.000579,1.51));
#554 = DIRECTION('',(0.,-1.,0.));
#555 = DIRECTION('',(-1.,0.,0.));
#556 = ADVANCED_FACE('',(#557),#584,.T.);
#557 = FACE_BOUND('',#558,.T.);
#558 = EDGE_LOOP('',(#559,#560,#569,#577));
#559 = ORIENTED_EDGE('',*,*,#538,.T.);
#560 = ORIENTED_EDGE('',*,*,#561,.T.);
#561 = EDGE_CURVE('',#531,#562,#564,.T.);
#562 = VERTEX_POINT('',#563);
#563 = CARTESIAN_POINT('',(147.879491,-63.804421,1.545));
#564 = CIRCLE('',#565,0.100000456609);
#565 = AXIS2_PLACEMENT_3D('',#566,#567,#568);
#566 = CARTESIAN_POINT('',(147.899,-63.9025,1.545));
#567 = DIRECTION('',(0.,0.,-1.));
#568 = DIRECTION('',(-0.195089109206,-0.980785521645,-0.));
#569 = ORIENTED_EDGE('',*,*,#570,.F.);
#570 = EDGE_CURVE('',#571,#562,#573,.T.);
#571 = VERTEX_POINT('',#572);
#572 = CARTESIAN_POINT('',(147.879491,-63.804421,1.51));
#573 = LINE('',#574,#575);
#574 = CARTESIAN_POINT('',(147.879491,-63.804421,1.51));
#575 = VECTOR('',#576,1.);
#576 = DIRECTION('',(0.,0.,1.));
#577 = ORIENTED_EDGE('',*,*,#578,.F.);
#578 = EDGE_CURVE('',#539,#571,#579,.T.);
#579 = CIRCLE('',#580,0.100000456609);
#580 = AXIS2_PLACEMENT_3D('',#581,#582,#583);
#581 = CARTESIAN_POINT('',(147.899,-63.9025,1.51));
#582 = DIRECTION('',(0.,0.,-1.));
#583 = DIRECTION('',(-0.195089109206,-0.980785521645,-0.));
#584 = CYLINDRICAL_SURFACE('',#585,0.100000456609);
#585 = AXIS2_PLACEMENT_3D('',#586,#587,#588);
#586 = CARTESIAN_POINT('',(147.899,-63.9025,1.51));
#587 = DIRECTION('',(0.,0.,-1.));
#588 = DIRECTION('',(-0.195089109206,-0.980785521645,-0.));
#589 = ADVANCED_FACE('',(#590),#615,.T.);
#590 = FACE_BOUND('',#591,.T.);
#591 = EDGE_LOOP('',(#592,#593,#601,#609));
#592 = ORIENTED_EDGE('',*,*,#570,.T.);
#593 = ORIENTED_EDGE('',*,*,#594,.T.);
#594 = EDGE_CURVE('',#562,#595,#597,.T.);
#595 = VERTEX_POINT('',#596);
#596 = CARTESIAN_POINT('',(161.326176,-63.8025,1.545));
#597 = LINE('',#598,#599);
#598 = CARTESIAN_POINT('',(147.879491,-63.804421,1.545));
#599 = VECTOR('',#600,1.);
#600 = DIRECTION('',(0.999999989795,1.428604879487E-04,0.));
#601 = ORIENTED_EDGE('',*,*,#602,.F.);
#602 = EDGE_CURVE('',#603,#595,#605,.T.);
#603 = VERTEX_POINT('',#604);
#604 = CARTESIAN_POINT('',(161.326176,-63.8025,1.51));
#605 = LINE('',#606,#607);
#606 = CARTESIAN_POINT('',(161.326176,-63.8025,1.51));
#607 = VECTOR('',#608,1.);
#608 = DIRECTION('',(0.,0.,1.));
#609 = ORIENTED_EDGE('',*,*,#610,.F.);
#610 = EDGE_CURVE('',#571,#603,#611,.T.);
#611 = LINE('',#612,#613);
#612 = CARTESIAN_POINT('',(147.879491,-63.804421,1.51));
#613 = VECTOR('',#614,1.);
#614 = DIRECTION('',(0.999999989795,1.428604879487E-04,0.));
#615 = PLANE('',#616);
#616 = AXIS2_PLACEMENT_3D('',#617,#618,#619);
#617 = CARTESIAN_POINT('',(147.879491,-63.804421,1.51));
#618 = DIRECTION('',(-1.428604879487E-04,0.999999989795,0.));
#619 = DIRECTION('',(0.999999989795,1.428604879487E-04,0.));
#620 = ADVANCED_FACE('',(#621),#637,.T.);
#621 = FACE_BOUND('',#622,.T.);
#622 = EDGE_LOOP('',(#623,#624,#630,#631));
#623 = ORIENTED_EDGE('',*,*,#602,.T.);
#624 = ORIENTED_EDGE('',*,*,#625,.T.);
#625 = EDGE_CURVE('',#595,#54,#626,.T.);
#626 = LINE('',#627,#628);
#627 = CARTESIAN_POINT('',(161.326176,-63.8025,1.545));
#628 = VECTOR('',#629,1.);
#629 = DIRECTION('',(0.707286712783,0.706926803793,0.));
#630 = ORIENTED_EDGE('',*,*,#51,.F.);
#631 = ORIENTED_EDGE('',*,*,#632,.F.);
#632 = EDGE_CURVE('',#603,#52,#633,.T.);
#633 = LINE('',#634,#635);
#634 = CARTESIAN_POINT('',(161.326176,-63.8025,1.51));
#635 = VECTOR('',#636,1.);
#636 = DIRECTION('',(0.707286712783,0.706926803793,0.));
#637 = PLANE('',#638);
#638 = AXIS2_PLACEMENT_3D('',#639,#640,#641);
#639 = CARTESIAN_POINT('',(161.326176,-63.8025,1.51));
#640 = DIRECTION('',(-0.706926803793,0.707286712783,0.));
#641 = DIRECTION('',(0.707286712783,0.706926803793,0.));
#642 = ADVANCED_FACE('',(#643),#664,.F.);
#643 = FACE_BOUND('',#644,.T.);
#644 = EDGE_LOOP('',(#645,#646,#647,#648,#649,#650,#651,#652,#653,#654,
    #655,#656,#657,#658,#659,#660,#661,#662,#663));
#645 = ORIENTED_EDGE('',*,*,#77,.T.);
#646 = ORIENTED_EDGE('',*,*,#108,.T.);
#647 = ORIENTED_EDGE('',*,*,#140,.T.);
#648 = ORIENTED_EDGE('',*,*,#172,.T.);
#649 = ORIENTED_EDGE('',*,*,#203,.T.);
#650 = ORIENTED_EDGE('',*,*,#234,.T.);
#651 = ORIENTED_EDGE('',*,*,#265,.T.);
#652 = ORIENTED_EDGE('',*,*,#297,.T.);
#653 = ORIENTED_EDGE('',*,*,#329,.T.);
#654 = ORIENTED_EDGE('',*,*,#360,.T.);
#655 = ORIENTED_EDGE('',*,*,#391,.T.);
#656 = ORIENTED_EDGE('',*,*,#422,.T.);
#657 = ORIENTED_EDGE('',*,*,#453,.T.);
#658 = ORIENTED_EDGE('',*,*,#484,.T.);
#659 = ORIENTED_EDGE('',*,*,#515,.T.);
#660 = ORIENTED_EDGE('',*,*,#546,.T.);
#661 = ORIENTED_EDGE('',*,*,#578,.T.);
#662 = ORIENTED_EDGE('',*,*,#610,.T.);
#663 = ORIENTED_EDGE('',*,*,#632,.T.);
#664 = PLANE('',#665);
#665 = AXIS2_PLACEMENT_3D('',#666,#667,#668);
#666 = CARTESIAN_POINT('',(0.,0.,1.51));
#667 = DIRECTION('',(0.,0.,1.));
#668 = DIRECTION('',(1.,0.,-0.));
#669 = ADVANCED_FACE('',(#670),#691,.T.);
#670 = FACE_BOUND('',#671,.F.);
#671 = EDGE_LOOP('',(#672,#673,#674,#675,#676,#677,#678,#679,#680,#681,
    #682,#683,#684,#685,#686,#687,#688,#689,#690));
#672 = ORIENTED_EDGE('',*,*,#61,.T.);
#673 = ORIENTED_EDGE('',*,*,#92,.T.);
#674 = ORIENTED_EDGE('',*,*,#123,.T.);
#675 = ORIENTED_EDGE('',*,*,#156,.T.);
#676 = ORIENTED_EDGE('',*,*,#187,.T.);
#677 = ORIENTED_EDGE('',*,*,#218,.T.);
#678 = ORIENTED_EDGE('',*,*,#249,.T.);
#679 = ORIENTED_EDGE('',*,*,#280,.T.);
#680 = ORIENTED_EDGE('',*,*,#313,.T.);
#681 = ORIENTED_EDGE('',*,*,#344,.T.);
#682 = ORIENTED_EDGE('',*,*,#375,.T.);
#683 = ORIENTED_EDGE('',*,*,#406,.T.);
#684 = ORIENTED_EDGE('',*,*,#437,.T.);
#685 = ORIENTED_EDGE('',*,*,#468,.T.);
#686 = ORIENTED_EDGE('',*,*,#499,.T.);
#687 = ORIENTED_EDGE('',*,*,#530,.T.);
#688 = ORIENTED_EDGE('',*,*,#561,.T.);
#689 = ORIENTED_EDGE('',*,*,#594,.T.);
#690 = ORIENTED_EDGE('',*,*,#625,.T.);
#691 = PLANE('',#692);
#692 = AXIS2_PLACEMENT_3D('',#693,#694,#695);
#693 = CARTESIAN_POINT('',(0.,0.,1.545));
#694 = DIRECTION('',(0.,0.,1.));
#695 = DIRECTION('',(1.,0.,-0.));
#696 = MANIFOLD_SOLID_BREP('',#697);
#697 = CLOSED_SHELL('',(#698,#738,#769,#800,#831,#862,#893,#924,#946,
    #962));
#698 = ADVANCED_FACE('',(#699),#733,.T.);
#699 = FACE_BOUND('',#700,.T.);
#700 = EDGE_LOOP('',(#701,#711,#719,#727));
#701 = ORIENTED_EDGE('',*,*,#702,.T.);
#702 = EDGE_CURVE('',#703,#705,#707,.T.);
#703 = VERTEX_POINT('',#704);
#704 = CARTESIAN_POINT('',(160.648889,-80.21978,1.51));
#705 = VERTEX_POINT('',#706);
#706 = CARTESIAN_POINT('',(160.648889,-80.21978,1.545));
#707 = LINE('',#708,#709);
#708 = CARTESIAN_POINT('',(160.648889,-80.21978,1.51));
#709 = VECTOR('',#710,1.);
#710 = DIRECTION('',(0.,0.,1.));
#711 = ORIENTED_EDGE('',*,*,#712,.T.);
#712 = EDGE_CURVE('',#705,#713,#715,.T.);
#713 = VERTEX_POINT('',#714);
#714 = CARTESIAN_POINT('',(160.648889,-80.075219,1.545));
#715 = LINE('',#716,#717);
#716 = CARTESIAN_POINT('',(160.648889,-80.21978,1.545));
#717 = VECTOR('',#718,1.);
#718 = DIRECTION('',(0.,1.,0.));
#719 = ORIENTED_EDGE('',*,*,#720,.F.);
#720 = EDGE_CURVE('',#721,#713,#723,.T.);
#721 = VERTEX_POINT('',#722);
#722 = CARTESIAN_POINT('',(160.648889,-80.075219,1.51));
#723 = LINE('',#724,#725);
#724 = CARTESIAN_POINT('',(160.648889,-80.075219,1.51));
#725 = VECTOR('',#726,1.);
#726 = DIRECTION('',(0.,0.,1.));
#727 = ORIENTED_EDGE('',*,*,#728,.F.);
#728 = EDGE_CURVE('',#703,#721,#729,.T.);
#729 = LINE('',#730,#731);
#730 = CARTESIAN_POINT('',(160.648889,-80.21978,1.51));
#731 = VECTOR('',#732,1.);
#732 = DIRECTION('',(0.,1.,0.));
#733 = PLANE('',#734);
#734 = AXIS2_PLACEMENT_3D('',#735,#736,#737);
#735 = CARTESIAN_POINT('',(160.648889,-80.21978,1.51));
#736 = DIRECTION('',(-1.,0.,0.));
#737 = DIRECTION('',(0.,1.,0.));
#738 = ADVANCED_FACE('',(#739),#764,.T.);
#739 = FACE_BOUND('',#740,.T.);
#740 = EDGE_LOOP('',(#741,#742,#750,#758));
#741 = ORIENTED_EDGE('',*,*,#720,.T.);
#742 = ORIENTED_EDGE('',*,*,#743,.T.);
#743 = EDGE_CURVE('',#713,#744,#746,.T.);
#744 = VERTEX_POINT('',#745);
#745 = CARTESIAN_POINT('',(160.643135,-80.046294,1.545));
#746 = LINE('',#747,#748);
#747 = CARTESIAN_POINT('',(160.648889,-80.075219,1.545));
#748 = VECTOR('',#749,1.);
#749 = DIRECTION('',(-0.195105318534,0.980782297291,0.));
#750 = ORIENTED_EDGE('',*,*,#751,.F.);
#751 = EDGE_CURVE('',#752,#744,#754,.T.);
#752 = VERTEX_POINT('',#753);
#753 = CARTESIAN_POINT('',(160.643135,-80.046294,1.51));
#754 = LINE('',#755,#756);
#755 = CARTESIAN_POINT('',(160.643135,-80.046294,1.51));
#756 = VECTOR('',#757,1.);
#757 = DIRECTION('',(0.,0.,1.));
#758 = ORIENTED_EDGE('',*,*,#759,.F.);
#759 = EDGE_CURVE('',#721,#752,#760,.T.);
#760 = LINE('',#761,#762);
#761 = CARTESIAN_POINT('',(160.648889,-80.075219,1.51));
#762 = VECTOR('',#763,1.);
#763 = DIRECTION('',(-0.195105318534,0.980782297291,0.));
#764 = PLANE('',#765);
#765 = AXIS2_PLACEMENT_3D('',#766,#767,#768);
#766 = CARTESIAN_POINT('',(160.648889,-80.075219,1.51));
#767 = DIRECTION('',(-0.980782297291,-0.195105318534,0.));
#768 = DIRECTION('',(-0.195105318534,0.980782297291,0.));
#769 = ADVANCED_FACE('',(#770),#795,.T.);
#770 = FACE_BOUND('',#771,.T.);
#771 = EDGE_LOOP('',(#772,#773,#781,#789));
#772 = ORIENTED_EDGE('',*,*,#751,.T.);
#773 = ORIENTED_EDGE('',*,*,#774,.T.);
#774 = EDGE_CURVE('',#744,#775,#777,.T.);
#775 = VERTEX_POINT('',#776);
#776 = CARTESIAN_POINT('',(178.338251,-80.047458,1.545));
#777 = LINE('',#778,#779);
#778 = CARTESIAN_POINT('',(160.643135,-80.046294,1.545));
#779 = VECTOR('',#780,1.);
#780 = DIRECTION('',(0.999999997836,-6.578086278069E-05,0.));
#781 = ORIENTED_EDGE('',*,*,#782,.F.);
#782 = EDGE_CURVE('',#783,#775,#785,.T.);
#783 = VERTEX_POINT('',#784);
#784 = CARTESIAN_POINT('',(178.338251,-80.047458,1.51));
#785 = LINE('',#786,#787);
#786 = CARTESIAN_POINT('',(178.338251,-80.047458,1.51));
#787 = VECTOR('',#788,1.);
#788 = DIRECTION('',(0.,0.,1.));
#789 = ORIENTED_EDGE('',*,*,#790,.F.);
#790 = EDGE_CURVE('',#752,#783,#791,.T.);
#791 = LINE('',#792,#793);
#792 = CARTESIAN_POINT('',(160.643135,-80.046294,1.51));
#793 = VECTOR('',#794,1.);
#794 = DIRECTION('',(0.999999997836,-6.578086278069E-05,0.));
#795 = PLANE('',#796);
#796 = AXIS2_PLACEMENT_3D('',#797,#798,#799);
#797 = CARTESIAN_POINT('',(160.643135,-80.046294,1.51));
#798 = DIRECTION('',(6.578086278069E-05,0.999999997836,-0.));
#799 = DIRECTION('',(0.999999997836,-6.578086278069E-05,0.));
#800 = ADVANCED_FACE('',(#801),#826,.T.);
#801 = FACE_BOUND('',#802,.T.);
#802 = EDGE_LOOP('',(#803,#804,#812,#820));
#803 = ORIENTED_EDGE('',*,*,#782,.T.);
#804 = ORIENTED_EDGE('',*,*,#805,.T.);
#805 = EDGE_CURVE('',#775,#806,#808,.T.);
#806 = VERTEX_POINT('',#807);
#807 = CARTESIAN_POINT('',(178.336111,-80.058219,1.545));
#808 = LINE('',#809,#810);
#809 = CARTESIAN_POINT('',(178.338251,-80.047458,1.545));
#810 = VECTOR('',#811,1.);
#811 = DIRECTION('',(-0.195046836585,-0.980793929191,0.));
#812 = ORIENTED_EDGE('',*,*,#813,.F.);
#813 = EDGE_CURVE('',#814,#806,#816,.T.);
#814 = VERTEX_POINT('',#815);
#815 = CARTESIAN_POINT('',(178.336111,-80.058219,1.51));
#816 = LINE('',#817,#818);
#817 = CARTESIAN_POINT('',(178.336111,-80.058219,1.51));
#818 = VECTOR('',#819,1.);
#819 = DIRECTION('',(0.,0.,1.));
#820 = ORIENTED_EDGE('',*,*,#821,.F.);
#821 = EDGE_CURVE('',#783,#814,#822,.T.);
#822 = LINE('',#823,#824);
#823 = CARTESIAN_POINT('',(178.338251,-80.047458,1.51));
#824 = VECTOR('',#825,1.);
#825 = DIRECTION('',(-0.195046836585,-0.980793929191,0.));
#826 = PLANE('',#827);
#827 = AXIS2_PLACEMENT_3D('',#828,#829,#830);
#828 = CARTESIAN_POINT('',(178.338251,-80.047458,1.51));
#829 = DIRECTION('',(0.980793929191,-0.195046836585,0.));
#830 = DIRECTION('',(-0.195046836585,-0.980793929191,0.));
#831 = ADVANCED_FACE('',(#832),#857,.T.);
#832 = FACE_BOUND('',#833,.T.);
#833 = EDGE_LOOP('',(#834,#835,#843,#851));
#834 = ORIENTED_EDGE('',*,*,#813,.T.);
#835 = ORIENTED_EDGE('',*,*,#836,.T.);
#836 = EDGE_CURVE('',#806,#837,#839,.T.);
#837 = VERTEX_POINT('',#838);
#838 = CARTESIAN_POINT('',(178.336111,-80.20278,1.545));
#839 = LINE('',#840,#841);
#840 = CARTESIAN_POINT('',(178.336111,-80.058219,1.545));
#841 = VECTOR('',#842,1.);
#842 = DIRECTION('',(0.,-1.,0.));
#843 = ORIENTED_EDGE('',*,*,#844,.F.);
#844 = EDGE_CURVE('',#845,#837,#847,.T.);
#845 = VERTEX_POINT('',#846);
#846 = CARTESIAN_POINT('',(178.336111,-80.20278,1.51));
#847 = LINE('',#848,#849);
#848 = CARTESIAN_POINT('',(178.336111,-80.20278,1.51));
#849 = VECTOR('',#850,1.);
#850 = DIRECTION('',(0.,0.,1.));
#851 = ORIENTED_EDGE('',*,*,#852,.F.);
#852 = EDGE_CURVE('',#814,#845,#853,.T.);
#853 = LINE('',#854,#855);
#854 = CARTESIAN_POINT('',(178.336111,-80.058219,1.51));
#855 = VECTOR('',#856,1.);
#856 = DIRECTION('',(0.,-1.,0.));
#857 = PLANE('',#858);
#858 = AXIS2_PLACEMENT_3D('',#859,#860,#861);
#859 = CARTESIAN_POINT('',(178.336111,-80.058219,1.51));
#860 = DIRECTION('',(1.,0.,-0.));
#861 = DIRECTION('',(0.,-1.,0.));
#862 = ADVANCED_FACE('',(#863),#888,.T.);
#863 = FACE_BOUND('',#864,.T.);
#864 = EDGE_LOOP('',(#865,#866,#874,#882));
#865 = ORIENTED_EDGE('',*,*,#844,.T.);
#866 = ORIENTED_EDGE('',*,*,#867,.T.);
#867 = EDGE_CURVE('',#837,#868,#870,.T.);
#868 = VERTEX_POINT('',#869);
#869 = CARTESIAN_POINT('',(178.344638,-80.245652,1.545));
#870 = LINE('',#871,#872);
#871 = CARTESIAN_POINT('',(178.336111,-80.20278,1.545));
#872 = VECTOR('',#873,1.);
#873 = DIRECTION('',(0.195073354716,-0.980788655256,0.));
#874 = ORIENTED_EDGE('',*,*,#875,.F.);
#875 = EDGE_CURVE('',#876,#868,#878,.T.);
#876 = VERTEX_POINT('',#877);
#877 = CARTESIAN_POINT('',(178.344638,-80.245652,1.51));
#878 = LINE('',#879,#880);
#879 = CARTESIAN_POINT('',(178.344638,-80.245652,1.51));
#880 = VECTOR('',#881,1.);
#881 = DIRECTION('',(0.,0.,1.));
#882 = ORIENTED_EDGE('',*,*,#883,.F.);
#883 = EDGE_CURVE('',#845,#876,#884,.T.);
#884 = LINE('',#885,#886);
#885 = CARTESIAN_POINT('',(178.336111,-80.20278,1.51));
#886 = VECTOR('',#887,1.);
#887 = DIRECTION('',(0.195073354716,-0.980788655256,0.));
#888 = PLANE('',#889);
#889 = AXIS2_PLACEMENT_3D('',#890,#891,#892);
#890 = CARTESIAN_POINT('',(178.336111,-80.20278,1.51));
#891 = DIRECTION('',(0.980788655256,0.195073354716,-0.));
#892 = DIRECTION('',(0.195073354716,-0.980788655256,0.));
#893 = ADVANCED_FACE('',(#894),#919,.T.);
#894 = FACE_BOUND('',#895,.T.);
#895 = EDGE_LOOP('',(#896,#897,#905,#913));
#896 = ORIENTED_EDGE('',*,*,#875,.T.);
#897 = ORIENTED_EDGE('',*,*,#898,.T.);
#898 = EDGE_CURVE('',#868,#899,#901,.T.);
#899 = VERTEX_POINT('',#900);
#900 = CARTESIAN_POINT('',(160.643388,-80.24743,1.545));
#901 = LINE('',#902,#903);
#902 = CARTESIAN_POINT('',(178.344638,-80.245652,1.545));
#903 = VECTOR('',#904,1.);
#904 = DIRECTION('',(-0.999999994955,-1.004448833285E-04,0.));
#905 = ORIENTED_EDGE('',*,*,#906,.F.);
#906 = EDGE_CURVE('',#907,#899,#909,.T.);
#907 = VERTEX_POINT('',#908);
#908 = CARTESIAN_POINT('',(160.643388,-80.24743,1.51));
#909 = LINE('',#910,#911);
#910 = CARTESIAN_POINT('',(160.643388,-80.24743,1.51));
#911 = VECTOR('',#912,1.);
#912 = DIRECTION('',(0.,0.,1.));
#913 = ORIENTED_EDGE('',*,*,#914,.F.);
#914 = EDGE_CURVE('',#876,#907,#915,.T.);
#915 = LINE('',#916,#917);
#916 = CARTESIAN_POINT('',(178.344638,-80.245652,1.51));
#917 = VECTOR('',#918,1.);
#918 = DIRECTION('',(-0.999999994955,-1.004448833285E-04,0.));
#919 = PLANE('',#920);
#920 = AXIS2_PLACEMENT_3D('',#921,#922,#923);
#921 = CARTESIAN_POINT('',(178.344638,-80.245652,1.51));
#922 = DIRECTION('',(1.004448833285E-04,-0.999999994955,0.));
#923 = DIRECTION('',(-0.999999994955,-1.004448833285E-04,0.));
#924 = ADVANCED_FACE('',(#925),#941,.T.);
#925 = FACE_BOUND('',#926,.T.);
#926 = EDGE_LOOP('',(#927,#928,#934,#935));
#927 = ORIENTED_EDGE('',*,*,#906,.T.);
#928 = ORIENTED_EDGE('',*,*,#929,.T.);
#929 = EDGE_CURVE('',#899,#705,#930,.T.);
#930 = LINE('',#931,#932);
#931 = CARTESIAN_POINT('',(160.643388,-80.24743,1.545));
#932 = VECTOR('',#933,1.);
#933 = DIRECTION('',(0.195126935289,0.98077799686,0.));
#934 = ORIENTED_EDGE('',*,*,#702,.F.);
#935 = ORIENTED_EDGE('',*,*,#936,.F.);
#936 = EDGE_CURVE('',#907,#703,#937,.T.);
#937 = LINE('',#938,#939);
#938 = CARTESIAN_POINT('',(160.643388,-80.24743,1.51));
#939 = VECTOR('',#940,1.);
#940 = DIRECTION('',(0.195126935289,0.98077799686,0.));
#941 = PLANE('',#942);
#942 = AXIS2_PLACEMENT_3D('',#943,#944,#945);
#943 = CARTESIAN_POINT('',(160.643388,-80.24743,1.51));
#944 = DIRECTION('',(-0.98077799686,0.195126935289,0.));
#945 = DIRECTION('',(0.195126935289,0.98077799686,0.));
#946 = ADVANCED_FACE('',(#947),#957,.F.);
#947 = FACE_BOUND('',#948,.T.);
#948 = EDGE_LOOP('',(#949,#950,#951,#952,#953,#954,#955,#956));
#949 = ORIENTED_EDGE('',*,*,#728,.T.);
#950 = ORIENTED_EDGE('',*,*,#759,.T.);
#951 = ORIENTED_EDGE('',*,*,#790,.T.);
#952 = ORIENTED_EDGE('',*,*,#821,.T.);
#953 = ORIENTED_EDGE('',*,*,#852,.T.);
#954 = ORIENTED_EDGE('',*,*,#883,.T.);
#955 = ORIENTED_EDGE('',*,*,#914,.T.);
#956 = ORIENTED_EDGE('',*,*,#936,.T.);
#957 = PLANE('',#958);
#958 = AXIS2_PLACEMENT_3D('',#959,#960,#961);
#959 = CARTESIAN_POINT('',(0.,0.,1.51));
#960 = DIRECTION('',(0.,0.,1.));
#961 = DIRECTION('',(1.,0.,-0.));
#962 = ADVANCED_FACE('',(#963),#973,.T.);
#963 = FACE_BOUND('',#964,.F.);
#964 = EDGE_LOOP('',(#965,#966,#967,#968,#969,#970,#971,#972));
#965 = ORIENTED_EDGE('',*,*,#712,.T.);
#966 = ORIENTED_EDGE('',*,*,#743,.T.);
#967 = ORIENTED_EDGE('',*,*,#774,.T.);
#968 = ORIENTED_EDGE('',*,*,#805,.T.);
#969 = ORIENTED_EDGE('',*,*,#836,.T.);
#970 = ORIENTED_EDGE('',*,*,#867,.T.);
#971 = ORIENTED_EDGE('',*,*,#898,.T.);
#972 = ORIENTED_EDGE('',*,*,#929,.T.);
#973 = PLANE('',#974);
#974 = AXIS2_PLACEMENT_3D('',#975,#976,#977);
#975 = CARTESIAN_POINT('',(0.,0.,1.545));
#976 = DIRECTION('',(0.,0.,1.));
#977 = DIRECTION('',(1.,0.,-0.));
#978 = MANIFOLD_SOLID_BREP('',#979);
#979 = CLOSED_SHELL('',(#980,#1020,#1051,#1082,#1115,#1146,#1168,#1182)
  );
#980 = ADVANCED_FACE('',(#981),#1015,.T.);
#981 = FACE_BOUND('',#982,.T.);
#982 = EDGE_LOOP('',(#983,#993,#1001,#1009));
#983 = ORIENTED_EDGE('',*,*,#984,.T.);
#984 = EDGE_CURVE('',#985,#987,#989,.T.);
#985 = VERTEX_POINT('',#986);
#986 = CARTESIAN_POINT('',(141.458889,-80.21728,1.51));
#987 = VERTEX_POINT('',#988);
#988 = CARTESIAN_POINT('',(141.458889,-80.21728,1.545));
#989 = LINE('',#990,#991);
#990 = CARTESIAN_POINT('',(141.458889,-80.21728,1.51));
#991 = VECTOR('',#992,1.);
#992 = DIRECTION('',(0.,0.,1.));
#993 = ORIENTED_EDGE('',*,*,#994,.T.);
#994 = EDGE_CURVE('',#987,#995,#997,.T.);
#995 = VERTEX_POINT('',#996);
#996 = CARTESIAN_POINT('',(141.458889,-80.072719,1.545));
#997 = LINE('',#998,#999);
#998 = CARTESIAN_POINT('',(141.458889,-80.21728,1.545));
#999 = VECTOR('',#1000,1.);
#1000 = DIRECTION('',(0.,1.,0.));
#1001 = ORIENTED_EDGE('',*,*,#1002,.F.);
#1002 = EDGE_CURVE('',#1003,#995,#1005,.T.);
#1003 = VERTEX_POINT('',#1004);
#1004 = CARTESIAN_POINT('',(141.458889,-80.072719,1.51));
#1005 = LINE('',#1006,#1007);
#1006 = CARTESIAN_POINT('',(141.458889,-80.072719,1.51));
#1007 = VECTOR('',#1008,1.);
#1008 = DIRECTION('',(0.,0.,1.));
#1009 = ORIENTED_EDGE('',*,*,#1010,.F.);
#1010 = EDGE_CURVE('',#985,#1003,#1011,.T.);
#1011 = LINE('',#1012,#1013);
#1012 = CARTESIAN_POINT('',(141.458889,-80.21728,1.51));
#1013 = VECTOR('',#1014,1.);
#1014 = DIRECTION('',(0.,1.,0.));
#1015 = PLANE('',#1016);
#1016 = AXIS2_PLACEMENT_3D('',#1017,#1018,#1019);
#1017 = CARTESIAN_POINT('',(141.458889,-80.21728,1.51));
#1018 = DIRECTION('',(-1.,0.,0.));
#1019 = DIRECTION('',(0.,1.,0.));
#1020 = ADVANCED_FACE('',(#1021),#1046,.T.);
#1021 = FACE_BOUND('',#1022,.T.);
#1022 = EDGE_LOOP('',(#1023,#1024,#1032,#1040));
#1023 = ORIENTED_EDGE('',*,*,#1002,.T.);
#1024 = ORIENTED_EDGE('',*,*,#1025,.T.);
#1025 = EDGE_CURVE('',#995,#1026,#1028,.T.);
#1026 = VERTEX_POINT('',#1027);
#1027 = CARTESIAN_POINT('',(141.453381,-80.045032,1.545));
#1028 = LINE('',#1029,#1030);
#1029 = CARTESIAN_POINT('',(141.458889,-80.072719,1.545));
#1030 = VECTOR('',#1031,1.);
#1031 = DIRECTION('',(-0.195114627563,0.980780445416,0.));
#1032 = ORIENTED_EDGE('',*,*,#1033,.F.);
#1033 = EDGE_CURVE('',#1034,#1026,#1036,.T.);
#1034 = VERTEX_POINT('',#1035);
#1035 = CARTESIAN_POINT('',(141.453381,-80.045032,1.51));
#1036 = LINE('',#1037,#1038);
#1037 = CARTESIAN_POINT('',(141.453381,-80.045032,1.51));
#1038 = VECTOR('',#1039,1.);
#1039 = DIRECTION('',(0.,0.,1.));
#1040 = ORIENTED_EDGE('',*,*,#1041,.F.);
#1041 = EDGE_CURVE('',#1003,#1034,#1042,.T.);
#1042 = LINE('',#1043,#1044);
#1043 = CARTESIAN_POINT('',(141.458889,-80.072719,1.51));
#1044 = VECTOR('',#1045,1.);
#1045 = DIRECTION('',(-0.195114627563,0.980780445416,0.));
#1046 = PLANE('',#1047);
#1047 = AXIS2_PLACEMENT_3D('',#1048,#1049,#1050);
#1048 = CARTESIAN_POINT('',(141.458889,-80.072719,1.51));
#1049 = DIRECTION('',(-0.980780445416,-0.195114627563,0.));
#1050 = DIRECTION('',(-0.195114627563,0.980780445416,0.));
#1051 = ADVANCED_FACE('',(#1052),#1077,.T.);
#1052 = FACE_BOUND('',#1053,.T.);
#1053 = EDGE_LOOP('',(#1054,#1055,#1063,#1071));
#1054 = ORIENTED_EDGE('',*,*,#1033,.T.);
#1055 = ORIENTED_EDGE('',*,*,#1056,.T.);
#1056 = EDGE_CURVE('',#1026,#1057,#1059,.T.);
#1057 = VERTEX_POINT('',#1058);
#1058 = CARTESIAN_POINT('',(159.186883,-80.046198,1.545));
#1059 = LINE('',#1060,#1061);
#1060 = CARTESIAN_POINT('',(141.453381,-80.045032,1.545));
#1061 = VECTOR('',#1062,1.);
#1062 = DIRECTION('',(0.999999997838,-6.575125417852E-05,0.));
#1063 = ORIENTED_EDGE('',*,*,#1064,.F.);
#1064 = EDGE_CURVE('',#1065,#1057,#1067,.T.);
#1065 = VERTEX_POINT('',#1066);
#1066 = CARTESIAN_POINT('',(159.186883,-80.046198,1.51));
#1067 = LINE('',#1068,#1069);
#1068 = CARTESIAN_POINT('',(159.186883,-80.046198,1.51));
#1069 = VECTOR('',#1070,1.);
#1070 = DIRECTION('',(0.,0.,1.));
#1071 = ORIENTED_EDGE('',*,*,#1072,.F.);
#1072 = EDGE_CURVE('',#1034,#1065,#1073,.T.);
#1073 = LINE('',#1074,#1075);
#1074 = CARTESIAN_POINT('',(141.453381,-80.045032,1.51));
#1075 = VECTOR('',#1076,1.);
#1076 = DIRECTION('',(0.999999997838,-6.575125417852E-05,0.));
#1077 = PLANE('',#1078);
#1078 = AXIS2_PLACEMENT_3D('',#1079,#1080,#1081);
#1079 = CARTESIAN_POINT('',(141.453381,-80.045032,1.51));
#1080 = DIRECTION('',(6.575125417852E-05,0.999999997838,-0.));
#1081 = DIRECTION('',(0.999999997838,-6.575125417852E-05,0.));
#1082 = ADVANCED_FACE('',(#1083),#1110,.F.);
#1083 = FACE_BOUND('',#1084,.T.);
#1084 = EDGE_LOOP('',(#1085,#1086,#1095,#1103));
#1085 = ORIENTED_EDGE('',*,*,#1064,.T.);
#1086 = ORIENTED_EDGE('',*,*,#1087,.T.);
#1087 = EDGE_CURVE('',#1057,#1088,#1090,.T.);
#1088 = VERTEX_POINT('',#1089);
#1089 = CARTESIAN_POINT('',(159.186115,-80.244938,1.545));
#1090 = CIRCLE('',#1091,0.443837375732);
#1091 = AXIS2_PLACEMENT_3D('',#1092,#1093,#1094);
#1092 = CARTESIAN_POINT('',(159.61906607865,-80.14723958859,1.545));
#1093 = DIRECTION('',(0.,0.,1.));
#1094 = DIRECTION('',(-0.973741965597,0.227654528696,0.));
#1095 = ORIENTED_EDGE('',*,*,#1096,.F.);
#1096 = EDGE_CURVE('',#1097,#1088,#1099,.T.);
#1097 = VERTEX_POINT('',#1098);
#1098 = CARTESIAN_POINT('',(159.186115,-80.244938,1.51));
#1099 = LINE('',#1100,#1101);
#1100 = CARTESIAN_POINT('',(159.186115,-80.244938,1.51));
#1101 = VECTOR('',#1102,1.);
#1102 = DIRECTION('',(0.,0.,1.));
#1103 = ORIENTED_EDGE('',*,*,#1104,.F.);
#1104 = EDGE_CURVE('',#1065,#1097,#1105,.T.);
#1105 = CIRCLE('',#1106,0.443837375732);
#1106 = AXIS2_PLACEMENT_3D('',#1107,#1108,#1109);
#1107 = CARTESIAN_POINT('',(159.61906607865,-80.14723958859,1.51));
#1108 = DIRECTION('',(0.,0.,1.));
#1109 = DIRECTION('',(-0.973741965597,0.227654528696,0.));
#1110 = CYLINDRICAL_SURFACE('',#1111,0.443837375732);
#1111 = AXIS2_PLACEMENT_3D('',#1112,#1113,#1114);
#1112 = CARTESIAN_POINT('',(159.61906607865,-80.14723958859,1.51));
#1113 = DIRECTION('',(-0.,-0.,-1.));
#1114 = DIRECTION('',(-0.973741965597,0.227654528696,0.));
#1115 = ADVANCED_FACE('',(#1116),#1141,.T.);
#1116 = FACE_BOUND('',#1117,.T.);
#1117 = EDGE_LOOP('',(#1118,#1119,#1127,#1135));
#1118 = ORIENTED_EDGE('',*,*,#1096,.T.);
#1119 = ORIENTED_EDGE('',*,*,#1120,.T.);
#1120 = EDGE_CURVE('',#1088,#1121,#1123,.T.);
#1121 = VERTEX_POINT('',#1122);
#1122 = CARTESIAN_POINT('',(141.453742,-80.243154,1.545));
#1123 = LINE('',#1124,#1125);
#1124 = CARTESIAN_POINT('',(159.186115,-80.244938,1.545));
#1125 = VECTOR('',#1126,1.);
#1126 = DIRECTION('',(-0.999999994939,1.006069515328E-04,0.));
#1127 = ORIENTED_EDGE('',*,*,#1128,.F.);
#1128 = EDGE_CURVE('',#1129,#1121,#1131,.T.);
#1129 = VERTEX_POINT('',#1130);
#1130 = CARTESIAN_POINT('',(141.453742,-80.243154,1.51));
#1131 = LINE('',#1132,#1133);
#1132 = CARTESIAN_POINT('',(141.453742,-80.243154,1.51));
#1133 = VECTOR('',#1134,1.);
#1134 = DIRECTION('',(0.,0.,1.));
#1135 = ORIENTED_EDGE('',*,*,#1136,.F.);
#1136 = EDGE_CURVE('',#1097,#1129,#1137,.T.);
#1137 = LINE('',#1138,#1139);
#1138 = CARTESIAN_POINT('',(159.186115,-80.244938,1.51));
#1139 = VECTOR('',#1140,1.);
#1140 = DIRECTION('',(-0.999999994939,1.006069515328E-04,0.));
#1141 = PLANE('',#1142);
#1142 = AXIS2_PLACEMENT_3D('',#1143,#1144,#1145);
#1143 = CARTESIAN_POINT('',(159.186115,-80.244938,1.51));
#1144 = DIRECTION('',(-1.006069515328E-04,-0.999999994939,0.));
#1145 = DIRECTION('',(-0.999999994939,1.006069515328E-04,0.));
#1146 = ADVANCED_FACE('',(#1147),#1163,.T.);
#1147 = FACE_BOUND('',#1148,.T.);
#1148 = EDGE_LOOP('',(#1149,#1150,#1156,#1157));
#1149 = ORIENTED_EDGE('',*,*,#1128,.T.);
#1150 = ORIENTED_EDGE('',*,*,#1151,.T.);
#1151 = EDGE_CURVE('',#1121,#987,#1152,.T.);
#1152 = LINE('',#1153,#1154);
#1153 = CARTESIAN_POINT('',(141.453742,-80.243154,1.545));
#1154 = VECTOR('',#1155,1.);
#1155 = DIRECTION('',(0.195102770839,0.980782804096,0.));
#1156 = ORIENTED_EDGE('',*,*,#984,.F.);
#1157 = ORIENTED_EDGE('',*,*,#1158,.F.);
#1158 = EDGE_CURVE('',#1129,#985,#1159,.T.);
#1159 = LINE('',#1160,#1161);
#1160 = CARTESIAN_POINT('',(141.453742,-80.243154,1.51));
#1161 = VECTOR('',#1162,1.);
#1162 = DIRECTION('',(0.195102770839,0.980782804096,0.));
#1163 = PLANE('',#1164);
#1164 = AXIS2_PLACEMENT_3D('',#1165,#1166,#1167);
#1165 = CARTESIAN_POINT('',(141.453742,-80.243154,1.51));
#1166 = DIRECTION('',(-0.980782804096,0.195102770839,0.));
#1167 = DIRECTION('',(0.195102770839,0.980782804096,0.));
#1168 = ADVANCED_FACE('',(#1169),#1177,.F.);
#1169 = FACE_BOUND('',#1170,.T.);
#1170 = EDGE_LOOP('',(#1171,#1172,#1173,#1174,#1175,#1176));
#1171 = ORIENTED_EDGE('',*,*,#1010,.T.);
#1172 = ORIENTED_EDGE('',*,*,#1041,.T.);
#1173 = ORIENTED_EDGE('',*,*,#1072,.T.);
#1174 = ORIENTED_EDGE('',*,*,#1104,.T.);
#1175 = ORIENTED_EDGE('',*,*,#1136,.T.);
#1176 = ORIENTED_EDGE('',*,*,#1158,.T.);
#1177 = PLANE('',#1178);
#1178 = AXIS2_PLACEMENT_3D('',#1179,#1180,#1181);
#1179 = CARTESIAN_POINT('',(0.,0.,1.51));
#1180 = DIRECTION('',(0.,0.,1.));
#1181 = DIRECTION('',(1.,0.,-0.));
#1182 = ADVANCED_FACE('',(#1183),#1191,.T.);
#1183 = FACE_BOUND('',#1184,.F.);
#1184 = EDGE_LOOP('',(#1185,#1186,#1187,#1188,#1189,#1190));
#1185 = ORIENTED_EDGE('',*,*,#994,.T.);
#1186 = ORIENTED_EDGE('',*,*,#1025,.T.);
#1187 = ORIENTED_EDGE('',*,*,#1056,.T.);
#1188 = ORIENTED_EDGE('',*,*,#1087,.T.);
#1189 = ORIENTED_EDGE('',*,*,#1120,.T.);
#1190 = ORIENTED_EDGE('',*,*,#1151,.T.);
#1191 = PLANE('',#1192);
#1192 = AXIS2_PLACEMENT_3D('',#1193,#1194,#1195);
#1193 = CARTESIAN_POINT('',(0.,0.,1.545));
#1194 = DIRECTION('',(0.,0.,1.));
#1195 = DIRECTION('',(1.,0.,-0.));
#1196 = MANIFOLD_SOLID_BREP('',#1197);
#1197 = CLOSED_SHELL('',(#1198,#1238,#1269,#1300,#1331,#1362,#1393,#1424
    ,#1455,#1486,#1517,#1550,#1581,#1612,#1643,#1674,#1705,#1736,#1767,
    #1798,#1829,#1860,#1891,#1922,#1953,#1984,#2006,#2040));
#1198 = ADVANCED_FACE('',(#1199),#1233,.T.);
#1199 = FACE_BOUND('',#1200,.T.);
#1200 = EDGE_LOOP('',(#1201,#1211,#1219,#1227));
#1201 = ORIENTED_EDGE('',*,*,#1202,.T.);
#1202 = EDGE_CURVE('',#1203,#1205,#1207,.T.);
#1203 = VERTEX_POINT('',#1204);
#1204 = CARTESIAN_POINT('',(142.952943,-60.870353,1.51));
#1205 = VERTEX_POINT('',#1206);
#1206 = CARTESIAN_POINT('',(142.952943,-60.870353,1.545));
#1207 = LINE('',#1208,#1209);
#1208 = CARTESIAN_POINT('',(142.952943,-60.870353,1.51));
#1209 = VECTOR('',#1210,1.);
#1210 = DIRECTION('',(0.,0.,1.));
#1211 = ORIENTED_EDGE('',*,*,#1212,.T.);
#1212 = EDGE_CURVE('',#1205,#1213,#1215,.T.);
#1213 = VERTEX_POINT('',#1214);
#1214 = CARTESIAN_POINT('',(142.988991,-60.855421,1.545));
#1215 = LINE('',#1216,#1217);
#1216 = CARTESIAN_POINT('',(142.952943,-60.870353,1.545));
#1217 = VECTOR('',#1218,1.);
#1218 = DIRECTION('',(0.923875640631,0.38269282806,0.));
#1219 = ORIENTED_EDGE('',*,*,#1220,.F.);
#1220 = EDGE_CURVE('',#1221,#1213,#1223,.T.);
#1221 = VERTEX_POINT('',#1222);
#1222 = CARTESIAN_POINT('',(142.988991,-60.855421,1.51));
#1223 = LINE('',#1224,#1225);
#1224 = CARTESIAN_POINT('',(142.988991,-60.855421,1.51));
#1225 = VECTOR('',#1226,1.);
#1226 = DIRECTION('',(0.,0.,1.));
#1227 = ORIENTED_EDGE('',*,*,#1228,.F.);
#1228 = EDGE_CURVE('',#1203,#1221,#1229,.T.);
#1229 = LINE('',#1230,#1231);
#1230 = CARTESIAN_POINT('',(142.952943,-60.870353,1.51));
#1231 = VECTOR('',#1232,1.);
#1232 = DIRECTION('',(0.923875640631,0.38269282806,0.));
#1233 = PLANE('',#1234);
#1234 = AXIS2_PLACEMENT_3D('',#1235,#1236,#1237);
#1235 = CARTESIAN_POINT('',(142.952943,-60.870353,1.51));
#1236 = DIRECTION('',(-0.38269282806,0.923875640631,0.));
#1237 = DIRECTION('',(0.923875640631,0.38269282806,0.));
#1238 = ADVANCED_FACE('',(#1239),#1264,.T.);
#1239 = FACE_BOUND('',#1240,.T.);
#1240 = EDGE_LOOP('',(#1241,#1242,#1250,#1258));
#1241 = ORIENTED_EDGE('',*,*,#1220,.T.);
#1242 = ORIENTED_EDGE('',*,*,#1243,.T.);
#1243 = EDGE_CURVE('',#1213,#1244,#1246,.T.);
#1244 = VERTEX_POINT('',#1245);
#1245 = CARTESIAN_POINT('',(159.291243,-60.855421,1.545));
#1246 = LINE('',#1247,#1248);
#1247 = CARTESIAN_POINT('',(142.988991,-60.855421,1.545));
#1248 = VECTOR('',#1249,1.);
#1249 = DIRECTION('',(1.,0.,0.));
#1250 = ORIENTED_EDGE('',*,*,#1251,.F.);
#1251 = EDGE_CURVE('',#1252,#1244,#1254,.T.);
#1252 = VERTEX_POINT('',#1253);
#1253 = CARTESIAN_POINT('',(159.291243,-60.855421,1.51));
#1254 = LINE('',#1255,#1256);
#1255 = CARTESIAN_POINT('',(159.291243,-60.855421,1.51));
#1256 = VECTOR('',#1257,1.);
#1257 = DIRECTION('',(0.,0.,1.));
#1258 = ORIENTED_EDGE('',*,*,#1259,.F.);
#1259 = EDGE_CURVE('',#1221,#1252,#1260,.T.);
#1260 = LINE('',#1261,#1262);
#1261 = CARTESIAN_POINT('',(142.988991,-60.855421,1.51));
#1262 = VECTOR('',#1263,1.);
#1263 = DIRECTION('',(1.,0.,0.));
#1264 = PLANE('',#1265);
#1265 = AXIS2_PLACEMENT_3D('',#1266,#1267,#1268);
#1266 = CARTESIAN_POINT('',(142.988991,-60.855421,1.51));
#1267 = DIRECTION('',(0.,1.,0.));
#1268 = DIRECTION('',(1.,0.,0.));
#1269 = ADVANCED_FACE('',(#1270),#1295,.T.);
#1270 = FACE_BOUND('',#1271,.T.);
#1271 = EDGE_LOOP('',(#1272,#1273,#1281,#1289));
#1272 = ORIENTED_EDGE('',*,*,#1251,.T.);
#1273 = ORIENTED_EDGE('',*,*,#1274,.T.);
#1274 = EDGE_CURVE('',#1244,#1275,#1277,.T.);
#1275 = VERTEX_POINT('',#1276);
#1276 = CARTESIAN_POINT('',(159.286111,-60.881219,1.545));
#1277 = LINE('',#1278,#1279);
#1278 = CARTESIAN_POINT('',(159.291243,-60.855421,1.545));
#1279 = VECTOR('',#1280,1.);
#1280 = DIRECTION('',(-0.195107098702,-0.980781943164,0.));
#1281 = ORIENTED_EDGE('',*,*,#1282,.F.);
#1282 = EDGE_CURVE('',#1283,#1275,#1285,.T.);
#1283 = VERTEX_POINT('',#1284);
#1284 = CARTESIAN_POINT('',(159.286111,-60.881219,1.51));
#1285 = LINE('',#1286,#1287);
#1286 = CARTESIAN_POINT('',(159.286111,-60.881219,1.51));
#1287 = VECTOR('',#1288,1.);
#1288 = DIRECTION('',(0.,0.,1.));
#1289 = ORIENTED_EDGE('',*,*,#1290,.F.);
#1290 = EDGE_CURVE('',#1252,#1283,#1291,.T.);
#1291 = LINE('',#1292,#1293);
#1292 = CARTESIAN_POINT('',(159.291243,-60.855421,1.51));
#1293 = VECTOR('',#1294,1.);
#1294 = DIRECTION('',(-0.195107098702,-0.980781943164,0.));
#1295 = PLANE('',#1296);
#1296 = AXIS2_PLACEMENT_3D('',#1297,#1298,#1299);
#1297 = CARTESIAN_POINT('',(159.291243,-60.855421,1.51));
#1298 = DIRECTION('',(0.980781943164,-0.195107098702,0.));
#1299 = DIRECTION('',(-0.195107098702,-0.980781943164,0.));
#1300 = ADVANCED_FACE('',(#1301),#1326,.T.);
#1301 = FACE_BOUND('',#1302,.T.);
#1302 = EDGE_LOOP('',(#1303,#1304,#1312,#1320));
#1303 = ORIENTED_EDGE('',*,*,#1282,.T.);
#1304 = ORIENTED_EDGE('',*,*,#1305,.T.);
#1305 = EDGE_CURVE('',#1275,#1306,#1308,.T.);
#1306 = VERTEX_POINT('',#1307);
#1307 = CARTESIAN_POINT('',(159.286111,-61.02578,1.545));
#1308 = LINE('',#1309,#1310);
#1309 = CARTESIAN_POINT('',(159.286111,-60.881219,1.545));
#1310 = VECTOR('',#1311,1.);
#1311 = DIRECTION('',(0.,-1.,0.));
#1312 = ORIENTED_EDGE('',*,*,#1313,.F.);
#1313 = EDGE_CURVE('',#1314,#1306,#1316,.T.);
#1314 = VERTEX_POINT('',#1315);
#1315 = CARTESIAN_POINT('',(159.286111,-61.02578,1.51));
#1316 = LINE('',#1317,#1318);
#1317 = CARTESIAN_POINT('',(159.286111,-61.02578,1.51));
#1318 = VECTOR('',#1319,1.);
#1319 = DIRECTION('',(0.,0.,1.));
#1320 = ORIENTED_EDGE('',*,*,#1321,.F.);
#1321 = EDGE_CURVE('',#1283,#1314,#1322,.T.);
#1322 = LINE('',#1323,#1324);
#1323 = CARTESIAN_POINT('',(159.286111,-60.881219,1.51));
#1324 = VECTOR('',#1325,1.);
#1325 = DIRECTION('',(0.,-1.,0.));
#1326 = PLANE('',#1327);
#1327 = AXIS2_PLACEMENT_3D('',#1328,#1329,#1330);
#1328 = CARTESIAN_POINT('',(159.286111,-60.881219,1.51));
#1329 = DIRECTION('',(1.,0.,-0.));
#1330 = DIRECTION('',(0.,-1.,0.));
#1331 = ADVANCED_FACE('',(#1332),#1357,.T.);
#1332 = FACE_BOUND('',#1333,.T.);
#1333 = EDGE_LOOP('',(#1334,#1335,#1343,#1351));
#1334 = ORIENTED_EDGE('',*,*,#1313,.T.);
#1335 = ORIENTED_EDGE('',*,*,#1336,.T.);
#1336 = EDGE_CURVE('',#1306,#1337,#1339,.T.);
#1337 = VERTEX_POINT('',#1338);
#1338 = CARTESIAN_POINT('',(159.291259,-61.051663,1.545));
#1339 = LINE('',#1340,#1341);
#1340 = CARTESIAN_POINT('',(159.286111,-61.02578,1.545));
#1341 = VECTOR('',#1342,1.);
#1342 = DIRECTION('',(0.195073962632,-0.980788534345,0.));
#1343 = ORIENTED_EDGE('',*,*,#1344,.F.);
#1344 = EDGE_CURVE('',#1345,#1337,#1347,.T.);
#1345 = VERTEX_POINT('',#1346);
#1346 = CARTESIAN_POINT('',(159.291259,-61.051663,1.51));
#1347 = LINE('',#1348,#1349);
#1348 = CARTESIAN_POINT('',(159.291259,-61.051663,1.51));
#1349 = VECTOR('',#1350,1.);
#1350 = DIRECTION('',(0.,0.,1.));
#1351 = ORIENTED_EDGE('',*,*,#1352,.F.);
#1352 = EDGE_CURVE('',#1314,#1345,#1353,.T.);
#1353 = LINE('',#1354,#1355);
#1354 = CARTESIAN_POINT('',(159.286111,-61.02578,1.51));
#1355 = VECTOR('',#1356,1.);
#1356 = DIRECTION('',(0.195073962632,-0.980788534345,0.));
#1357 = PLANE('',#1358);
#1358 = AXIS2_PLACEMENT_3D('',#1359,#1360,#1361);
#1359 = CARTESIAN_POINT('',(159.286111,-61.02578,1.51));
#1360 = DIRECTION('',(0.980788534345,0.195073962632,-0.));
#1361 = DIRECTION('',(0.195073962632,-0.980788534345,0.));
#1362 = ADVANCED_FACE('',(#1363),#1388,.T.);
#1363 = FACE_BOUND('',#1364,.T.);
#1364 = EDGE_LOOP('',(#1365,#1366,#1374,#1382));
#1365 = ORIENTED_EDGE('',*,*,#1344,.T.);
#1366 = ORIENTED_EDGE('',*,*,#1367,.T.);
#1367 = EDGE_CURVE('',#1337,#1368,#1370,.T.);
#1368 = VERTEX_POINT('',#1369);
#1369 = CARTESIAN_POINT('',(143.049922,-61.0535,1.545));
#1370 = LINE('',#1371,#1372);
#1371 = CARTESIAN_POINT('',(159.291259,-61.051663,1.545));
#1372 = VECTOR('',#1373,1.);
#1373 = DIRECTION('',(-0.999999993603,-1.131064510423E-04,0.));
#1374 = ORIENTED_EDGE('',*,*,#1375,.F.);
#1375 = EDGE_CURVE('',#1376,#1368,#1378,.T.);
#1376 = VERTEX_POINT('',#1377);
#1377 = CARTESIAN_POINT('',(143.049922,-61.0535,1.51));
#1378 = LINE('',#1379,#1380);
#1379 = CARTESIAN_POINT('',(143.049922,-61.0535,1.51));
#1380 = VECTOR('',#1381,1.);
#1381 = DIRECTION('',(0.,0.,1.));
#1382 = ORIENTED_EDGE('',*,*,#1383,.F.);
#1383 = EDGE_CURVE('',#1345,#1376,#1384,.T.);
#1384 = LINE('',#1385,#1386);
#1385 = CARTESIAN_POINT('',(159.291259,-61.051663,1.51));
#1386 = VECTOR('',#1387,1.);
#1387 = DIRECTION('',(-0.999999993603,-1.131064510423E-04,0.));
#1388 = PLANE('',#1389);
#1389 = AXIS2_PLACEMENT_3D('',#1390,#1391,#1392);
#1390 = CARTESIAN_POINT('',(159.291259,-61.051663,1.51));
#1391 = DIRECTION('',(1.131064510423E-04,-0.999999993603,0.));
#1392 = DIRECTION('',(-0.999999993603,-1.131064510423E-04,0.));
#1393 = ADVANCED_FACE('',(#1394),#1419,.T.);
#1394 = FACE_BOUND('',#1395,.T.);
#1395 = EDGE_LOOP('',(#1396,#1397,#1405,#1413));
#1396 = ORIENTED_EDGE('',*,*,#1375,.T.);
#1397 = ORIENTED_EDGE('',*,*,#1398,.T.);
#1398 = EDGE_CURVE('',#1368,#1399,#1401,.T.);
#1399 = VERTEX_POINT('',#1400);
#1400 = CARTESIAN_POINT('',(142.594,-61.509422,1.545));
#1401 = LINE('',#1402,#1403);
#1402 = CARTESIAN_POINT('',(143.049922,-61.0535,1.545));
#1403 = VECTOR('',#1404,1.);
#1404 = DIRECTION('',(-0.707106781187,-0.707106781187,0.));
#1405 = ORIENTED_EDGE('',*,*,#1406,.F.);
#1406 = EDGE_CURVE('',#1407,#1399,#1409,.T.);
#1407 = VERTEX_POINT('',#1408);
#1408 = CARTESIAN_POINT('',(142.594,-61.509422,1.51));
#1409 = LINE('',#1410,#1411);
#1410 = CARTESIAN_POINT('',(142.594,-61.509422,1.51));
#1411 = VECTOR('',#1412,1.);
#1412 = DIRECTION('',(0.,0.,1.));
#1413 = ORIENTED_EDGE('',*,*,#1414,.F.);
#1414 = EDGE_CURVE('',#1376,#1407,#1415,.T.);
#1415 = LINE('',#1416,#1417);
#1416 = CARTESIAN_POINT('',(143.049922,-61.0535,1.51));
#1417 = VECTOR('',#1418,1.);
#1418 = DIRECTION('',(-0.707106781187,-0.707106781187,0.));
#1419 = PLANE('',#1420);
#1420 = AXIS2_PLACEMENT_3D('',#1421,#1422,#1423);
#1421 = CARTESIAN_POINT('',(143.049922,-61.0535,1.51));
#1422 = DIRECTION('',(0.707106781187,-0.707106781187,0.));
#1423 = DIRECTION('',(-0.707106781187,-0.707106781187,0.));
#1424 = ADVANCED_FACE('',(#1425),#1450,.T.);
#1425 = FACE_BOUND('',#1426,.T.);
#1426 = EDGE_LOOP('',(#1427,#1428,#1436,#1444));
#1427 = ORIENTED_EDGE('',*,*,#1406,.T.);
#1428 = ORIENTED_EDGE('',*,*,#1429,.T.);
#1429 = EDGE_CURVE('',#1399,#1430,#1432,.T.);
#1430 = VERTEX_POINT('',#1431);
#1431 = CARTESIAN_POINT('',(142.594,-64.728578,1.545));
#1432 = LINE('',#1433,#1434);
#1433 = CARTESIAN_POINT('',(142.594,-61.509422,1.545));
#1434 = VECTOR('',#1435,1.);
#1435 = DIRECTION('',(0.,-1.,0.));
#1436 = ORIENTED_EDGE('',*,*,#1437,.F.);
#1437 = EDGE_CURVE('',#1438,#1430,#1440,.T.);
#1438 = VERTEX_POINT('',#1439);
#1439 = CARTESIAN_POINT('',(142.594,-64.728578,1.51));
#1440 = LINE('',#1441,#1442);
#1441 = CARTESIAN_POINT('',(142.594,-64.728578,1.51));
#1442 = VECTOR('',#1443,1.);
#1443 = DIRECTION('',(0.,0.,1.));
#1444 = ORIENTED_EDGE('',*,*,#1445,.F.);
#1445 = EDGE_CURVE('',#1407,#1438,#1446,.T.);
#1446 = LINE('',#1447,#1448);
#1447 = CARTESIAN_POINT('',(142.594,-61.509422,1.51));
#1448 = VECTOR('',#1449,1.);
#1449 = DIRECTION('',(0.,-1.,0.));
#1450 = PLANE('',#1451);
#1451 = AXIS2_PLACEMENT_3D('',#1452,#1453,#1454);
#1452 = CARTESIAN_POINT('',(142.594,-61.509422,1.51));
#1453 = DIRECTION('',(1.,0.,-0.));
#1454 = DIRECTION('',(0.,-1.,0.));
#1455 = ADVANCED_FACE('',(#1456),#1481,.T.);
#1456 = FACE_BOUND('',#1457,.T.);
#1457 = EDGE_LOOP('',(#1458,#1459,#1467,#1475));
#1458 = ORIENTED_EDGE('',*,*,#1437,.T.);
#1459 = ORIENTED_EDGE('',*,*,#1460,.T.);
#1460 = EDGE_CURVE('',#1430,#1461,#1463,.T.);
#1461 = VERTEX_POINT('',#1462);
#1462 = CARTESIAN_POINT('',(143.417921,-65.5525,1.545));
#1463 = LINE('',#1464,#1465);
#1464 = CARTESIAN_POINT('',(142.594,-64.728578,1.545));
#1465 = VECTOR('',#1466,1.);
#1466 = DIRECTION('',(0.707106352076,-0.707107210297,0.));
#1467 = ORIENTED_EDGE('',*,*,#1468,.F.);
#1468 = EDGE_CURVE('',#1469,#1461,#1471,.T.);
#1469 = VERTEX_POINT('',#1470);
#1470 = CARTESIAN_POINT('',(143.417921,-65.5525,1.51));
#1471 = LINE('',#1472,#1473);
#1472 = CARTESIAN_POINT('',(143.417921,-65.5525,1.51));
#1473 = VECTOR('',#1474,1.);
#1474 = DIRECTION('',(0.,0.,1.));
#1475 = ORIENTED_EDGE('',*,*,#1476,.F.);
#1476 = EDGE_CURVE('',#1438,#1469,#1477,.T.);
#1477 = LINE('',#1478,#1479);
#1478 = CARTESIAN_POINT('',(142.594,-64.728578,1.51));
#1479 = VECTOR('',#1480,1.);
#1480 = DIRECTION('',(0.707106352076,-0.707107210297,0.));
#1481 = PLANE('',#1482);
#1482 = AXIS2_PLACEMENT_3D('',#1483,#1484,#1485);
#1483 = CARTESIAN_POINT('',(142.594,-64.728578,1.51));
#1484 = DIRECTION('',(0.707107210297,0.707106352076,-0.));
#1485 = DIRECTION('',(0.707106352076,-0.707107210297,0.));
#1486 = ADVANCED_FACE('',(#1487),#1512,.T.);
#1487 = FACE_BOUND('',#1488,.T.);
#1488 = EDGE_LOOP('',(#1489,#1490,#1498,#1506));
#1489 = ORIENTED_EDGE('',*,*,#1468,.T.);
#1490 = ORIENTED_EDGE('',*,*,#1491,.T.);
#1491 = EDGE_CURVE('',#1461,#1492,#1494,.T.);
#1492 = VERTEX_POINT('',#1493);
#1493 = CARTESIAN_POINT('',(144.418509,-65.554421,1.545));
#1494 = LINE('',#1495,#1496);
#1495 = CARTESIAN_POINT('',(143.417921,-65.5525,1.545));
#1496 = VECTOR('',#1497,1.);
#1497 = DIRECTION('',(0.999998157053,-1.919867577572E-03,0.));
#1498 = ORIENTED_EDGE('',*,*,#1499,.F.);
#1499 = EDGE_CURVE('',#1500,#1492,#1502,.T.);
#1500 = VERTEX_POINT('',#1501);
#1501 = CARTESIAN_POINT('',(144.418509,-65.554421,1.51));
#1502 = LINE('',#1503,#1504);
#1503 = CARTESIAN_POINT('',(144.418509,-65.554421,1.51));
#1504 = VECTOR('',#1505,1.);
#1505 = DIRECTION('',(0.,0.,1.));
#1506 = ORIENTED_EDGE('',*,*,#1507,.F.);
#1507 = EDGE_CURVE('',#1469,#1500,#1508,.T.);
#1508 = LINE('',#1509,#1510);
#1509 = CARTESIAN_POINT('',(143.417921,-65.5525,1.51));
#1510 = VECTOR('',#1511,1.);
#1511 = DIRECTION('',(0.999998157053,-1.919867577572E-03,0.));
#1512 = PLANE('',#1513);
#1513 = AXIS2_PLACEMENT_3D('',#1514,#1515,#1516);
#1514 = CARTESIAN_POINT('',(143.417921,-65.5525,1.51));
#1515 = DIRECTION('',(1.919867577572E-03,0.999998157053,-0.));
#1516 = DIRECTION('',(0.999998157053,-1.919867577572E-03,0.));
#1517 = ADVANCED_FACE('',(#1518),#1545,.T.);
#1518 = FACE_BOUND('',#1519,.T.);
#1519 = EDGE_LOOP('',(#1520,#1521,#1530,#1538));
#1520 = ORIENTED_EDGE('',*,*,#1499,.T.);
#1521 = ORIENTED_EDGE('',*,*,#1522,.T.);
#1522 = EDGE_CURVE('',#1492,#1523,#1525,.T.);
#1523 = VERTEX_POINT('',#1524);
#1524 = CARTESIAN_POINT('',(144.497079,-65.632991,1.545));
#1525 = CIRCLE('',#1526,0.100002891901);
#1526 = AXIS2_PLACEMENT_3D('',#1527,#1528,#1529);
#1527 = CARTESIAN_POINT('',(144.39899792896,-65.65250207103,1.545));
#1528 = DIRECTION('',(0.,0.,-1.));
#1529 = DIRECTION('',(0.195105068116,0.980782347106,0.));
#1530 = ORIENTED_EDGE('',*,*,#1531,.F.);
#1531 = EDGE_CURVE('',#1532,#1523,#1534,.T.);
#1532 = VERTEX_POINT('',#1533);
#1533 = CARTESIAN_POINT('',(144.497079,-65.632991,1.51));
#1534 = LINE('',#1535,#1536);
#1535 = CARTESIAN_POINT('',(144.497079,-65.632991,1.51));
#1536 = VECTOR('',#1537,1.);
#1537 = DIRECTION('',(0.,0.,1.));
#1538 = ORIENTED_EDGE('',*,*,#1539,.F.);
#1539 = EDGE_CURVE('',#1500,#1532,#1540,.T.);
#1540 = CIRCLE('',#1541,0.100002891901);
#1541 = AXIS2_PLACEMENT_3D('',#1542,#1543,#1544);
#1542 = CARTESIAN_POINT('',(144.39899792896,-65.65250207103,1.51));
#1543 = DIRECTION('',(0.,0.,-1.));
#1544 = DIRECTION('',(0.195105068116,0.980782347106,0.));
#1545 = CYLINDRICAL_SURFACE('',#1546,0.100002891901);
#1546 = AXIS2_PLACEMENT_3D('',#1547,#1548,#1549);
#1547 = CARTESIAN_POINT('',(144.39899792896,-65.65250207103,1.51));
#1548 = DIRECTION('',(0.,0.,-1.));
#1549 = DIRECTION('',(0.195105068116,0.980782347106,0.));
#1550 = ADVANCED_FACE('',(#1551),#1576,.T.);
#1551 = FACE_BOUND('',#1552,.T.);
#1552 = EDGE_LOOP('',(#1553,#1554,#1562,#1570));
#1553 = ORIENTED_EDGE('',*,*,#1531,.T.);
#1554 = ORIENTED_EDGE('',*,*,#1555,.T.);
#1555 = EDGE_CURVE('',#1523,#1556,#1558,.T.);
#1556 = VERTEX_POINT('',#1557);
#1557 = CARTESIAN_POINT('',(144.497079,-76.490509,1.545));
#1558 = LINE('',#1559,#1560);
#1559 = CARTESIAN_POINT('',(144.497079,-65.632991,1.545));
#1560 = VECTOR('',#1561,1.);
#1561 = DIRECTION('',(0.,-1.,0.));
#1562 = ORIENTED_EDGE('',*,*,#1563,.F.);
#1563 = EDGE_CURVE('',#1564,#1556,#1566,.T.);
#1564 = VERTEX_POINT('',#1565);
#1565 = CARTESIAN_POINT('',(144.497079,-76.490509,1.51));
#1566 = LINE('',#1567,#1568);
#1567 = CARTESIAN_POINT('',(144.497079,-76.490509,1.51));
#1568 = VECTOR('',#1569,1.);
#1569 = DIRECTION('',(0.,0.,1.));
#1570 = ORIENTED_EDGE('',*,*,#1571,.F.);
#1571 = EDGE_CURVE('',#1532,#1564,#1572,.T.);
#1572 = LINE('',#1573,#1574);
#1573 = CARTESIAN_POINT('',(144.497079,-65.632991,1.51));
#1574 = VECTOR('',#1575,1.);
#1575 = DIRECTION('',(0.,-1.,0.));
#1576 = PLANE('',#1577);
#1577 = AXIS2_PLACEMENT_3D('',#1578,#1579,#1580);
#1578 = CARTESIAN_POINT('',(144.497079,-65.632991,1.51));
#1579 = DIRECTION('',(1.,0.,-0.));
#1580 = DIRECTION('',(0.,-1.,0.));
#1581 = ADVANCED_FACE('',(#1582),#1607,.T.);
#1582 = FACE_BOUND('',#1583,.T.);
#1583 = EDGE_LOOP('',(#1584,#1585,#1593,#1601));
#1584 = ORIENTED_EDGE('',*,*,#1563,.T.);
#1585 = ORIENTED_EDGE('',*,*,#1586,.T.);
#1586 = EDGE_CURVE('',#1556,#1587,#1589,.T.);
#1587 = VERTEX_POINT('',#1588);
#1588 = CARTESIAN_POINT('',(144.482148,-76.526557,1.545));
#1589 = LINE('',#1590,#1591);
#1590 = CARTESIAN_POINT('',(144.497079,-76.490509,1.545));
#1591 = VECTOR('',#1592,1.);
#1592 = DIRECTION('',(-0.382670952169,-0.923884701879,0.));
#1593 = ORIENTED_EDGE('',*,*,#1594,.F.);
#1594 = EDGE_CURVE('',#1595,#1587,#1597,.T.);
#1595 = VERTEX_POINT('',#1596);
#1596 = CARTESIAN_POINT('',(144.482148,-76.526557,1.51));
#1597 = LINE('',#1598,#1599);
#1598 = CARTESIAN_POINT('',(144.482148,-76.526557,1.51));
#1599 = VECTOR('',#1600,1.);
#1600 = DIRECTION('',(0.,0.,1.));
#1601 = ORIENTED_EDGE('',*,*,#1602,.F.);
#1602 = EDGE_CURVE('',#1564,#1595,#1603,.T.);
#1603 = LINE('',#1604,#1605);
#1604 = CARTESIAN_POINT('',(144.497079,-76.490509,1.51));
#1605 = VECTOR('',#1606,1.);
#1606 = DIRECTION('',(-0.382670952169,-0.923884701879,0.));
#1607 = PLANE('',#1608);
#1608 = AXIS2_PLACEMENT_3D('',#1609,#1610,#1611);
#1609 = CARTESIAN_POINT('',(144.497079,-76.490509,1.51));
#1610 = DIRECTION('',(0.923884701879,-0.382670952169,0.));
#1611 = DIRECTION('',(-0.382670952169,-0.923884701879,0.));
#1612 = ADVANCED_FACE('',(#1613),#1638,.T.);
#1613 = FACE_BOUND('',#1614,.T.);
#1614 = EDGE_LOOP('',(#1615,#1616,#1624,#1632));
#1615 = ORIENTED_EDGE('',*,*,#1594,.T.);
#1616 = ORIENTED_EDGE('',*,*,#1617,.T.);
#1617 = EDGE_CURVE('',#1587,#1618,#1620,.T.);
#1618 = VERTEX_POINT('',#1619);
#1619 = CARTESIAN_POINT('',(141.310643,-79.700512,1.545));
#1620 = LINE('',#1621,#1622);
#1621 = CARTESIAN_POINT('',(144.482148,-76.526557,1.545));
#1622 = VECTOR('',#1623,1.);
#1623 = DIRECTION('',(-0.706833712579,-0.707379744382,0.));
#1624 = ORIENTED_EDGE('',*,*,#1625,.F.);
#1625 = EDGE_CURVE('',#1626,#1618,#1628,.T.);
#1626 = VERTEX_POINT('',#1627);
#1627 = CARTESIAN_POINT('',(141.310643,-79.700512,1.51));
#1628 = LINE('',#1629,#1630);
#1629 = CARTESIAN_POINT('',(141.310643,-79.700512,1.51));
#1630 = VECTOR('',#1631,1.);
#1631 = DIRECTION('',(0.,0.,1.));
#1632 = ORIENTED_EDGE('',*,*,#1633,.F.);
#1633 = EDGE_CURVE('',#1595,#1626,#1634,.T.);
#1634 = LINE('',#1635,#1636);
#1635 = CARTESIAN_POINT('',(144.482148,-76.526557,1.51));
#1636 = VECTOR('',#1637,1.);
#1637 = DIRECTION('',(-0.706833712579,-0.707379744382,0.));
#1638 = PLANE('',#1639);
#1639 = AXIS2_PLACEMENT_3D('',#1640,#1641,#1642);
#1640 = CARTESIAN_POINT('',(144.482148,-76.526557,1.51));
#1641 = DIRECTION('',(0.707379744382,-0.706833712579,0.));
#1642 = DIRECTION('',(-0.706833712579,-0.707379744382,0.));
#1643 = ADVANCED_FACE('',(#1644),#1669,.T.);
#1644 = FACE_BOUND('',#1645,.T.);
#1645 = EDGE_LOOP('',(#1646,#1647,#1655,#1663));
#1646 = ORIENTED_EDGE('',*,*,#1625,.T.);
#1647 = ORIENTED_EDGE('',*,*,#1648,.T.);
#1648 = EDGE_CURVE('',#1618,#1649,#1651,.T.);
#1649 = VERTEX_POINT('',#1650);
#1650 = CARTESIAN_POINT('',(141.295049,-79.677174,1.545));
#1651 = LINE('',#1652,#1653);
#1652 = CARTESIAN_POINT('',(141.310643,-79.700512,1.545));
#1653 = VECTOR('',#1654,1.);
#1654 = DIRECTION('',(-0.555571389382,0.831468839644,0.));
#1655 = ORIENTED_EDGE('',*,*,#1656,.F.);
#1656 = EDGE_CURVE('',#1657,#1649,#1659,.T.);
#1657 = VERTEX_POINT('',#1658);
#1658 = CARTESIAN_POINT('',(141.295049,-79.677174,1.51));
#1659 = LINE('',#1660,#1661);
#1660 = CARTESIAN_POINT('',(141.295049,-79.677174,1.51));
#1661 = VECTOR('',#1662,1.);
#1662 = DIRECTION('',(0.,0.,1.));
#1663 = ORIENTED_EDGE('',*,*,#1664,.F.);
#1664 = EDGE_CURVE('',#1626,#1657,#1665,.T.);
#1665 = LINE('',#1666,#1667);
#1666 = CARTESIAN_POINT('',(141.310643,-79.700512,1.51));
#1667 = VECTOR('',#1668,1.);
#1668 = DIRECTION('',(-0.555571389382,0.831468839644,0.));
#1669 = PLANE('',#1670);
#1670 = AXIS2_PLACEMENT_3D('',#1671,#1672,#1673);
#1671 = CARTESIAN_POINT('',(141.310643,-79.700512,1.51));
#1672 = DIRECTION('',(-0.831468839644,-0.555571389382,0.));
#1673 = DIRECTION('',(-0.555571389382,0.831468839644,0.));
#1674 = ADVANCED_FACE('',(#1675),#1700,.T.);
#1675 = FACE_BOUND('',#1676,.T.);
#1676 = EDGE_LOOP('',(#1677,#1678,#1686,#1694));
#1677 = ORIENTED_EDGE('',*,*,#1656,.T.);
#1678 = ORIENTED_EDGE('',*,*,#1679,.T.);
#1679 = EDGE_CURVE('',#1649,#1680,#1682,.T.);
#1680 = VERTEX_POINT('',#1681);
#1681 = CARTESIAN_POINT('',(141.192825,-79.57495,1.545));
#1682 = LINE('',#1683,#1684);
#1683 = CARTESIAN_POINT('',(141.295049,-79.677174,1.545));
#1684 = VECTOR('',#1685,1.);
#1685 = DIRECTION('',(-0.707106781187,0.707106781186,0.));
#1686 = ORIENTED_EDGE('',*,*,#1687,.F.);
#1687 = EDGE_CURVE('',#1688,#1680,#1690,.T.);
#1688 = VERTEX_POINT('',#1689);
#1689 = CARTESIAN_POINT('',(141.192825,-79.57495,1.51));
#1690 = LINE('',#1691,#1692);
#1691 = CARTESIAN_POINT('',(141.192825,-79.57495,1.51));
#1692 = VECTOR('',#1693,1.);
#1693 = DIRECTION('',(0.,0.,1.));
#1694 = ORIENTED_EDGE('',*,*,#1695,.F.);
#1695 = EDGE_CURVE('',#1657,#1688,#1696,.T.);
#1696 = LINE('',#1697,#1698);
#1697 = CARTESIAN_POINT('',(141.295049,-79.677174,1.51));
#1698 = VECTOR('',#1699,1.);
#1699 = DIRECTION('',(-0.707106781187,0.707106781186,0.));
#1700 = PLANE('',#1701);
#1701 = AXIS2_PLACEMENT_3D('',#1702,#1703,#1704);
#1702 = CARTESIAN_POINT('',(141.295049,-79.677174,1.51));
#1703 = DIRECTION('',(-0.707106781186,-0.707106781187,0.));
#1704 = DIRECTION('',(-0.707106781187,0.707106781186,0.));
#1705 = ADVANCED_FACE('',(#1706),#1731,.T.);
#1706 = FACE_BOUND('',#1707,.T.);
#1707 = EDGE_LOOP('',(#1708,#1709,#1717,#1725));
#1708 = ORIENTED_EDGE('',*,*,#1687,.T.);
#1709 = ORIENTED_EDGE('',*,*,#1710,.T.);
#1710 = EDGE_CURVE('',#1680,#1711,#1713,.T.);
#1711 = VERTEX_POINT('',#1712);
#1712 = CARTESIAN_POINT('',(141.170721,-79.560181,1.545));
#1713 = LINE('',#1714,#1715);
#1714 = CARTESIAN_POINT('',(141.192825,-79.57495,1.545));
#1715 = VECTOR('',#1716,1.);
#1716 = DIRECTION('',(-0.831476921045,0.555559294558,0.));
#1717 = ORIENTED_EDGE('',*,*,#1718,.F.);
#1718 = EDGE_CURVE('',#1719,#1711,#1721,.T.);
#1719 = VERTEX_POINT('',#1720);
#1720 = CARTESIAN_POINT('',(141.170721,-79.560181,1.51));
#1721 = LINE('',#1722,#1723);
#1722 = CARTESIAN_POINT('',(141.170721,-79.560181,1.51));
#1723 = VECTOR('',#1724,1.);
#1724 = DIRECTION('',(0.,0.,1.));
#1725 = ORIENTED_EDGE('',*,*,#1726,.F.);
#1726 = EDGE_CURVE('',#1688,#1719,#1727,.T.);
#1727 = LINE('',#1728,#1729);
#1728 = CARTESIAN_POINT('',(141.192825,-79.57495,1.51));
#1729 = VECTOR('',#1730,1.);
#1730 = DIRECTION('',(-0.831476921045,0.555559294558,0.));
#1731 = PLANE('',#1732);
#1732 = AXIS2_PLACEMENT_3D('',#1733,#1734,#1735);
#1733 = CARTESIAN_POINT('',(141.192825,-79.57495,1.51));
#1734 = DIRECTION('',(-0.555559294558,-0.831476921045,0.));
#1735 = DIRECTION('',(-0.831476921045,0.555559294558,0.));
#1736 = ADVANCED_FACE('',(#1737),#1762,.T.);
#1737 = FACE_BOUND('',#1738,.T.);
#1738 = EDGE_LOOP('',(#1739,#1740,#1748,#1756));
#1739 = ORIENTED_EDGE('',*,*,#1718,.T.);
#1740 = ORIENTED_EDGE('',*,*,#1741,.T.);
#1741 = EDGE_CURVE('',#1711,#1742,#1744,.T.);
#1742 = VERTEX_POINT('',#1743);
#1743 = CARTESIAN_POINT('',(144.299,-76.429578,1.545));
#1744 = LINE('',#1745,#1746);
#1745 = CARTESIAN_POINT('',(141.170721,-79.560181,1.545));
#1746 = VECTOR('',#1747,1.);
#1747 = DIRECTION('',(0.706844174999,0.707369289883,0.));
#1748 = ORIENTED_EDGE('',*,*,#1749,.F.);
#1749 = EDGE_CURVE('',#1750,#1742,#1752,.T.);
#1750 = VERTEX_POINT('',#1751);
#1751 = CARTESIAN_POINT('',(144.299,-76.429578,1.51));
#1752 = LINE('',#1753,#1754);
#1753 = CARTESIAN_POINT('',(144.299,-76.429578,1.51));
#1754 = VECTOR('',#1755,1.);
#1755 = DIRECTION('',(0.,0.,1.));
#1756 = ORIENTED_EDGE('',*,*,#1757,.F.);
#1757 = EDGE_CURVE('',#1719,#1750,#1758,.T.);
#1758 = LINE('',#1759,#1760);
#1759 = CARTESIAN_POINT('',(141.170721,-79.560181,1.51));
#1760 = VECTOR('',#1761,1.);
#1761 = DIRECTION('',(0.706844174999,0.707369289883,0.));
#1762 = PLANE('',#1763);
#1763 = AXIS2_PLACEMENT_3D('',#1764,#1765,#1766);
#1764 = CARTESIAN_POINT('',(141.170721,-79.560181,1.51));
#1765 = DIRECTION('',(-0.707369289883,0.706844174999,0.));
#1766 = DIRECTION('',(0.706844174999,0.707369289883,0.));
#1767 = ADVANCED_FACE('',(#1768),#1793,.T.);
#1768 = FACE_BOUND('',#1769,.T.);
#1769 = EDGE_LOOP('',(#1770,#1771,#1779,#1787));
#1770 = ORIENTED_EDGE('',*,*,#1749,.T.);
#1771 = ORIENTED_EDGE('',*,*,#1772,.T.);
#1772 = EDGE_CURVE('',#1742,#1773,#1775,.T.);
#1773 = VERTEX_POINT('',#1774);
#1774 = CARTESIAN_POINT('',(144.299,-65.7525,1.545));
#1775 = LINE('',#1776,#1777);
#1776 = CARTESIAN_POINT('',(144.299,-76.429578,1.545));
#1777 = VECTOR('',#1778,1.);
#1778 = DIRECTION('',(0.,1.,0.));
#1779 = ORIENTED_EDGE('',*,*,#1780,.F.);
#1780 = EDGE_CURVE('',#1781,#1773,#1783,.T.);
#1781 = VERTEX_POINT('',#1782);
#1782 = CARTESIAN_POINT('',(144.299,-65.7525,1.51));
#1783 = LINE('',#1784,#1785);
#1784 = CARTESIAN_POINT('',(144.299,-65.7525,1.51));
#1785 = VECTOR('',#1786,1.);
#1786 = DIRECTION('',(0.,0.,1.));
#1787 = ORIENTED_EDGE('',*,*,#1788,.F.);
#1788 = EDGE_CURVE('',#1750,#1781,#1789,.T.);
#1789 = LINE('',#1790,#1791);
#1790 = CARTESIAN_POINT('',(144.299,-76.429578,1.51));
#1791 = VECTOR('',#1792,1.);
#1792 = DIRECTION('',(0.,1.,0.));
#1793 = PLANE('',#1794);
#1794 = AXIS2_PLACEMENT_3D('',#1795,#1796,#1797);
#1795 = CARTESIAN_POINT('',(144.299,-76.429578,1.51));
#1796 = DIRECTION('',(-1.,0.,0.));
#1797 = DIRECTION('',(0.,1.,0.));
#1798 = ADVANCED_FACE('',(#1799),#1824,.T.);
#1799 = FACE_BOUND('',#1800,.T.);
#1800 = EDGE_LOOP('',(#1801,#1802,#1810,#1818));
#1801 = ORIENTED_EDGE('',*,*,#1780,.T.);
#1802 = ORIENTED_EDGE('',*,*,#1803,.T.);
#1803 = EDGE_CURVE('',#1773,#1804,#1806,.T.);
#1804 = VERTEX_POINT('',#1805);
#1805 = CARTESIAN_POINT('',(143.356991,-65.750579,1.545));
#1806 = LINE('',#1807,#1808);
#1807 = CARTESIAN_POINT('',(144.299,-65.7525,1.545));
#1808 = VECTOR('',#1809,1.);
#1809 = DIRECTION('',(-0.999997920719,2.039254408075E-03,0.));
#1810 = ORIENTED_EDGE('',*,*,#1811,.F.);
#1811 = EDGE_CURVE('',#1812,#1804,#1814,.T.);
#1812 = VERTEX_POINT('',#1813);
#1813 = CARTESIAN_POINT('',(143.356991,-65.750579,1.51));
#1814 = LINE('',#1815,#1816);
#1815 = CARTESIAN_POINT('',(143.356991,-65.750579,1.51));
#1816 = VECTOR('',#1817,1.);
#1817 = DIRECTION('',(0.,0.,1.));
#1818 = ORIENTED_EDGE('',*,*,#1819,.F.);
#1819 = EDGE_CURVE('',#1781,#1812,#1820,.T.);
#1820 = LINE('',#1821,#1822);
#1821 = CARTESIAN_POINT('',(144.299,-65.7525,1.51));
#1822 = VECTOR('',#1823,1.);
#1823 = DIRECTION('',(-0.999997920719,2.039254408075E-03,0.));
#1824 = PLANE('',#1825);
#1825 = AXIS2_PLACEMENT_3D('',#1826,#1827,#1828);
#1826 = CARTESIAN_POINT('',(144.299,-65.7525,1.51));
#1827 = DIRECTION('',(-2.039254408075E-03,-0.999997920719,0.));
#1828 = DIRECTION('',(-0.999997920719,2.039254408075E-03,0.));
#1829 = ADVANCED_FACE('',(#1830),#1855,.T.);
#1830 = FACE_BOUND('',#1831,.T.);
#1831 = EDGE_LOOP('',(#1832,#1833,#1841,#1849));
#1832 = ORIENTED_EDGE('',*,*,#1811,.T.);
#1833 = ORIENTED_EDGE('',*,*,#1834,.T.);
#1834 = EDGE_CURVE('',#1804,#1835,#1837,.T.);
#1835 = VERTEX_POINT('',#1836);
#1836 = CARTESIAN_POINT('',(143.320942,-65.735647,1.545));
#1837 = LINE('',#1838,#1839);
#1838 = CARTESIAN_POINT('',(143.356991,-65.750579,1.545));
#1839 = VECTOR('',#1840,1.);
#1840 = DIRECTION('',(-0.923879393968,0.382683766838,0.));
#1841 = ORIENTED_EDGE('',*,*,#1842,.F.);
#1842 = EDGE_CURVE('',#1843,#1835,#1845,.T.);
#1843 = VERTEX_POINT('',#1844);
#1844 = CARTESIAN_POINT('',(143.320942,-65.735647,1.51));
#1845 = LINE('',#1846,#1847);
#1846 = CARTESIAN_POINT('',(143.320942,-65.735647,1.51));
#1847 = VECTOR('',#1848,1.);
#1848 = DIRECTION('',(0.,0.,1.));
#1849 = ORIENTED_EDGE('',*,*,#1850,.F.);
#1850 = EDGE_CURVE('',#1812,#1843,#1851,.T.);
#1851 = LINE('',#1852,#1853);
#1852 = CARTESIAN_POINT('',(143.356991,-65.750579,1.51));
#1853 = VECTOR('',#1854,1.);
#1854 = DIRECTION('',(-0.923879393968,0.382683766838,0.));
#1855 = PLANE('',#1856);
#1856 = AXIS2_PLACEMENT_3D('',#1857,#1858,#1859);
#1857 = CARTESIAN_POINT('',(143.356991,-65.750579,1.51));
#1858 = DIRECTION('',(-0.382683766838,-0.923879393968,0.));
#1859 = DIRECTION('',(-0.923879393968,0.382683766838,0.));
#1860 = ADVANCED_FACE('',(#1861),#1886,.T.);
#1861 = FACE_BOUND('',#1862,.T.);
#1862 = EDGE_LOOP('',(#1863,#1864,#1872,#1880));
#1863 = ORIENTED_EDGE('',*,*,#1842,.T.);
#1864 = ORIENTED_EDGE('',*,*,#1865,.T.);
#1865 = EDGE_CURVE('',#1835,#1866,#1868,.T.);
#1866 = VERTEX_POINT('',#1867);
#1867 = CARTESIAN_POINT('',(142.410853,-64.825557,1.545));
#1868 = LINE('',#1869,#1870);
#1869 = CARTESIAN_POINT('',(143.320942,-65.735647,1.545));
#1870 = VECTOR('',#1871,1.);
#1871 = DIRECTION('',(-0.707106392704,0.707107169668,0.));
#1872 = ORIENTED_EDGE('',*,*,#1873,.F.);
#1873 = EDGE_CURVE('',#1874,#1866,#1876,.T.);
#1874 = VERTEX_POINT('',#1875);
#1875 = CARTESIAN_POINT('',(142.410853,-64.825557,1.51));
#1876 = LINE('',#1877,#1878);
#1877 = CARTESIAN_POINT('',(142.410853,-64.825557,1.51));
#1878 = VECTOR('',#1879,1.);
#1879 = DIRECTION('',(0.,0.,1.));
#1880 = ORIENTED_EDGE('',*,*,#1881,.F.);
#1881 = EDGE_CURVE('',#1843,#1874,#1882,.T.);
#1882 = LINE('',#1883,#1884);
#1883 = CARTESIAN_POINT('',(143.320942,-65.735647,1.51));
#1884 = VECTOR('',#1885,1.);
#1885 = DIRECTION('',(-0.707106392704,0.707107169668,0.));
#1886 = PLANE('',#1887);
#1887 = AXIS2_PLACEMENT_3D('',#1888,#1889,#1890);
#1888 = CARTESIAN_POINT('',(143.320942,-65.735647,1.51));
#1889 = DIRECTION('',(-0.707107169668,-0.707106392704,0.));
#1890 = DIRECTION('',(-0.707106392704,0.707107169668,0.));
#1891 = ADVANCED_FACE('',(#1892),#1917,.T.);
#1892 = FACE_BOUND('',#1893,.T.);
#1893 = EDGE_LOOP('',(#1894,#1895,#1903,#1911));
#1894 = ORIENTED_EDGE('',*,*,#1873,.T.);
#1895 = ORIENTED_EDGE('',*,*,#1896,.T.);
#1896 = EDGE_CURVE('',#1866,#1897,#1899,.T.);
#1897 = VERTEX_POINT('',#1898);
#1898 = CARTESIAN_POINT('',(142.395921,-64.789509,1.545));
#1899 = LINE('',#1900,#1901);
#1900 = CARTESIAN_POINT('',(142.410853,-64.825557,1.545));
#1901 = VECTOR('',#1902,1.);
#1902 = DIRECTION('',(-0.38269282806,0.923875640631,0.));
#1903 = ORIENTED_EDGE('',*,*,#1904,.F.);
#1904 = EDGE_CURVE('',#1905,#1897,#1907,.T.);
#1905 = VERTEX_POINT('',#1906);
#1906 = CARTESIAN_POINT('',(142.395921,-64.789509,1.51));
#1907 = LINE('',#1908,#1909);
#1908 = CARTESIAN_POINT('',(142.395921,-64.789509,1.51));
#1909 = VECTOR('',#1910,1.);
#1910 = DIRECTION('',(0.,0.,1.));
#1911 = ORIENTED_EDGE('',*,*,#1912,.F.);
#1912 = EDGE_CURVE('',#1874,#1905,#1913,.T.);
#1913 = LINE('',#1914,#1915);
#1914 = CARTESIAN_POINT('',(142.410853,-64.825557,1.51));
#1915 = VECTOR('',#1916,1.);
#1916 = DIRECTION('',(-0.38269282806,0.923875640631,0.));
#1917 = PLANE('',#1918);
#1918 = AXIS2_PLACEMENT_3D('',#1919,#1920,#1921);
#1919 = CARTESIAN_POINT('',(142.410853,-64.825557,1.51));
#1920 = DIRECTION('',(-0.923875640631,-0.38269282806,0.));
#1921 = DIRECTION('',(-0.38269282806,0.923875640631,0.));
#1922 = ADVANCED_FACE('',(#1923),#1948,.T.);
#1923 = FACE_BOUND('',#1924,.T.);
#1924 = EDGE_LOOP('',(#1925,#1926,#1934,#1942));
#1925 = ORIENTED_EDGE('',*,*,#1904,.T.);
#1926 = ORIENTED_EDGE('',*,*,#1927,.T.);
#1927 = EDGE_CURVE('',#1897,#1928,#1930,.T.);
#1928 = VERTEX_POINT('',#1929);
#1929 = CARTESIAN_POINT('',(142.395921,-61.448491,1.545));
#1930 = LINE('',#1931,#1932);
#1931 = CARTESIAN_POINT('',(142.395921,-64.789509,1.545));
#1932 = VECTOR('',#1933,1.);
#1933 = DIRECTION('',(0.,1.,0.));
#1934 = ORIENTED_EDGE('',*,*,#1935,.F.);
#1935 = EDGE_CURVE('',#1936,#1928,#1938,.T.);
#1936 = VERTEX_POINT('',#1937);
#1937 = CARTESIAN_POINT('',(142.395921,-61.448491,1.51));
#1938 = LINE('',#1939,#1940);
#1939 = CARTESIAN_POINT('',(142.395921,-61.448491,1.51));
#1940 = VECTOR('',#1941,1.);
#1941 = DIRECTION('',(0.,0.,1.));
#1942 = ORIENTED_EDGE('',*,*,#1943,.F.);
#1943 = EDGE_CURVE('',#1905,#1936,#1944,.T.);
#1944 = LINE('',#1945,#1946);
#1945 = CARTESIAN_POINT('',(142.395921,-64.789509,1.51));
#1946 = VECTOR('',#1947,1.);
#1947 = DIRECTION('',(0.,1.,0.));
#1948 = PLANE('',#1949);
#1949 = AXIS2_PLACEMENT_3D('',#1950,#1951,#1952);
#1950 = CARTESIAN_POINT('',(142.395921,-64.789509,1.51));
#1951 = DIRECTION('',(-1.,0.,0.));
#1952 = DIRECTION('',(0.,1.,0.));
#1953 = ADVANCED_FACE('',(#1954),#1979,.T.);
#1954 = FACE_BOUND('',#1955,.T.);
#1955 = EDGE_LOOP('',(#1956,#1957,#1965,#1973));
#1956 = ORIENTED_EDGE('',*,*,#1935,.T.);
#1957 = ORIENTED_EDGE('',*,*,#1958,.T.);
#1958 = EDGE_CURVE('',#1928,#1959,#1961,.T.);
#1959 = VERTEX_POINT('',#1960);
#1960 = CARTESIAN_POINT('',(142.410853,-61.412443,1.545));
#1961 = LINE('',#1962,#1963);
#1962 = CARTESIAN_POINT('',(142.395921,-61.448491,1.545));
#1963 = VECTOR('',#1964,1.);
#1964 = DIRECTION('',(0.38269282806,0.923875640631,0.));
#1965 = ORIENTED_EDGE('',*,*,#1966,.F.);
#1966 = EDGE_CURVE('',#1967,#1959,#1969,.T.);
#1967 = VERTEX_POINT('',#1968);
#1968 = CARTESIAN_POINT('',(142.410853,-61.412443,1.51));
#1969 = LINE('',#1970,#1971);
#1970 = CARTESIAN_POINT('',(142.410853,-61.412443,1.51));
#1971 = VECTOR('',#1972,1.);
#1972 = DIRECTION('',(0.,0.,1.));
#1973 = ORIENTED_EDGE('',*,*,#1974,.F.);
#1974 = EDGE_CURVE('',#1936,#1967,#1975,.T.);
#1975 = LINE('',#1976,#1977);
#1976 = CARTESIAN_POINT('',(142.395921,-61.448491,1.51));
#1977 = VECTOR('',#1978,1.);
#1978 = DIRECTION('',(0.38269282806,0.923875640631,0.));
#1979 = PLANE('',#1980);
#1980 = AXIS2_PLACEMENT_3D('',#1981,#1982,#1983);
#1981 = CARTESIAN_POINT('',(142.395921,-61.448491,1.51));
#1982 = DIRECTION('',(-0.923875640631,0.38269282806,0.));
#1983 = DIRECTION('',(0.38269282806,0.923875640631,0.));
#1984 = ADVANCED_FACE('',(#1985),#2001,.T.);
#1985 = FACE_BOUND('',#1986,.T.);
#1986 = EDGE_LOOP('',(#1987,#1988,#1994,#1995));
#1987 = ORIENTED_EDGE('',*,*,#1966,.T.);
#1988 = ORIENTED_EDGE('',*,*,#1989,.T.);
#1989 = EDGE_CURVE('',#1959,#1205,#1990,.T.);
#1990 = LINE('',#1991,#1992);
#1991 = CARTESIAN_POINT('',(142.410853,-61.412443,1.545));
#1992 = VECTOR('',#1993,1.);
#1993 = DIRECTION('',(0.707106781187,0.707106781187,0.));
#1994 = ORIENTED_EDGE('',*,*,#1202,.F.);
#1995 = ORIENTED_EDGE('',*,*,#1996,.F.);
#1996 = EDGE_CURVE('',#1967,#1203,#1997,.T.);
#1997 = LINE('',#1998,#1999);
#1998 = CARTESIAN_POINT('',(142.410853,-61.412443,1.51));
#1999 = VECTOR('',#2000,1.);
#2000 = DIRECTION('',(0.707106781187,0.707106781187,0.));
#2001 = PLANE('',#2002);
#2002 = AXIS2_PLACEMENT_3D('',#2003,#2004,#2005);
#2003 = CARTESIAN_POINT('',(142.410853,-61.412443,1.51));
#2004 = DIRECTION('',(-0.707106781187,0.707106781187,0.));
#2005 = DIRECTION('',(0.707106781187,0.707106781187,0.));
#2006 = ADVANCED_FACE('',(#2007),#2035,.F.);
#2007 = FACE_BOUND('',#2008,.T.);
#2008 = EDGE_LOOP('',(#2009,#2010,#2011,#2012,#2013,#2014,#2015,#2016,
    #2017,#2018,#2019,#2020,#2021,#2022,#2023,#2024,#2025,#2026,#2027,
    #2028,#2029,#2030,#2031,#2032,#2033,#2034));
#2009 = ORIENTED_EDGE('',*,*,#1228,.T.);
#2010 = ORIENTED_EDGE('',*,*,#1259,.T.);
#2011 = ORIENTED_EDGE('',*,*,#1290,.T.);
#2012 = ORIENTED_EDGE('',*,*,#1321,.T.);
#2013 = ORIENTED_EDGE('',*,*,#1352,.T.);
#2014 = ORIENTED_EDGE('',*,*,#1383,.T.);
#2015 = ORIENTED_EDGE('',*,*,#1414,.T.);
#2016 = ORIENTED_EDGE('',*,*,#1445,.T.);
#2017 = ORIENTED_EDGE('',*,*,#1476,.T.);
#2018 = ORIENTED_EDGE('',*,*,#1507,.T.);
#2019 = ORIENTED_EDGE('',*,*,#1539,.T.);
#2020 = ORIENTED_EDGE('',*,*,#1571,.T.);
#2021 = ORIENTED_EDGE('',*,*,#1602,.T.);
#2022 = ORIENTED_EDGE('',*,*,#1633,.T.);
#2023 = ORIENTED_EDGE('',*,*,#1664,.T.);
#2024 = ORIENTED_EDGE('',*,*,#1695,.T.);
#2025 = ORIENTED_EDGE('',*,*,#1726,.T.);
#2026 = ORIENTED_EDGE('',*,*,#1757,.T.);
#2027 = ORIENTED_EDGE('',*,*,#1788,.T.);
#2028 = ORIENTED_EDGE('',*,*,#1819,.T.);
#2029 = ORIENTED_EDGE('',*,*,#1850,.T.);
#2030 = ORIENTED_EDGE('',*,*,#1881,.T.);
#2031 = ORIENTED_EDGE('',*,*,#1912,.T.);
#2032 = ORIENTED_EDGE('',*,*,#1943,.T.);
#2033 = ORIENTED_EDGE('',*,*,#1974,.T.);
#2034 = ORIENTED_EDGE('',*,*,#1996,.T.);
#2035 = PLANE('',#2036);
#2036 = AXIS2_PLACEMENT_3D('',#2037,#2038,#2039);
#2037 = CARTESIAN_POINT('',(0.,0.,1.51));
#2038 = DIRECTION('',(0.,0.,1.));
#2039 = DIRECTION('',(1.,0.,-0.));
#2040 = ADVANCED_FACE('',(#2041),#2069,.T.);
#2041 = FACE_BOUND('',#2042,.F.);
#2042 = EDGE_LOOP('',(#2043,#2044,#2045,#2046,#2047,#2048,#2049,#2050,
    #2051,#2052,#2053,#2054,#2055,#2056,#2057,#2058,#2059,#2060,#2061,
    #2062,#2063,#2064,#2065,#2066,#2067,#2068));
#2043 = ORIENTED_EDGE('',*,*,#1212,.T.);
#2044 = ORIENTED_EDGE('',*,*,#1243,.T.);
#2045 = ORIENTED_EDGE('',*,*,#1274,.T.);
#2046 = ORIENTED_EDGE('',*,*,#1305,.T.);
#2047 = ORIENTED_EDGE('',*,*,#1336,.T.);
#2048 = ORIENTED_EDGE('',*,*,#1367,.T.);
#2049 = ORIENTED_EDGE('',*,*,#1398,.T.);
#2050 = ORIENTED_EDGE('',*,*,#1429,.T.);
#2051 = ORIENTED_EDGE('',*,*,#1460,.T.);
#2052 = ORIENTED_EDGE('',*,*,#1491,.T.);
#2053 = ORIENTED_EDGE('',*,*,#1522,.T.);
#2054 = ORIENTED_EDGE('',*,*,#1555,.T.);
#2055 = ORIENTED_EDGE('',*,*,#1586,.T.);
#2056 = ORIENTED_EDGE('',*,*,#1617,.T.);
#2057 = ORIENTED_EDGE('',*,*,#1648,.T.);
#2058 = ORIENTED_EDGE('',*,*,#1679,.T.);
#2059 = ORIENTED_EDGE('',*,*,#1710,.T.);
#2060 = ORIENTED_EDGE('',*,*,#1741,.T.);
#2061 = ORIENTED_EDGE('',*,*,#1772,.T.);
#2062 = ORIENTED_EDGE('',*,*,#1803,.T.);
#2063 = ORIENTED_EDGE('',*,*,#1834,.T.);
#2064 = ORIENTED_EDGE('',*,*,#1865,.T.);
#2065 = ORIENTED_EDGE('',*,*,#1896,.T.);
#2066 = ORIENTED_EDGE('',*,*,#1927,.T.);
#2067 = ORIENTED_EDGE('',*,*,#1958,.T.);
#2068 = ORIENTED_EDGE('',*,*,#1989,.T.);
#2069 = PLANE('',#2070);
#2070 = AXIS2_PLACEMENT_3D('',#2071,#2072,#2073);
#2071 = CARTESIAN_POINT('',(0.,0.,1.545));
#2072 = DIRECTION('',(0.,0.,1.));
#2073 = DIRECTION('',(1.,0.,-0.));
#2074 = MANIFOLD_SOLID_BREP('',#2075);
#2075 = CLOSED_SHELL('',(#2076,#2118,#2149,#2180,#2211,#2242,#2273,#2304
    ,#2335,#2366,#2388,#2406));
#2076 = ADVANCED_FACE('',(#2077),#2113,.T.);
#2077 = FACE_BOUND('',#2078,.T.);
#2078 = EDGE_LOOP('',(#2079,#2089,#2098,#2106));
#2079 = ORIENTED_EDGE('',*,*,#2080,.T.);
#2080 = EDGE_CURVE('',#2081,#2083,#2085,.T.);
#2081 = VERTEX_POINT('',#2082);
#2082 = CARTESIAN_POINT('',(182.852443,-65.301352,1.51));
#2083 = VERTEX_POINT('',#2084);
#2084 = CARTESIAN_POINT('',(182.852443,-65.301352,1.545));
#2085 = LINE('',#2086,#2087);
#2086 = CARTESIAN_POINT('',(182.852443,-65.301352,1.51));
#2087 = VECTOR('',#2088,1.);
#2088 = DIRECTION('',(0.,0.,1.));
#2089 = ORIENTED_EDGE('',*,*,#2090,.T.);
#2090 = EDGE_CURVE('',#2083,#2091,#2093,.T.);
#2091 = VERTEX_POINT('',#2092);
#2092 = CARTESIAN_POINT('',(182.991148,-65.440057,1.545));
#2093 = CIRCLE('',#2094,0.10000071281);
#2094 = AXIS2_PLACEMENT_3D('',#2095,#2096,#2097);
#2095 = CARTESIAN_POINT('',(182.9080005,-65.3844995,1.545));
#2096 = DIRECTION('',(0.,0.,-1.));
#2097 = DIRECTION('',(-0.555571039834,0.831469073206,0.));
#2098 = ORIENTED_EDGE('',*,*,#2099,.F.);
#2099 = EDGE_CURVE('',#2100,#2091,#2102,.T.);
#2100 = VERTEX_POINT('',#2101);
#2101 = CARTESIAN_POINT('',(182.991148,-65.440057,1.51));
#2102 = LINE('',#2103,#2104);
#2103 = CARTESIAN_POINT('',(182.991148,-65.440057,1.51));
#2104 = VECTOR('',#2105,1.);
#2105 = DIRECTION('',(0.,0.,1.));
#2106 = ORIENTED_EDGE('',*,*,#2107,.F.);
#2107 = EDGE_CURVE('',#2081,#2100,#2108,.T.);
#2108 = CIRCLE('',#2109,0.10000071281);
#2109 = AXIS2_PLACEMENT_3D('',#2110,#2111,#2112);
#2110 = CARTESIAN_POINT('',(182.9080005,-65.3844995,1.51));
#2111 = DIRECTION('',(0.,0.,-1.));
#2112 = DIRECTION('',(-0.555571039834,0.831469073206,0.));
#2113 = CYLINDRICAL_SURFACE('',#2114,0.10000071281);
#2114 = AXIS2_PLACEMENT_3D('',#2115,#2116,#2117);
#2115 = CARTESIAN_POINT('',(182.9080005,-65.3844995,1.51));
#2116 = DIRECTION('',(0.,0.,-1.));
#2117 = DIRECTION('',(-0.555571039834,0.831469073206,0.));
#2118 = ADVANCED_FACE('',(#2119),#2144,.T.);
#2119 = FACE_BOUND('',#2120,.T.);
#2120 = EDGE_LOOP('',(#2121,#2122,#2130,#2138));
#2121 = ORIENTED_EDGE('',*,*,#2099,.T.);
#2122 = ORIENTED_EDGE('',*,*,#2123,.T.);
#2123 = EDGE_CURVE('',#2091,#2124,#2126,.T.);
#2124 = VERTEX_POINT('',#2125);
#2125 = CARTESIAN_POINT('',(179.17,-69.263921,1.545));
#2126 = LINE('',#2127,#2128);
#2127 = CARTESIAN_POINT('',(182.991148,-65.440057,1.545));
#2128 = VECTOR('',#2129,1.);
#2129 = DIRECTION('',(-0.706855526769,-0.707357946359,0.));
#2130 = ORIENTED_EDGE('',*,*,#2131,.F.);
#2131 = EDGE_CURVE('',#2132,#2124,#2134,.T.);
#2132 = VERTEX_POINT('',#2133);
#2133 = CARTESIAN_POINT('',(179.17,-69.263921,1.51));
#2134 = LINE('',#2135,#2136);
#2135 = CARTESIAN_POINT('',(179.17,-69.263921,1.51));
#2136 = VECTOR('',#2137,1.);
#2137 = DIRECTION('',(0.,0.,1.));
#2138 = ORIENTED_EDGE('',*,*,#2139,.F.);
#2139 = EDGE_CURVE('',#2100,#2132,#2140,.T.);
#2140 = LINE('',#2141,#2142);
#2141 = CARTESIAN_POINT('',(182.991148,-65.440057,1.51));
#2142 = VECTOR('',#2143,1.);
#2143 = DIRECTION('',(-0.706855526769,-0.707357946359,0.));
#2144 = PLANE('',#2145);
#2145 = AXIS2_PLACEMENT_3D('',#2146,#2147,#2148);
#2146 = CARTESIAN_POINT('',(182.991148,-65.440057,1.51));
#2147 = DIRECTION('',(0.707357946359,-0.706855526769,0.));
#2148 = DIRECTION('',(-0.706855526769,-0.707357946359,0.));
#2149 = ADVANCED_FACE('',(#2150),#2175,.T.);
#2150 = FACE_BOUND('',#2151,.T.);
#2151 = EDGE_LOOP('',(#2152,#2153,#2161,#2169));
#2152 = ORIENTED_EDGE('',*,*,#2131,.T.);
#2153 = ORIENTED_EDGE('',*,*,#2154,.T.);
#2154 = EDGE_CURVE('',#2124,#2155,#2157,.T.);
#2155 = VERTEX_POINT('',#2156);
#2156 = CARTESIAN_POINT('',(179.168211,-79.401768,1.545));
#2157 = LINE('',#2158,#2159);
#2158 = CARTESIAN_POINT('',(179.17,-69.263921,1.545));
#2159 = VECTOR('',#2160,1.);
#2160 = DIRECTION('',(-1.764674464034E-04,-0.99999998443,0.));
#2161 = ORIENTED_EDGE('',*,*,#2162,.F.);
#2162 = EDGE_CURVE('',#2163,#2155,#2165,.T.);
#2163 = VERTEX_POINT('',#2164);
#2164 = CARTESIAN_POINT('',(179.168211,-79.401768,1.51));
#2165 = LINE('',#2166,#2167);
#2166 = CARTESIAN_POINT('',(179.168211,-79.401768,1.51));
#2167 = VECTOR('',#2168,1.);
#2168 = DIRECTION('',(0.,0.,1.));
#2169 = ORIENTED_EDGE('',*,*,#2170,.F.);
#2170 = EDGE_CURVE('',#2132,#2163,#2171,.T.);
#2171 = LINE('',#2172,#2173);
#2172 = CARTESIAN_POINT('',(179.17,-69.263921,1.51));
#2173 = VECTOR('',#2174,1.);
#2174 = DIRECTION('',(-1.764674464034E-04,-0.99999998443,0.));
#2175 = PLANE('',#2176);
#2176 = AXIS2_PLACEMENT_3D('',#2177,#2178,#2179);
#2177 = CARTESIAN_POINT('',(179.17,-69.263921,1.51));
#2178 = DIRECTION('',(0.99999998443,-1.764674464034E-04,0.));
#2179 = DIRECTION('',(-1.764674464034E-04,-0.99999998443,0.));
#2180 = ADVANCED_FACE('',(#2181),#2206,.T.);
#2181 = FACE_BOUND('',#2182,.T.);
#2182 = EDGE_LOOP('',(#2183,#2184,#2192,#2200));
#2183 = ORIENTED_EDGE('',*,*,#2162,.T.);
#2184 = ORIENTED_EDGE('',*,*,#2185,.T.);
#2185 = EDGE_CURVE('',#2155,#2186,#2188,.T.);
#2186 = VERTEX_POINT('',#2187);
#2187 = CARTESIAN_POINT('',(179.141977,-79.39655,1.545));
#2188 = LINE('',#2189,#2190);
#2189 = CARTESIAN_POINT('',(179.168211,-79.401768,1.545));
#2190 = VECTOR('',#2191,1.);
#2191 = DIRECTION('',(-0.980787190675,0.195080718188,0.));
#2192 = ORIENTED_EDGE('',*,*,#2193,.F.);
#2193 = EDGE_CURVE('',#2194,#2186,#2196,.T.);
#2194 = VERTEX_POINT('',#2195);
#2195 = CARTESIAN_POINT('',(179.141977,-79.39655,1.51));
#2196 = LINE('',#2197,#2198);
#2197 = CARTESIAN_POINT('',(179.141977,-79.39655,1.51));
#2198 = VECTOR('',#2199,1.);
#2199 = DIRECTION('',(0.,0.,1.));
#2200 = ORIENTED_EDGE('',*,*,#2201,.F.);
#2201 = EDGE_CURVE('',#2163,#2194,#2202,.T.);
#2202 = LINE('',#2203,#2204);
#2203 = CARTESIAN_POINT('',(179.168211,-79.401768,1.51));
#2204 = VECTOR('',#2205,1.);
#2205 = DIRECTION('',(-0.980787190675,0.195080718188,0.));
#2206 = PLANE('',#2207);
#2207 = AXIS2_PLACEMENT_3D('',#2208,#2209,#2210);
#2208 = CARTESIAN_POINT('',(179.168211,-79.401768,1.51));
#2209 = DIRECTION('',(-0.195080718188,-0.980787190675,0.));
#2210 = DIRECTION('',(-0.980787190675,0.195080718188,0.));
#2211 = ADVANCED_FACE('',(#2212),#2237,.T.);
#2212 = FACE_BOUND('',#2213,.T.);
#2213 = EDGE_LOOP('',(#2214,#2215,#2223,#2231));
#2214 = ORIENTED_EDGE('',*,*,#2193,.T.);
#2215 = ORIENTED_EDGE('',*,*,#2216,.T.);
#2216 = EDGE_CURVE('',#2186,#2217,#2219,.T.);
#2217 = VERTEX_POINT('',#2218);
#2218 = CARTESIAN_POINT('',(179.07,-79.393015,1.545));
#2219 = LINE('',#2220,#2221);
#2220 = CARTESIAN_POINT('',(179.141977,-79.39655,1.545));
#2221 = VECTOR('',#2222,1.);
#2222 = DIRECTION('',(-0.998796138402,4.90537859212E-02,0.));
#2223 = ORIENTED_EDGE('',*,*,#2224,.F.);
#2224 = EDGE_CURVE('',#2225,#2217,#2227,.T.);
#2225 = VERTEX_POINT('',#2226);
#2226 = CARTESIAN_POINT('',(179.07,-79.393015,1.51));
#2227 = LINE('',#2228,#2229);
#2228 = CARTESIAN_POINT('',(179.07,-79.393015,1.51));
#2229 = VECTOR('',#2230,1.);
#2230 = DIRECTION('',(0.,0.,1.));
#2231 = ORIENTED_EDGE('',*,*,#2232,.F.);
#2232 = EDGE_CURVE('',#2194,#2225,#2233,.T.);
#2233 = LINE('',#2234,#2235);
#2234 = CARTESIAN_POINT('',(179.141977,-79.39655,1.51));
#2235 = VECTOR('',#2236,1.);
#2236 = DIRECTION('',(-0.998796138402,4.90537859212E-02,0.));
#2237 = PLANE('',#2238);
#2238 = AXIS2_PLACEMENT_3D('',#2239,#2240,#2241);
#2239 = CARTESIAN_POINT('',(179.141977,-79.39655,1.51));
#2240 = DIRECTION('',(-4.90537859212E-02,-0.998796138402,0.));
#2241 = DIRECTION('',(-0.998796138402,4.90537859212E-02,0.));
#2242 = ADVANCED_FACE('',(#2243),#2268,.T.);
#2243 = FACE_BOUND('',#2244,.T.);
#2244 = EDGE_LOOP('',(#2245,#2246,#2254,#2262));
#2245 = ORIENTED_EDGE('',*,*,#2224,.T.);
#2246 = ORIENTED_EDGE('',*,*,#2247,.T.);
#2247 = EDGE_CURVE('',#2217,#2248,#2250,.T.);
#2248 = VERTEX_POINT('',#2249);
#2249 = CARTESIAN_POINT('',(178.998022,-79.39655,1.545));
#2250 = LINE('',#2251,#2252);
#2251 = CARTESIAN_POINT('',(179.07,-79.393015,1.545));
#2252 = VECTOR('',#2253,1.);
#2253 = DIRECTION('',(-0.998796171792,-4.905310605025E-02,0.));
#2254 = ORIENTED_EDGE('',*,*,#2255,.F.);
#2255 = EDGE_CURVE('',#2256,#2248,#2258,.T.);
#2256 = VERTEX_POINT('',#2257);
#2257 = CARTESIAN_POINT('',(178.998022,-79.39655,1.51));
#2258 = LINE('',#2259,#2260);
#2259 = CARTESIAN_POINT('',(178.998022,-79.39655,1.51));
#2260 = VECTOR('',#2261,1.);
#2261 = DIRECTION('',(0.,0.,1.));
#2262 = ORIENTED_EDGE('',*,*,#2263,.F.);
#2263 = EDGE_CURVE('',#2225,#2256,#2264,.T.);
#2264 = LINE('',#2265,#2266);
#2265 = CARTESIAN_POINT('',(179.07,-79.393015,1.51));
#2266 = VECTOR('',#2267,1.);
#2267 = DIRECTION('',(-0.998796171792,-4.905310605025E-02,0.));
#2268 = PLANE('',#2269);
#2269 = AXIS2_PLACEMENT_3D('',#2270,#2271,#2272);
#2270 = CARTESIAN_POINT('',(179.07,-79.393015,1.51));
#2271 = DIRECTION('',(4.905310605025E-02,-0.998796171792,0.));
#2272 = DIRECTION('',(-0.998796171792,-4.905310605025E-02,0.));
#2273 = ADVANCED_FACE('',(#2274),#2299,.T.);
#2274 = FACE_BOUND('',#2275,.T.);
#2275 = EDGE_LOOP('',(#2276,#2277,#2285,#2293));
#2276 = ORIENTED_EDGE('',*,*,#2255,.T.);
#2277 = ORIENTED_EDGE('',*,*,#2278,.T.);
#2278 = EDGE_CURVE('',#2248,#2279,#2281,.T.);
#2279 = VERTEX_POINT('',#2280);
#2280 = CARTESIAN_POINT('',(178.970114,-79.402101,1.545));
#2281 = LINE('',#2282,#2283);
#2282 = CARTESIAN_POINT('',(178.998022,-79.39655,1.545));
#2283 = VECTOR('',#2284,1.);
#2284 = DIRECTION('',(-0.980786936924,-0.195081993939,0.));
#2285 = ORIENTED_EDGE('',*,*,#2286,.F.);
#2286 = EDGE_CURVE('',#2287,#2279,#2289,.T.);
#2287 = VERTEX_POINT('',#2288);
#2288 = CARTESIAN_POINT('',(178.970114,-79.402101,1.51));
#2289 = LINE('',#2290,#2291);
#2290 = CARTESIAN_POINT('',(178.970114,-79.402101,1.51));
#2291 = VECTOR('',#2292,1.);
#2292 = DIRECTION('',(0.,0.,1.));
#2293 = ORIENTED_EDGE('',*,*,#2294,.F.);
#2294 = EDGE_CURVE('',#2256,#2287,#2295,.T.);
#2295 = LINE('',#2296,#2297);
#2296 = CARTESIAN_POINT('',(178.998022,-79.39655,1.51));
#2297 = VECTOR('',#2298,1.);
#2298 = DIRECTION('',(-0.980786936924,-0.195081993939,0.));
#2299 = PLANE('',#2300);
#2300 = AXIS2_PLACEMENT_3D('',#2301,#2302,#2303);
#2301 = CARTESIAN_POINT('',(178.998022,-79.39655,1.51));
#2302 = DIRECTION('',(0.195081993939,-0.980786936924,0.));
#2303 = DIRECTION('',(-0.980786936924,-0.195081993939,0.));
#2304 = ADVANCED_FACE('',(#2305),#2330,.T.);
#2305 = FACE_BOUND('',#2306,.T.);
#2306 = EDGE_LOOP('',(#2307,#2308,#2316,#2324));
#2307 = ORIENTED_EDGE('',*,*,#2286,.T.);
#2308 = ORIENTED_EDGE('',*,*,#2309,.T.);
#2309 = EDGE_CURVE('',#2279,#2310,#2312,.T.);
#2310 = VERTEX_POINT('',#2311);
#2311 = CARTESIAN_POINT('',(178.971921,-69.202991,1.545));
#2312 = LINE('',#2313,#2314);
#2313 = CARTESIAN_POINT('',(178.970114,-79.402101,1.545));
#2314 = VECTOR('',#2315,1.);
#2315 = DIRECTION('',(1.771723191193E-04,0.999999984305,0.));
#2316 = ORIENTED_EDGE('',*,*,#2317,.F.);
#2317 = EDGE_CURVE('',#2318,#2310,#2320,.T.);
#2318 = VERTEX_POINT('',#2319);
#2319 = CARTESIAN_POINT('',(178.971921,-69.202991,1.51));
#2320 = LINE('',#2321,#2322);
#2321 = CARTESIAN_POINT('',(178.971921,-69.202991,1.51));
#2322 = VECTOR('',#2323,1.);
#2323 = DIRECTION('',(0.,0.,1.));
#2324 = ORIENTED_EDGE('',*,*,#2325,.F.);
#2325 = EDGE_CURVE('',#2287,#2318,#2326,.T.);
#2326 = LINE('',#2327,#2328);
#2327 = CARTESIAN_POINT('',(178.970114,-79.402101,1.51));
#2328 = VECTOR('',#2329,1.);
#2329 = DIRECTION('',(1.771723191193E-04,0.999999984305,0.));
#2330 = PLANE('',#2331);
#2331 = AXIS2_PLACEMENT_3D('',#2332,#2333,#2334);
#2332 = CARTESIAN_POINT('',(178.970114,-79.402101,1.51));
#2333 = DIRECTION('',(-0.999999984305,1.771723191193E-04,0.));
#2334 = DIRECTION('',(1.771723191193E-04,0.999999984305,0.));
#2335 = ADVANCED_FACE('',(#2336),#2361,.T.);
#2336 = FACE_BOUND('',#2337,.T.);
#2337 = EDGE_LOOP('',(#2338,#2339,#2347,#2355));
#2338 = ORIENTED_EDGE('',*,*,#2317,.T.);
#2339 = ORIENTED_EDGE('',*,*,#2340,.T.);
#2340 = EDGE_CURVE('',#2310,#2341,#2343,.T.);
#2341 = VERTEX_POINT('',#2342);
#2342 = CARTESIAN_POINT('',(178.986853,-69.166943,1.545));
#2343 = LINE('',#2344,#2345);
#2344 = CARTESIAN_POINT('',(178.971921,-69.202991,1.545));
#2345 = VECTOR('',#2346,1.);
#2346 = DIRECTION('',(0.38269282806,0.923875640631,0.));
#2347 = ORIENTED_EDGE('',*,*,#2348,.F.);
#2348 = EDGE_CURVE('',#2349,#2341,#2351,.T.);
#2349 = VERTEX_POINT('',#2350);
#2350 = CARTESIAN_POINT('',(178.986853,-69.166943,1.51));
#2351 = LINE('',#2352,#2353);
#2352 = CARTESIAN_POINT('',(178.986853,-69.166943,1.51));
#2353 = VECTOR('',#2354,1.);
#2354 = DIRECTION('',(0.,0.,1.));
#2355 = ORIENTED_EDGE('',*,*,#2356,.F.);
#2356 = EDGE_CURVE('',#2318,#2349,#2357,.T.);
#2357 = LINE('',#2358,#2359);
#2358 = CARTESIAN_POINT('',(178.971921,-69.202991,1.51));
#2359 = VECTOR('',#2360,1.);
#2360 = DIRECTION('',(0.38269282806,0.923875640631,0.));
#2361 = PLANE('',#2362);
#2362 = AXIS2_PLACEMENT_3D('',#2363,#2364,#2365);
#2363 = CARTESIAN_POINT('',(178.971921,-69.202991,1.51));
#2364 = DIRECTION('',(-0.923875640631,0.38269282806,0.));
#2365 = DIRECTION('',(0.38269282806,0.923875640631,0.));
#2366 = ADVANCED_FACE('',(#2367),#2383,.T.);
#2367 = FACE_BOUND('',#2368,.T.);
#2368 = EDGE_LOOP('',(#2369,#2370,#2376,#2377));
#2369 = ORIENTED_EDGE('',*,*,#2348,.T.);
#2370 = ORIENTED_EDGE('',*,*,#2371,.T.);
#2371 = EDGE_CURVE('',#2341,#2083,#2372,.T.);
#2372 = LINE('',#2373,#2374);
#2373 = CARTESIAN_POINT('',(178.986853,-69.166943,1.545));
#2374 = VECTOR('',#2375,1.);
#2375 = DIRECTION('',(0.707106689725,0.707106872648,0.));
#2376 = ORIENTED_EDGE('',*,*,#2080,.F.);
#2377 = ORIENTED_EDGE('',*,*,#2378,.F.);
#2378 = EDGE_CURVE('',#2349,#2081,#2379,.T.);
#2379 = LINE('',#2380,#2381);
#2380 = CARTESIAN_POINT('',(178.986853,-69.166943,1.51));
#2381 = VECTOR('',#2382,1.);
#2382 = DIRECTION('',(0.707106689725,0.707106872648,0.));
#2383 = PLANE('',#2384);
#2384 = AXIS2_PLACEMENT_3D('',#2385,#2386,#2387);
#2385 = CARTESIAN_POINT('',(178.986853,-69.166943,1.51));
#2386 = DIRECTION('',(-0.707106872648,0.707106689725,0.));
#2387 = DIRECTION('',(0.707106689725,0.707106872648,0.));
#2388 = ADVANCED_FACE('',(#2389),#2401,.F.);
#2389 = FACE_BOUND('',#2390,.T.);
#2390 = EDGE_LOOP('',(#2391,#2392,#2393,#2394,#2395,#2396,#2397,#2398,
    #2399,#2400));
#2391 = ORIENTED_EDGE('',*,*,#2107,.T.);
#2392 = ORIENTED_EDGE('',*,*,#2139,.T.);
#2393 = ORIENTED_EDGE('',*,*,#2170,.T.);
#2394 = ORIENTED_EDGE('',*,*,#2201,.T.);
#2395 = ORIENTED_EDGE('',*,*,#2232,.T.);
#2396 = ORIENTED_EDGE('',*,*,#2263,.T.);
#2397 = ORIENTED_EDGE('',*,*,#2294,.T.);
#2398 = ORIENTED_EDGE('',*,*,#2325,.T.);
#2399 = ORIENTED_EDGE('',*,*,#2356,.T.);
#2400 = ORIENTED_EDGE('',*,*,#2378,.T.);
#2401 = PLANE('',#2402);
#2402 = AXIS2_PLACEMENT_3D('',#2403,#2404,#2405);
#2403 = CARTESIAN_POINT('',(0.,0.,1.51));
#2404 = DIRECTION('',(0.,0.,1.));
#2405 = DIRECTION('',(1.,0.,-0.));
#2406 = ADVANCED_FACE('',(#2407),#2419,.T.);
#2407 = FACE_BOUND('',#2408,.F.);
#2408 = EDGE_LOOP('',(#2409,#2410,#2411,#2412,#2413,#2414,#2415,#2416,
    #2417,#2418));
#2409 = ORIENTED_EDGE('',*,*,#2090,.T.);
#2410 = ORIENTED_EDGE('',*,*,#2123,.T.);
#2411 = ORIENTED_EDGE('',*,*,#2154,.T.);
#2412 = ORIENTED_EDGE('',*,*,#2185,.T.);
#2413 = ORIENTED_EDGE('',*,*,#2216,.T.);
#2414 = ORIENTED_EDGE('',*,*,#2247,.T.);
#2415 = ORIENTED_EDGE('',*,*,#2278,.T.);
#2416 = ORIENTED_EDGE('',*,*,#2309,.T.);
#2417 = ORIENTED_EDGE('',*,*,#2340,.T.);
#2418 = ORIENTED_EDGE('',*,*,#2371,.T.);
#2419 = PLANE('',#2420);
#2420 = AXIS2_PLACEMENT_3D('',#2421,#2422,#2423);
#2421 = CARTESIAN_POINT('',(0.,0.,1.545));
#2422 = DIRECTION('',(0.,0.,1.));
#2423 = DIRECTION('',(1.,0.,-0.));
#2424 = MANIFOLD_SOLID_BREP('',#2425);
#2425 = CLOSED_SHELL('',(#2426,#2468,#2499,#2530,#2561,#2592,#2623,#2656
    ,#2687,#2718,#2740,#2758));
#2426 = ADVANCED_FACE('',(#2427),#2463,.T.);
#2427 = FACE_BOUND('',#2428,.T.);
#2428 = EDGE_LOOP('',(#2429,#2439,#2448,#2456));
#2429 = ORIENTED_EDGE('',*,*,#2430,.T.);
#2430 = EDGE_CURVE('',#2431,#2433,#2435,.T.);
#2431 = VERTEX_POINT('',#2432);
#2432 = CARTESIAN_POINT('',(182.852443,-63.551353,1.51));
#2433 = VERTEX_POINT('',#2434);
#2434 = CARTESIAN_POINT('',(182.852443,-63.551353,1.545));
#2435 = LINE('',#2436,#2437);
#2436 = CARTESIAN_POINT('',(182.852443,-63.551353,1.51));
#2437 = VECTOR('',#2438,1.);
#2438 = DIRECTION('',(0.,0.,1.));
#2439 = ORIENTED_EDGE('',*,*,#2440,.T.);
#2440 = EDGE_CURVE('',#2433,#2441,#2443,.T.);
#2441 = VERTEX_POINT('',#2442);
#2442 = CARTESIAN_POINT('',(182.991147,-63.690057,1.545));
#2443 = CIRCLE('',#2444,9.999988134243E-02);
#2444 = AXIS2_PLACEMENT_3D('',#2445,#2446,#2447);
#2445 = CARTESIAN_POINT('',(182.9080005,-63.6344995,1.545));
#2446 = DIRECTION('',(0.,0.,-1.));
#2447 = DIRECTION('',(-0.555575659233,0.831465986597,0.));
#2448 = ORIENTED_EDGE('',*,*,#2449,.F.);
#2449 = EDGE_CURVE('',#2450,#2441,#2452,.T.);
#2450 = VERTEX_POINT('',#2451);
#2451 = CARTESIAN_POINT('',(182.991147,-63.690057,1.51));
#2452 = LINE('',#2453,#2454);
#2453 = CARTESIAN_POINT('',(182.991147,-63.690057,1.51));
#2454 = VECTOR('',#2455,1.);
#2455 = DIRECTION('',(0.,0.,1.));
#2456 = ORIENTED_EDGE('',*,*,#2457,.F.);
#2457 = EDGE_CURVE('',#2431,#2450,#2458,.T.);
#2458 = CIRCLE('',#2459,9.999988134243E-02);
#2459 = AXIS2_PLACEMENT_3D('',#2460,#2461,#2462);
#2460 = CARTESIAN_POINT('',(182.9080005,-63.6344995,1.51));
#2461 = DIRECTION('',(0.,0.,-1.));
#2462 = DIRECTION('',(-0.555575659233,0.831465986597,0.));
#2463 = CYLINDRICAL_SURFACE('',#2464,9.999988134243E-02);
#2464 = AXIS2_PLACEMENT_3D('',#2465,#2466,#2467);
#2465 = CARTESIAN_POINT('',(182.9080005,-63.6344995,1.51));
#2466 = DIRECTION('',(0.,0.,-1.));
#2467 = DIRECTION('',(-0.555575659233,0.831465986597,0.));
#2468 = ADVANCED_FACE('',(#2469),#2494,.T.);
#2469 = FACE_BOUND('',#2470,.T.);
#2470 = EDGE_LOOP('',(#2471,#2472,#2480,#2488));
#2471 = ORIENTED_EDGE('',*,*,#2449,.T.);
#2472 = ORIENTED_EDGE('',*,*,#2473,.T.);
#2473 = EDGE_CURVE('',#2441,#2474,#2476,.T.);
#2474 = VERTEX_POINT('',#2475);
#2475 = CARTESIAN_POINT('',(180.754557,-65.926647,1.545));
#2476 = LINE('',#2477,#2478);
#2477 = CARTESIAN_POINT('',(182.991147,-63.690057,1.545));
#2478 = VECTOR('',#2479,1.);
#2479 = DIRECTION('',(-0.707106781187,-0.707106781187,0.));
#2480 = ORIENTED_EDGE('',*,*,#2481,.F.);
#2481 = EDGE_CURVE('',#2482,#2474,#2484,.T.);
#2482 = VERTEX_POINT('',#2483);
#2483 = CARTESIAN_POINT('',(180.754557,-65.926647,1.51));
#2484 = LINE('',#2485,#2486);
#2485 = CARTESIAN_POINT('',(180.754557,-65.926647,1.51));
#2486 = VECTOR('',#2487,1.);
#2487 = DIRECTION('',(0.,0.,1.));
#2488 = ORIENTED_EDGE('',*,*,#2489,.F.);
#2489 = EDGE_CURVE('',#2450,#2482,#2490,.T.);
#2490 = LINE('',#2491,#2492);
#2491 = CARTESIAN_POINT('',(182.991147,-63.690057,1.51));
#2492 = VECTOR('',#2493,1.);
#2493 = DIRECTION('',(-0.707106781187,-0.707106781187,0.));
#2494 = PLANE('',#2495);
#2495 = AXIS2_PLACEMENT_3D('',#2496,#2497,#2498);
#2496 = CARTESIAN_POINT('',(182.991147,-63.690057,1.51));
#2497 = DIRECTION('',(0.707106781187,-0.707106781187,0.));
#2498 = DIRECTION('',(-0.707106781187,-0.707106781187,0.));
#2499 = ADVANCED_FACE('',(#2500),#2525,.T.);
#2500 = FACE_BOUND('',#2501,.T.);
#2501 = EDGE_LOOP('',(#2502,#2503,#2511,#2519));
#2502 = ORIENTED_EDGE('',*,*,#2481,.T.);
#2503 = ORIENTED_EDGE('',*,*,#2504,.T.);
#2504 = EDGE_CURVE('',#2474,#2505,#2507,.T.);
#2505 = VERTEX_POINT('',#2506);
#2506 = CARTESIAN_POINT('',(180.718509,-65.941579,1.545));
#2507 = LINE('',#2508,#2509);
#2508 = CARTESIAN_POINT('',(180.754557,-65.926647,1.545));
#2509 = VECTOR('',#2510,1.);
#2510 = DIRECTION('',(-0.923875640631,-0.38269282806,0.));
#2511 = ORIENTED_EDGE('',*,*,#2512,.F.);
#2512 = EDGE_CURVE('',#2513,#2505,#2515,.T.);
#2513 = VERTEX_POINT('',#2514);
#2514 = CARTESIAN_POINT('',(180.718509,-65.941579,1.51));
#2515 = LINE('',#2516,#2517);
#2516 = CARTESIAN_POINT('',(180.718509,-65.941579,1.51));
#2517 = VECTOR('',#2518,1.);
#2518 = DIRECTION('',(0.,0.,1.));
#2519 = ORIENTED_EDGE('',*,*,#2520,.F.);
#2520 = EDGE_CURVE('',#2482,#2513,#2521,.T.);
#2521 = LINE('',#2522,#2523);
#2522 = CARTESIAN_POINT('',(180.754557,-65.926647,1.51));
#2523 = VECTOR('',#2524,1.);
#2524 = DIRECTION('',(-0.923875640631,-0.38269282806,0.));
#2525 = PLANE('',#2526);
#2526 = AXIS2_PLACEMENT_3D('',#2527,#2528,#2529);
#2527 = CARTESIAN_POINT('',(180.754557,-65.926647,1.51));
#2528 = DIRECTION('',(0.38269282806,-0.923875640631,0.));
#2529 = DIRECTION('',(-0.923875640631,-0.38269282806,0.));
#2530 = ADVANCED_FACE('',(#2531),#2556,.T.);
#2531 = FACE_BOUND('',#2532,.T.);
#2532 = EDGE_LOOP('',(#2533,#2534,#2542,#2550));
#2533 = ORIENTED_EDGE('',*,*,#2512,.T.);
#2534 = ORIENTED_EDGE('',*,*,#2535,.T.);
#2535 = EDGE_CURVE('',#2505,#2536,#2538,.T.);
#2536 = VERTEX_POINT('',#2537);
#2537 = CARTESIAN_POINT('',(148.070491,-65.941579,1.545));
#2538 = LINE('',#2539,#2540);
#2539 = CARTESIAN_POINT('',(180.718509,-65.941579,1.545));
#2540 = VECTOR('',#2541,1.);
#2541 = DIRECTION('',(-1.,0.,0.));
#2542 = ORIENTED_EDGE('',*,*,#2543,.F.);
#2543 = EDGE_CURVE('',#2544,#2536,#2546,.T.);
#2544 = VERTEX_POINT('',#2545);
#2545 = CARTESIAN_POINT('',(148.070491,-65.941579,1.51));
#2546 = LINE('',#2547,#2548);
#2547 = CARTESIAN_POINT('',(148.070491,-65.941579,1.51));
#2548 = VECTOR('',#2549,1.);
#2549 = DIRECTION('',(0.,0.,1.));
#2550 = ORIENTED_EDGE('',*,*,#2551,.F.);
#2551 = EDGE_CURVE('',#2513,#2544,#2552,.T.);
#2552 = LINE('',#2553,#2554);
#2553 = CARTESIAN_POINT('',(180.718509,-65.941579,1.51));
#2554 = VECTOR('',#2555,1.);
#2555 = DIRECTION('',(-1.,0.,0.));
#2556 = PLANE('',#2557);
#2557 = AXIS2_PLACEMENT_3D('',#2558,#2559,#2560);
#2558 = CARTESIAN_POINT('',(180.718509,-65.941579,1.51));
#2559 = DIRECTION('',(0.,-1.,0.));
#2560 = DIRECTION('',(-1.,0.,0.));
#2561 = ADVANCED_FACE('',(#2562),#2587,.T.);
#2562 = FACE_BOUND('',#2563,.T.);
#2563 = EDGE_LOOP('',(#2564,#2565,#2573,#2581));
#2564 = ORIENTED_EDGE('',*,*,#2543,.T.);
#2565 = ORIENTED_EDGE('',*,*,#2566,.T.);
#2566 = EDGE_CURVE('',#2536,#2567,#2569,.T.);
#2567 = VERTEX_POINT('',#2568);
#2568 = CARTESIAN_POINT('',(148.034443,-65.926647,1.545));
#2569 = LINE('',#2570,#2571);
#2570 = CARTESIAN_POINT('',(148.070491,-65.941579,1.545));
#2571 = VECTOR('',#2572,1.);
#2572 = DIRECTION('',(-0.923875640631,0.38269282806,0.));
#2573 = ORIENTED_EDGE('',*,*,#2574,.F.);
#2574 = EDGE_CURVE('',#2575,#2567,#2577,.T.);
#2575 = VERTEX_POINT('',#2576);
#2576 = CARTESIAN_POINT('',(148.034443,-65.926647,1.51));
#2577 = LINE('',#2578,#2579);
#2578 = CARTESIAN_POINT('',(148.034443,-65.926647,1.51));
#2579 = VECTOR('',#2580,1.);
#2580 = DIRECTION('',(0.,0.,1.));
#2581 = ORIENTED_EDGE('',*,*,#2582,.F.);
#2582 = EDGE_CURVE('',#2544,#2575,#2583,.T.);
#2583 = LINE('',#2584,#2585);
#2584 = CARTESIAN_POINT('',(148.070491,-65.941579,1.51));
#2585 = VECTOR('',#2586,1.);
#2586 = DIRECTION('',(-0.923875640631,0.38269282806,0.));
#2587 = PLANE('',#2588);
#2588 = AXIS2_PLACEMENT_3D('',#2589,#2590,#2591);
#2589 = CARTESIAN_POINT('',(148.070491,-65.941579,1.51));
#2590 = DIRECTION('',(-0.38269282806,-0.923875640631,0.));
#2591 = DIRECTION('',(-0.923875640631,0.38269282806,0.));
#2592 = ADVANCED_FACE('',(#2593),#2618,.T.);
#2593 = FACE_BOUND('',#2594,.T.);
#2594 = EDGE_LOOP('',(#2595,#2596,#2604,#2612));
#2595 = ORIENTED_EDGE('',*,*,#2574,.T.);
#2596 = ORIENTED_EDGE('',*,*,#2597,.T.);
#2597 = EDGE_CURVE('',#2567,#2598,#2600,.T.);
#2598 = VERTEX_POINT('',#2599);
#2599 = CARTESIAN_POINT('',(147.815853,-65.708057,1.545));
#2600 = LINE('',#2601,#2602);
#2601 = CARTESIAN_POINT('',(148.034443,-65.926647,1.545));
#2602 = VECTOR('',#2603,1.);
#2603 = DIRECTION('',(-0.707106781187,0.707106781187,0.));
#2604 = ORIENTED_EDGE('',*,*,#2605,.F.);
#2605 = EDGE_CURVE('',#2606,#2598,#2608,.T.);
#2606 = VERTEX_POINT('',#2607);
#2607 = CARTESIAN_POINT('',(147.815853,-65.708057,1.51));
#2608 = LINE('',#2609,#2610);
#2609 = CARTESIAN_POINT('',(147.815853,-65.708057,1.51));
#2610 = VECTOR('',#2611,1.);
#2611 = DIRECTION('',(0.,0.,1.));
#2612 = ORIENTED_EDGE('',*,*,#2613,.F.);
#2613 = EDGE_CURVE('',#2575,#2606,#2614,.T.);
#2614 = LINE('',#2615,#2616);
#2615 = CARTESIAN_POINT('',(148.034443,-65.926647,1.51));
#2616 = VECTOR('',#2617,1.);
#2617 = DIRECTION('',(-0.707106781187,0.707106781187,0.));
#2618 = PLANE('',#2619);
#2619 = AXIS2_PLACEMENT_3D('',#2620,#2621,#2622);
#2620 = CARTESIAN_POINT('',(148.034443,-65.926647,1.51));
#2621 = DIRECTION('',(-0.707106781187,-0.707106781187,0.));
#2622 = DIRECTION('',(-0.707106781187,0.707106781187,0.));
#2623 = ADVANCED_FACE('',(#2624),#2651,.T.);
#2624 = FACE_BOUND('',#2625,.T.);
#2625 = EDGE_LOOP('',(#2626,#2627,#2636,#2644));
#2626 = ORIENTED_EDGE('',*,*,#2605,.T.);
#2627 = ORIENTED_EDGE('',*,*,#2628,.T.);
#2628 = EDGE_CURVE('',#2598,#2629,#2631,.T.);
#2629 = VERTEX_POINT('',#2630);
#2630 = CARTESIAN_POINT('',(147.954557,-65.569353,1.545));
#2631 = CIRCLE('',#2632,0.10000001929);
#2632 = AXIS2_PLACEMENT_3D('',#2633,#2634,#2635);
#2633 = CARTESIAN_POINT('',(147.899,-65.6525,1.545));
#2634 = DIRECTION('',(0.,0.,-1.));
#2635 = DIRECTION('',(-0.831469839609,-0.555569892831,-0.));
#2636 = ORIENTED_EDGE('',*,*,#2637,.F.);
#2637 = EDGE_CURVE('',#2638,#2629,#2640,.T.);
#2638 = VERTEX_POINT('',#2639);
#2639 = CARTESIAN_POINT('',(147.954557,-65.569353,1.51));
#2640 = LINE('',#2641,#2642);
#2641 = CARTESIAN_POINT('',(147.954557,-65.569353,1.51));
#2642 = VECTOR('',#2643,1.);
#2643 = DIRECTION('',(0.,0.,1.));
#2644 = ORIENTED_EDGE('',*,*,#2645,.F.);
#2645 = EDGE_CURVE('',#2606,#2638,#2646,.T.);
#2646 = CIRCLE('',#2647,0.10000001929);
#2647 = AXIS2_PLACEMENT_3D('',#2648,#2649,#2650);
#2648 = CARTESIAN_POINT('',(147.899,-65.6525,1.51));
#2649 = DIRECTION('',(0.,0.,-1.));
#2650 = DIRECTION('',(-0.831469839609,-0.555569892831,-0.));
#2651 = CYLINDRICAL_SURFACE('',#2652,0.10000001929);
#2652 = AXIS2_PLACEMENT_3D('',#2653,#2654,#2655);
#2653 = CARTESIAN_POINT('',(147.899,-65.6525,1.51));
#2654 = DIRECTION('',(0.,0.,-1.));
#2655 = DIRECTION('',(-0.831469839609,-0.555569892831,-0.));
#2656 = ADVANCED_FACE('',(#2657),#2682,.T.);
#2657 = FACE_BOUND('',#2658,.T.);
#2658 = EDGE_LOOP('',(#2659,#2660,#2668,#2676));
#2659 = ORIENTED_EDGE('',*,*,#2637,.T.);
#2660 = ORIENTED_EDGE('',*,*,#2661,.T.);
#2661 = EDGE_CURVE('',#2629,#2662,#2664,.T.);
#2662 = VERTEX_POINT('',#2663);
#2663 = CARTESIAN_POINT('',(148.131422,-65.7435,1.545));
#2664 = LINE('',#2665,#2666);
#2665 = CARTESIAN_POINT('',(147.954557,-65.569353,1.545));
#2666 = VECTOR('',#2667,1.);
#2667 = DIRECTION('',(0.712560776888,-0.701610389918,0.));
#2668 = ORIENTED_EDGE('',*,*,#2669,.F.);
#2669 = EDGE_CURVE('',#2670,#2662,#2672,.T.);
#2670 = VERTEX_POINT('',#2671);
#2671 = CARTESIAN_POINT('',(148.131422,-65.7435,1.51));
#2672 = LINE('',#2673,#2674);
#2673 = CARTESIAN_POINT('',(148.131422,-65.7435,1.51));
#2674 = VECTOR('',#2675,1.);
#2675 = DIRECTION('',(0.,0.,1.));
#2676 = ORIENTED_EDGE('',*,*,#2677,.F.);
#2677 = EDGE_CURVE('',#2638,#2670,#2678,.T.);
#2678 = LINE('',#2679,#2680);
#2679 = CARTESIAN_POINT('',(147.954557,-65.569353,1.51));
#2680 = VECTOR('',#2681,1.);
#2681 = DIRECTION('',(0.712560776888,-0.701610389918,0.));
#2682 = PLANE('',#2683);
#2683 = AXIS2_PLACEMENT_3D('',#2684,#2685,#2686);
#2684 = CARTESIAN_POINT('',(147.954557,-65.569353,1.51));
#2685 = DIRECTION('',(0.701610389918,0.712560776888,-0.));
#2686 = DIRECTION('',(0.712560776888,-0.701610389918,0.));
#2687 = ADVANCED_FACE('',(#2688),#2713,.T.);
#2688 = FACE_BOUND('',#2689,.T.);
#2689 = EDGE_LOOP('',(#2690,#2691,#2699,#2707));
#2690 = ORIENTED_EDGE('',*,*,#2669,.T.);
#2691 = ORIENTED_EDGE('',*,*,#2692,.T.);
#2692 = EDGE_CURVE('',#2662,#2693,#2695,.T.);
#2693 = VERTEX_POINT('',#2694);
#2694 = CARTESIAN_POINT('',(180.657578,-65.7435,1.545));
#2695 = LINE('',#2696,#2697);
#2696 = CARTESIAN_POINT('',(148.131422,-65.7435,1.545));
#2697 = VECTOR('',#2698,1.);
#2698 = DIRECTION('',(1.,0.,0.));
#2699 = ORIENTED_EDGE('',*,*,#2700,.F.);
#2700 = EDGE_CURVE('',#2701,#2693,#2703,.T.);
#2701 = VERTEX_POINT('',#2702);
#2702 = CARTESIAN_POINT('',(180.657578,-65.7435,1.51));
#2703 = LINE('',#2704,#2705);
#2704 = CARTESIAN_POINT('',(180.657578,-65.7435,1.51));
#2705 = VECTOR('',#2706,1.);
#2706 = DIRECTION('',(0.,0.,1.));
#2707 = ORIENTED_EDGE('',*,*,#2708,.F.);
#2708 = EDGE_CURVE('',#2670,#2701,#2709,.T.);
#2709 = LINE('',#2710,#2711);
#2710 = CARTESIAN_POINT('',(148.131422,-65.7435,1.51));
#2711 = VECTOR('',#2712,1.);
#2712 = DIRECTION('',(1.,0.,0.));
#2713 = PLANE('',#2714);
#2714 = AXIS2_PLACEMENT_3D('',#2715,#2716,#2717);
#2715 = CARTESIAN_POINT('',(148.131422,-65.7435,1.51));
#2716 = DIRECTION('',(0.,1.,0.));
#2717 = DIRECTION('',(1.,0.,0.));
#2718 = ADVANCED_FACE('',(#2719),#2735,.T.);
#2719 = FACE_BOUND('',#2720,.T.);
#2720 = EDGE_LOOP('',(#2721,#2722,#2728,#2729));
#2721 = ORIENTED_EDGE('',*,*,#2700,.T.);
#2722 = ORIENTED_EDGE('',*,*,#2723,.T.);
#2723 = EDGE_CURVE('',#2693,#2433,#2724,.T.);
#2724 = LINE('',#2725,#2726);
#2725 = CARTESIAN_POINT('',(180.657578,-65.7435,1.545));
#2726 = VECTOR('',#2727,1.);
#2727 = DIRECTION('',(0.707544737703,0.706668553247,0.));
#2728 = ORIENTED_EDGE('',*,*,#2430,.F.);
#2729 = ORIENTED_EDGE('',*,*,#2730,.F.);
#2730 = EDGE_CURVE('',#2701,#2431,#2731,.T.);
#2731 = LINE('',#2732,#2733);
#2732 = CARTESIAN_POINT('',(180.657578,-65.7435,1.51));
#2733 = VECTOR('',#2734,1.);
#2734 = DIRECTION('',(0.707544737703,0.706668553247,0.));
#2735 = PLANE('',#2736);
#2736 = AXIS2_PLACEMENT_3D('',#2737,#2738,#2739);
#2737 = CARTESIAN_POINT('',(180.657578,-65.7435,1.51));
#2738 = DIRECTION('',(-0.706668553247,0.707544737703,0.));
#2739 = DIRECTION('',(0.707544737703,0.706668553247,0.));
#2740 = ADVANCED_FACE('',(#2741),#2753,.F.);
#2741 = FACE_BOUND('',#2742,.T.);
#2742 = EDGE_LOOP('',(#2743,#2744,#2745,#2746,#2747,#2748,#2749,#2750,
    #2751,#2752));
#2743 = ORIENTED_EDGE('',*,*,#2457,.T.);
#2744 = ORIENTED_EDGE('',*,*,#2489,.T.);
#2745 = ORIENTED_EDGE('',*,*,#2520,.T.);
#2746 = ORIENTED_EDGE('',*,*,#2551,.T.);
#2747 = ORIENTED_EDGE('',*,*,#2582,.T.);
#2748 = ORIENTED_EDGE('',*,*,#2613,.T.);
#2749 = ORIENTED_EDGE('',*,*,#2645,.T.);
#2750 = ORIENTED_EDGE('',*,*,#2677,.T.);
#2751 = ORIENTED_EDGE('',*,*,#2708,.T.);
#2752 = ORIENTED_EDGE('',*,*,#2730,.T.);
#2753 = PLANE('',#2754);
#2754 = AXIS2_PLACEMENT_3D('',#2755,#2756,#2757);
#2755 = CARTESIAN_POINT('',(0.,0.,1.51));
#2756 = DIRECTION('',(0.,0.,1.));
#2757 = DIRECTION('',(1.,0.,-0.));
#2758 = ADVANCED_FACE('',(#2759),#2771,.T.);
#2759 = FACE_BOUND('',#2760,.F.);
#2760 = EDGE_LOOP('',(#2761,#2762,#2763,#2764,#2765,#2766,#2767,#2768,
    #2769,#2770));
#2761 = ORIENTED_EDGE('',*,*,#2440,.T.);
#2762 = ORIENTED_EDGE('',*,*,#2473,.T.);
#2763 = ORIENTED_EDGE('',*,*,#2504,.T.);
#2764 = ORIENTED_EDGE('',*,*,#2535,.T.);
#2765 = ORIENTED_EDGE('',*,*,#2566,.T.);
#2766 = ORIENTED_EDGE('',*,*,#2597,.T.);
#2767 = ORIENTED_EDGE('',*,*,#2628,.T.);
#2768 = ORIENTED_EDGE('',*,*,#2661,.T.);
#2769 = ORIENTED_EDGE('',*,*,#2692,.T.);
#2770 = ORIENTED_EDGE('',*,*,#2723,.T.);
#2771 = PLANE('',#2772);
#2772 = AXIS2_PLACEMENT_3D('',#2773,#2774,#2775);
#2773 = CARTESIAN_POINT('',(0.,0.,1.545));
#2774 = DIRECTION('',(0.,0.,1.));
#2775 = DIRECTION('',(1.,0.,-0.));
#2776 = MANIFOLD_SOLID_BREP('',#2777);
#2777 = CLOSED_SHELL('',(#2778,#2818,#2849,#2880,#2911,#2942,#2973,#3004
    ,#3037,#3068,#3099,#3130,#3161,#3192,#3223,#3254,#3285,#3307,#3340,
    #3368));
#2778 = ADVANCED_FACE('',(#2779),#2813,.T.);
#2779 = FACE_BOUND('',#2780,.T.);
#2780 = EDGE_LOOP('',(#2781,#2791,#2799,#2807));
#2781 = ORIENTED_EDGE('',*,*,#2782,.T.);
#2782 = EDGE_CURVE('',#2783,#2785,#2787,.T.);
#2783 = VERTEX_POINT('',#2784);
#2784 = CARTESIAN_POINT('',(163.293889,-67.231219,1.51));
#2785 = VERTEX_POINT('',#2786);
#2786 = CARTESIAN_POINT('',(163.293889,-67.231219,1.545));
#2787 = LINE('',#2788,#2789);
#2788 = CARTESIAN_POINT('',(163.293889,-67.231219,1.51));
#2789 = VECTOR('',#2790,1.);
#2790 = DIRECTION('',(0.,0.,1.));
#2791 = ORIENTED_EDGE('',*,*,#2792,.T.);
#2792 = EDGE_CURVE('',#2785,#2793,#2795,.T.);
#2793 = VERTEX_POINT('',#2794);
#2794 = CARTESIAN_POINT('',(163.288757,-67.205421,1.545));
#2795 = LINE('',#2796,#2797);
#2796 = CARTESIAN_POINT('',(163.293889,-67.231219,1.545));
#2797 = VECTOR('',#2798,1.);
#2798 = DIRECTION('',(-0.195107098702,0.980781943164,0.));
#2799 = ORIENTED_EDGE('',*,*,#2800,.F.);
#2800 = EDGE_CURVE('',#2801,#2793,#2803,.T.);
#2801 = VERTEX_POINT('',#2802);
#2802 = CARTESIAN_POINT('',(163.288757,-67.205421,1.51));
#2803 = LINE('',#2804,#2805);
#2804 = CARTESIAN_POINT('',(163.288757,-67.205421,1.51));
#2805 = VECTOR('',#2806,1.);
#2806 = DIRECTION('',(0.,0.,1.));
#2807 = ORIENTED_EDGE('',*,*,#2808,.F.);
#2808 = EDGE_CURVE('',#2783,#2801,#2809,.T.);
#2809 = LINE('',#2810,#2811);
#2810 = CARTESIAN_POINT('',(163.293889,-67.231219,1.51));
#2811 = VECTOR('',#2812,1.);
#2812 = DIRECTION('',(-0.195107098702,0.980781943164,0.));
#2813 = PLANE('',#2814);
#2814 = AXIS2_PLACEMENT_3D('',#2815,#2816,#2817);
#2815 = CARTESIAN_POINT('',(163.293889,-67.231219,1.51));
#2816 = DIRECTION('',(-0.980781943164,-0.195107098702,0.));
#2817 = DIRECTION('',(-0.195107098702,0.980781943164,0.));
#2818 = ADVANCED_FACE('',(#2819),#2844,.T.);
#2819 = FACE_BOUND('',#2820,.T.);
#2820 = EDGE_LOOP('',(#2821,#2822,#2830,#2838));
#2821 = ORIENTED_EDGE('',*,*,#2800,.T.);
#2822 = ORIENTED_EDGE('',*,*,#2823,.T.);
#2823 = EDGE_CURVE('',#2793,#2824,#2826,.T.);
#2824 = VERTEX_POINT('',#2825);
#2825 = CARTESIAN_POINT('',(172.098009,-67.205421,1.545));
#2826 = LINE('',#2827,#2828);
#2827 = CARTESIAN_POINT('',(163.288757,-67.205421,1.545));
#2828 = VECTOR('',#2829,1.);
#2829 = DIRECTION('',(1.,0.,0.));
#2830 = ORIENTED_EDGE('',*,*,#2831,.F.);
#2831 = EDGE_CURVE('',#2832,#2824,#2834,.T.);
#2832 = VERTEX_POINT('',#2833);
#2833 = CARTESIAN_POINT('',(172.098009,-67.205421,1.51));
#2834 = LINE('',#2835,#2836);
#2835 = CARTESIAN_POINT('',(172.098009,-67.205421,1.51));
#2836 = VECTOR('',#2837,1.);
#2837 = DIRECTION('',(0.,0.,1.));
#2838 = ORIENTED_EDGE('',*,*,#2839,.F.);
#2839 = EDGE_CURVE('',#2801,#2832,#2840,.T.);
#2840 = LINE('',#2841,#2842);
#2841 = CARTESIAN_POINT('',(163.288757,-67.205421,1.51));
#2842 = VECTOR('',#2843,1.);
#2843 = DIRECTION('',(1.,0.,0.));
#2844 = PLANE('',#2845);
#2845 = AXIS2_PLACEMENT_3D('',#2846,#2847,#2848);
#2846 = CARTESIAN_POINT('',(163.288757,-67.205421,1.51));
#2847 = DIRECTION('',(0.,1.,0.));
#2848 = DIRECTION('',(1.,0.,0.));
#2849 = ADVANCED_FACE('',(#2850),#2875,.T.);
#2850 = FACE_BOUND('',#2851,.T.);
#2851 = EDGE_LOOP('',(#2852,#2853,#2861,#2869));
#2852 = ORIENTED_EDGE('',*,*,#2831,.T.);
#2853 = ORIENTED_EDGE('',*,*,#2854,.T.);
#2854 = EDGE_CURVE('',#2824,#2855,#2857,.T.);
#2855 = VERTEX_POINT('',#2856);
#2856 = CARTESIAN_POINT('',(172.134057,-67.220353,1.545));
#2857 = LINE('',#2858,#2859);
#2858 = CARTESIAN_POINT('',(172.098009,-67.205421,1.545));
#2859 = VECTOR('',#2860,1.);
#2860 = DIRECTION('',(0.923875640631,-0.38269282806,0.));
#2861 = ORIENTED_EDGE('',*,*,#2862,.F.);
#2862 = EDGE_CURVE('',#2863,#2855,#2865,.T.);
#2863 = VERTEX_POINT('',#2864);
#2864 = CARTESIAN_POINT('',(172.134057,-67.220353,1.51));
#2865 = LINE('',#2866,#2867);
#2866 = CARTESIAN_POINT('',(172.134057,-67.220353,1.51));
#2867 = VECTOR('',#2868,1.);
#2868 = DIRECTION('',(0.,0.,1.));
#2869 = ORIENTED_EDGE('',*,*,#2870,.F.);
#2870 = EDGE_CURVE('',#2832,#2863,#2871,.T.);
#2871 = LINE('',#2872,#2873);
#2872 = CARTESIAN_POINT('',(172.098009,-67.205421,1.51));
#2873 = VECTOR('',#2874,1.);
#2874 = DIRECTION('',(0.923875640631,-0.38269282806,0.));
#2875 = PLANE('',#2876);
#2876 = AXIS2_PLACEMENT_3D('',#2877,#2878,#2879);
#2877 = CARTESIAN_POINT('',(172.098009,-67.205421,1.51));
#2878 = DIRECTION('',(0.38269282806,0.923875640631,-0.));
#2879 = DIRECTION('',(0.923875640631,-0.38269282806,0.));
#2880 = ADVANCED_FACE('',(#2881),#2906,.T.);
#2881 = FACE_BOUND('',#2882,.T.);
#2882 = EDGE_LOOP('',(#2883,#2884,#2892,#2900));
#2883 = ORIENTED_EDGE('',*,*,#2862,.T.);
#2884 = ORIENTED_EDGE('',*,*,#2885,.T.);
#2885 = EDGE_CURVE('',#2855,#2886,#2888,.T.);
#2886 = VERTEX_POINT('',#2887);
#2887 = CARTESIAN_POINT('',(175.682422,-70.766,1.545));
#2888 = LINE('',#2889,#2890);
#2889 = CARTESIAN_POINT('',(172.134057,-67.220353,1.545));
#2890 = VECTOR('',#2891,1.);
#2891 = DIRECTION('',(0.707377650183,-0.70683580839,0.));
#2892 = ORIENTED_EDGE('',*,*,#2893,.F.);
#2893 = EDGE_CURVE('',#2894,#2886,#2896,.T.);
#2894 = VERTEX_POINT('',#2895);
#2895 = CARTESIAN_POINT('',(175.682422,-70.766,1.51));
#2896 = LINE('',#2897,#2898);
#2897 = CARTESIAN_POINT('',(175.682422,-70.766,1.51));
#2898 = VECTOR('',#2899,1.);
#2899 = DIRECTION('',(0.,0.,1.));
#2900 = ORIENTED_EDGE('',*,*,#2901,.F.);
#2901 = EDGE_CURVE('',#2863,#2894,#2902,.T.);
#2902 = LINE('',#2903,#2904);
#2903 = CARTESIAN_POINT('',(172.134057,-67.220353,1.51));
#2904 = VECTOR('',#2905,1.);
#2905 = DIRECTION('',(0.707377650183,-0.70683580839,0.));
#2906 = PLANE('',#2907);
#2907 = AXIS2_PLACEMENT_3D('',#2908,#2909,#2910);
#2908 = CARTESIAN_POINT('',(172.134057,-67.220353,1.51));
#2909 = DIRECTION('',(0.70683580839,0.707377650183,-0.));
#2910 = DIRECTION('',(0.707377650183,-0.70683580839,0.));
#2911 = ADVANCED_FACE('',(#2912),#2937,.T.);
#2912 = FACE_BOUND('',#2913,.T.);
#2913 = EDGE_LOOP('',(#2914,#2915,#2923,#2931));
#2914 = ORIENTED_EDGE('',*,*,#2893,.T.);
#2915 = ORIENTED_EDGE('',*,*,#2916,.T.);
#2916 = EDGE_CURVE('',#2886,#2917,#2919,.T.);
#2917 = VERTEX_POINT('',#2918);
#2918 = CARTESIAN_POINT('',(178.174578,-70.766,1.545));
#2919 = LINE('',#2920,#2921);
#2920 = CARTESIAN_POINT('',(175.682422,-70.766,1.545));
#2921 = VECTOR('',#2922,1.);
#2922 = DIRECTION('',(1.,0.,0.));
#2923 = ORIENTED_EDGE('',*,*,#2924,.F.);
#2924 = EDGE_CURVE('',#2925,#2917,#2927,.T.);
#2925 = VERTEX_POINT('',#2926);
#2926 = CARTESIAN_POINT('',(178.174578,-70.766,1.51));
#2927 = LINE('',#2928,#2929);
#2928 = CARTESIAN_POINT('',(178.174578,-70.766,1.51));
#2929 = VECTOR('',#2930,1.);
#2930 = DIRECTION('',(0.,0.,1.));
#2931 = ORIENTED_EDGE('',*,*,#2932,.F.);
#2932 = EDGE_CURVE('',#2894,#2925,#2933,.T.);
#2933 = LINE('',#2934,#2935);
#2934 = CARTESIAN_POINT('',(175.682422,-70.766,1.51));
#2935 = VECTOR('',#2936,1.);
#2936 = DIRECTION('',(1.,0.,0.));
#2937 = PLANE('',#2938);
#2938 = AXIS2_PLACEMENT_3D('',#2939,#2940,#2941);
#2939 = CARTESIAN_POINT('',(175.682422,-70.766,1.51));
#2940 = DIRECTION('',(0.,1.,0.));
#2941 = DIRECTION('',(1.,0.,0.));
#2942 = ADVANCED_FACE('',(#2943),#2968,.T.);
#2943 = FACE_BOUND('',#2944,.T.);
#2944 = EDGE_LOOP('',(#2945,#2946,#2954,#2962));
#2945 = ORIENTED_EDGE('',*,*,#2924,.T.);
#2946 = ORIENTED_EDGE('',*,*,#2947,.T.);
#2947 = EDGE_CURVE('',#2917,#2948,#2950,.T.);
#2948 = VERTEX_POINT('',#2949);
#2949 = CARTESIAN_POINT('',(178.200499,-70.740078,1.545));
#2950 = LINE('',#2951,#2952);
#2951 = CARTESIAN_POINT('',(178.174578,-70.766,1.545));
#2952 = VECTOR('',#2953,1.);
#2953 = DIRECTION('',(0.707093141667,0.707120420443,0.));
#2954 = ORIENTED_EDGE('',*,*,#2955,.F.);
#2955 = EDGE_CURVE('',#2956,#2948,#2958,.T.);
#2956 = VERTEX_POINT('',#2957);
#2957 = CARTESIAN_POINT('',(178.200499,-70.740078,1.51));
#2958 = LINE('',#2959,#2960);
#2959 = CARTESIAN_POINT('',(178.200499,-70.740078,1.51));
#2960 = VECTOR('',#2961,1.);
#2961 = DIRECTION('',(0.,0.,1.));
#2962 = ORIENTED_EDGE('',*,*,#2963,.F.);
#2963 = EDGE_CURVE('',#2925,#2956,#2964,.T.);
#2964 = LINE('',#2965,#2966);
#2965 = CARTESIAN_POINT('',(178.174578,-70.766,1.51));
#2966 = VECTOR('',#2967,1.);
#2967 = DIRECTION('',(0.707093141667,0.707120420443,0.));
#2968 = PLANE('',#2969);
#2969 = AXIS2_PLACEMENT_3D('',#2970,#2971,#2972);
#2970 = CARTESIAN_POINT('',(178.174578,-70.766,1.51));
#2971 = DIRECTION('',(-0.707120420443,0.707093141667,0.));
#2972 = DIRECTION('',(0.707093141667,0.707120420443,0.));
#2973 = ADVANCED_FACE('',(#2974),#2999,.T.);
#2974 = FACE_BOUND('',#2975,.T.);
#2975 = EDGE_LOOP('',(#2976,#2977,#2985,#2993));
#2976 = ORIENTED_EDGE('',*,*,#2955,.T.);
#2977 = ORIENTED_EDGE('',*,*,#2978,.T.);
#2978 = EDGE_CURVE('',#2948,#2979,#2981,.T.);
#2979 = VERTEX_POINT('',#2980);
#2980 = CARTESIAN_POINT('',(178.192836,-70.726805,1.545));
#2981 = LINE('',#2982,#2983);
#2982 = CARTESIAN_POINT('',(178.200499,-70.740078,1.545));
#2983 = VECTOR('',#2984,1.);
#2984 = DIRECTION('',(-0.499991674903,0.866030210228,0.));
#2985 = ORIENTED_EDGE('',*,*,#2986,.F.);
#2986 = EDGE_CURVE('',#2987,#2979,#2989,.T.);
#2987 = VERTEX_POINT('',#2988);
#2988 = CARTESIAN_POINT('',(178.192836,-70.726805,1.51));
#2989 = LINE('',#2990,#2991);
#2990 = CARTESIAN_POINT('',(178.192836,-70.726805,1.51));
#2991 = VECTOR('',#2992,1.);
#2992 = DIRECTION('',(0.,0.,1.));
#2993 = ORIENTED_EDGE('',*,*,#2994,.F.);
#2994 = EDGE_CURVE('',#2956,#2987,#2995,.T.);
#2995 = LINE('',#2996,#2997);
#2996 = CARTESIAN_POINT('',(178.200499,-70.740078,1.51));
#2997 = VECTOR('',#2998,1.);
#2998 = DIRECTION('',(-0.499991674903,0.866030210228,0.));
#2999 = PLANE('',#3000);
#3000 = AXIS2_PLACEMENT_3D('',#3001,#3002,#3003);
#3001 = CARTESIAN_POINT('',(178.200499,-70.740078,1.51));
#3002 = DIRECTION('',(-0.866030210228,-0.499991674903,0.));
#3003 = DIRECTION('',(-0.499991674903,0.866030210228,0.));
#3004 = ADVANCED_FACE('',(#3005),#3032,.T.);
#3005 = FACE_BOUND('',#3006,.T.);
#3006 = EDGE_LOOP('',(#3007,#3008,#3017,#3025));
#3007 = ORIENTED_EDGE('',*,*,#2986,.T.);
#3008 = ORIENTED_EDGE('',*,*,#3009,.T.);
#3009 = EDGE_CURVE('',#2979,#3010,#3012,.T.);
#3010 = VERTEX_POINT('',#3011);
#3011 = CARTESIAN_POINT('',(178.355195,-70.889164,1.545));
#3012 = CIRCLE('',#3013,0.299999934501);
#3013 = AXIS2_PLACEMENT_3D('',#3014,#3015,#3016);
#3014 = CARTESIAN_POINT('',(178.4699998594,-70.61200014059,1.545));
#3015 = DIRECTION('',(0.,-0.,-1.));
#3016 = DIRECTION('',(-0.923879733049,-0.382682948224,0.));
#3017 = ORIENTED_EDGE('',*,*,#3018,.F.);
#3018 = EDGE_CURVE('',#3019,#3010,#3021,.T.);
#3019 = VERTEX_POINT('',#3020);
#3020 = CARTESIAN_POINT('',(178.355195,-70.889164,1.51));
#3021 = LINE('',#3022,#3023);
#3022 = CARTESIAN_POINT('',(178.355195,-70.889164,1.51));
#3023 = VECTOR('',#3024,1.);
#3024 = DIRECTION('',(0.,0.,1.));
#3025 = ORIENTED_EDGE('',*,*,#3026,.F.);
#3026 = EDGE_CURVE('',#2987,#3019,#3027,.T.);
#3027 = CIRCLE('',#3028,0.299999934501);
#3028 = AXIS2_PLACEMENT_3D('',#3029,#3030,#3031);
#3029 = CARTESIAN_POINT('',(178.4699998594,-70.61200014059,1.51));
#3030 = DIRECTION('',(0.,-0.,-1.));
#3031 = DIRECTION('',(-0.923879733049,-0.382682948224,0.));
#3032 = CYLINDRICAL_SURFACE('',#3033,0.299999934501);
#3033 = AXIS2_PLACEMENT_3D('',#3034,#3035,#3036);
#3034 = CARTESIAN_POINT('',(178.4699998594,-70.61200014059,1.51));
#3035 = DIRECTION('',(0.,-0.,-1.));
#3036 = DIRECTION('',(-0.923879733049,-0.382682948224,0.));
#3037 = ADVANCED_FACE('',(#3038),#3063,.T.);
#3038 = FACE_BOUND('',#3039,.T.);
#3039 = EDGE_LOOP('',(#3040,#3041,#3049,#3057));
#3040 = ORIENTED_EDGE('',*,*,#3018,.T.);
#3041 = ORIENTED_EDGE('',*,*,#3042,.T.);
#3042 = EDGE_CURVE('',#3010,#3043,#3045,.T.);
#3043 = VERTEX_POINT('',#3044);
#3044 = CARTESIAN_POINT('',(178.341921,-70.8815,1.545));
#3045 = LINE('',#3046,#3047);
#3046 = CARTESIAN_POINT('',(178.355195,-70.889164,1.545));
#3047 = VECTOR('',#3048,1.);
#3048 = DIRECTION('',(-0.866018269693,0.500012356405,0.));
#3049 = ORIENTED_EDGE('',*,*,#3050,.F.);
#3050 = EDGE_CURVE('',#3051,#3043,#3053,.T.);
#3051 = VERTEX_POINT('',#3052);
#3052 = CARTESIAN_POINT('',(178.341921,-70.8815,1.51));
#3053 = LINE('',#3054,#3055);
#3054 = CARTESIAN_POINT('',(178.341921,-70.8815,1.51));
#3055 = VECTOR('',#3056,1.);
#3056 = DIRECTION('',(0.,0.,1.));
#3057 = ORIENTED_EDGE('',*,*,#3058,.F.);
#3058 = EDGE_CURVE('',#3019,#3051,#3059,.T.);
#3059 = LINE('',#3060,#3061);
#3060 = CARTESIAN_POINT('',(178.355195,-70.889164,1.51));
#3061 = VECTOR('',#3062,1.);
#3062 = DIRECTION('',(-0.866018269693,0.500012356405,0.));
#3063 = PLANE('',#3064);
#3064 = AXIS2_PLACEMENT_3D('',#3065,#3066,#3067);
#3065 = CARTESIAN_POINT('',(178.355195,-70.889164,1.51));
#3066 = DIRECTION('',(-0.500012356405,-0.866018269693,0.));
#3067 = DIRECTION('',(-0.866018269693,0.500012356405,0.));
#3068 = ADVANCED_FACE('',(#3069),#3094,.T.);
#3069 = FACE_BOUND('',#3070,.T.);
#3070 = EDGE_LOOP('',(#3071,#3072,#3080,#3088));
#3071 = ORIENTED_EDGE('',*,*,#3050,.T.);
#3072 = ORIENTED_EDGE('',*,*,#3073,.T.);
#3073 = EDGE_CURVE('',#3043,#3074,#3076,.T.);
#3074 = VERTEX_POINT('',#3075);
#3075 = CARTESIAN_POINT('',(178.271557,-70.949147,1.545));
#3076 = LINE('',#3077,#3078);
#3077 = CARTESIAN_POINT('',(178.341921,-70.8815,1.545));
#3078 = VECTOR('',#3079,1.);
#3079 = DIRECTION('',(-0.720887792555,-0.693051794994,0.));
#3080 = ORIENTED_EDGE('',*,*,#3081,.F.);
#3081 = EDGE_CURVE('',#3082,#3074,#3084,.T.);
#3082 = VERTEX_POINT('',#3083);
#3083 = CARTESIAN_POINT('',(178.271557,-70.949147,1.51));
#3084 = LINE('',#3085,#3086);
#3085 = CARTESIAN_POINT('',(178.271557,-70.949147,1.51));
#3086 = VECTOR('',#3087,1.);
#3087 = DIRECTION('',(0.,0.,1.));
#3088 = ORIENTED_EDGE('',*,*,#3089,.F.);
#3089 = EDGE_CURVE('',#3051,#3082,#3090,.T.);
#3090 = LINE('',#3091,#3092);
#3091 = CARTESIAN_POINT('',(178.341921,-70.8815,1.51));
#3092 = VECTOR('',#3093,1.);
#3093 = DIRECTION('',(-0.720887792555,-0.693051794994,0.));
#3094 = PLANE('',#3095);
#3095 = AXIS2_PLACEMENT_3D('',#3096,#3097,#3098);
#3096 = CARTESIAN_POINT('',(178.341921,-70.8815,1.51));
#3097 = DIRECTION('',(0.693051794994,-0.720887792555,0.));
#3098 = DIRECTION('',(-0.720887792555,-0.693051794994,0.));
#3099 = ADVANCED_FACE('',(#3100),#3125,.T.);
#3100 = FACE_BOUND('',#3101,.T.);
#3101 = EDGE_LOOP('',(#3102,#3103,#3111,#3119));
#3102 = ORIENTED_EDGE('',*,*,#3081,.T.);
#3103 = ORIENTED_EDGE('',*,*,#3104,.T.);
#3104 = EDGE_CURVE('',#3074,#3105,#3107,.T.);
#3105 = VERTEX_POINT('',#3106);
#3106 = CARTESIAN_POINT('',(178.235509,-70.964079,1.545));
#3107 = LINE('',#3108,#3109);
#3108 = CARTESIAN_POINT('',(178.271557,-70.949147,1.545));
#3109 = VECTOR('',#3110,1.);
#3110 = DIRECTION('',(-0.923875640631,-0.38269282806,0.));
#3111 = ORIENTED_EDGE('',*,*,#3112,.F.);
#3112 = EDGE_CURVE('',#3113,#3105,#3115,.T.);
#3113 = VERTEX_POINT('',#3114);
#3114 = CARTESIAN_POINT('',(178.235509,-70.964079,1.51));
#3115 = LINE('',#3116,#3117);
#3116 = CARTESIAN_POINT('',(178.235509,-70.964079,1.51));
#3117 = VECTOR('',#3118,1.);
#3118 = DIRECTION('',(0.,0.,1.));
#3119 = ORIENTED_EDGE('',*,*,#3120,.F.);
#3120 = EDGE_CURVE('',#3082,#3113,#3121,.T.);
#3121 = LINE('',#3122,#3123);
#3122 = CARTESIAN_POINT('',(178.271557,-70.949147,1.51));
#3123 = VECTOR('',#3124,1.);
#3124 = DIRECTION('',(-0.923875640631,-0.38269282806,0.));
#3125 = PLANE('',#3126);
#3126 = AXIS2_PLACEMENT_3D('',#3127,#3128,#3129);
#3127 = CARTESIAN_POINT('',(178.271557,-70.949147,1.51));
#3128 = DIRECTION('',(0.38269282806,-0.923875640631,0.));
#3129 = DIRECTION('',(-0.923875640631,-0.38269282806,0.));
#3130 = ADVANCED_FACE('',(#3131),#3156,.T.);
#3131 = FACE_BOUND('',#3132,.T.);
#3132 = EDGE_LOOP('',(#3133,#3134,#3142,#3150));
#3133 = ORIENTED_EDGE('',*,*,#3112,.T.);
#3134 = ORIENTED_EDGE('',*,*,#3135,.T.);
#3135 = EDGE_CURVE('',#3105,#3136,#3138,.T.);
#3136 = VERTEX_POINT('',#3137);
#3137 = CARTESIAN_POINT('',(175.621491,-70.964079,1.545));
#3138 = LINE('',#3139,#3140);
#3139 = CARTESIAN_POINT('',(178.235509,-70.964079,1.545));
#3140 = VECTOR('',#3141,1.);
#3141 = DIRECTION('',(-1.,0.,0.));
#3142 = ORIENTED_EDGE('',*,*,#3143,.F.);
#3143 = EDGE_CURVE('',#3144,#3136,#3146,.T.);
#3144 = VERTEX_POINT('',#3145);
#3145 = CARTESIAN_POINT('',(175.621491,-70.964079,1.51));
#3146 = LINE('',#3147,#3148);
#3147 = CARTESIAN_POINT('',(175.621491,-70.964079,1.51));
#3148 = VECTOR('',#3149,1.);
#3149 = DIRECTION('',(0.,0.,1.));
#3150 = ORIENTED_EDGE('',*,*,#3151,.F.);
#3151 = EDGE_CURVE('',#3113,#3144,#3152,.T.);
#3152 = LINE('',#3153,#3154);
#3153 = CARTESIAN_POINT('',(178.235509,-70.964079,1.51));
#3154 = VECTOR('',#3155,1.);
#3155 = DIRECTION('',(-1.,0.,0.));
#3156 = PLANE('',#3157);
#3157 = AXIS2_PLACEMENT_3D('',#3158,#3159,#3160);
#3158 = CARTESIAN_POINT('',(178.235509,-70.964079,1.51));
#3159 = DIRECTION('',(0.,-1.,0.));
#3160 = DIRECTION('',(-1.,0.,0.));
#3161 = ADVANCED_FACE('',(#3162),#3187,.T.);
#3162 = FACE_BOUND('',#3163,.T.);
#3163 = EDGE_LOOP('',(#3164,#3165,#3173,#3181));
#3164 = ORIENTED_EDGE('',*,*,#3143,.T.);
#3165 = ORIENTED_EDGE('',*,*,#3166,.T.);
#3166 = EDGE_CURVE('',#3136,#3167,#3169,.T.);
#3167 = VERTEX_POINT('',#3168);
#3168 = CARTESIAN_POINT('',(175.585443,-70.949147,1.545));
#3169 = LINE('',#3170,#3171);
#3170 = CARTESIAN_POINT('',(175.621491,-70.964079,1.545));
#3171 = VECTOR('',#3172,1.);
#3172 = DIRECTION('',(-0.923875640631,0.38269282806,0.));
#3173 = ORIENTED_EDGE('',*,*,#3174,.F.);
#3174 = EDGE_CURVE('',#3175,#3167,#3177,.T.);
#3175 = VERTEX_POINT('',#3176);
#3176 = CARTESIAN_POINT('',(175.585443,-70.949147,1.51));
#3177 = LINE('',#3178,#3179);
#3178 = CARTESIAN_POINT('',(175.585443,-70.949147,1.51));
#3179 = VECTOR('',#3180,1.);
#3180 = DIRECTION('',(0.,0.,1.));
#3181 = ORIENTED_EDGE('',*,*,#3182,.F.);
#3182 = EDGE_CURVE('',#3144,#3175,#3183,.T.);
#3183 = LINE('',#3184,#3185);
#3184 = CARTESIAN_POINT('',(175.621491,-70.964079,1.51));
#3185 = VECTOR('',#3186,1.);
#3186 = DIRECTION('',(-0.923875640631,0.38269282806,0.));
#3187 = PLANE('',#3188);
#3188 = AXIS2_PLACEMENT_3D('',#3189,#3190,#3191);
#3189 = CARTESIAN_POINT('',(175.621491,-70.964079,1.51));
#3190 = DIRECTION('',(-0.38269282806,-0.923875640631,0.));
#3191 = DIRECTION('',(-0.923875640631,0.38269282806,0.));
#3192 = ADVANCED_FACE('',(#3193),#3218,.T.);
#3193 = FACE_BOUND('',#3194,.T.);
#3194 = EDGE_LOOP('',(#3195,#3196,#3204,#3212));
#3195 = ORIENTED_EDGE('',*,*,#3174,.T.);
#3196 = ORIENTED_EDGE('',*,*,#3197,.T.);
#3197 = EDGE_CURVE('',#3167,#3198,#3200,.T.);
#3198 = VERTEX_POINT('',#3199);
#3199 = CARTESIAN_POINT('',(172.037078,-67.4035,1.545));
#3200 = LINE('',#3201,#3202);
#3201 = CARTESIAN_POINT('',(175.585443,-70.949147,1.545));
#3202 = VECTOR('',#3203,1.);
#3203 = DIRECTION('',(-0.707377650183,0.70683580839,0.));
#3204 = ORIENTED_EDGE('',*,*,#3205,.F.);
#3205 = EDGE_CURVE('',#3206,#3198,#3208,.T.);
#3206 = VERTEX_POINT('',#3207);
#3207 = CARTESIAN_POINT('',(172.037078,-67.4035,1.51));
#3208 = LINE('',#3209,#3210);
#3209 = CARTESIAN_POINT('',(172.037078,-67.4035,1.51));
#3210 = VECTOR('',#3211,1.);
#3211 = DIRECTION('',(0.,0.,1.));
#3212 = ORIENTED_EDGE('',*,*,#3213,.F.);
#3213 = EDGE_CURVE('',#3175,#3206,#3214,.T.);
#3214 = LINE('',#3215,#3216);
#3215 = CARTESIAN_POINT('',(175.585443,-70.949147,1.51));
#3216 = VECTOR('',#3217,1.);
#3217 = DIRECTION('',(-0.707377650183,0.70683580839,0.));
#3218 = PLANE('',#3219);
#3219 = AXIS2_PLACEMENT_3D('',#3220,#3221,#3222);
#3220 = CARTESIAN_POINT('',(175.585443,-70.949147,1.51));
#3221 = DIRECTION('',(-0.70683580839,-0.707377650183,0.));
#3222 = DIRECTION('',(-0.707377650183,0.70683580839,0.));
#3223 = ADVANCED_FACE('',(#3224),#3249,.T.);
#3224 = FACE_BOUND('',#3225,.T.);
#3225 = EDGE_LOOP('',(#3226,#3227,#3235,#3243));
#3226 = ORIENTED_EDGE('',*,*,#3205,.T.);
#3227 = ORIENTED_EDGE('',*,*,#3228,.T.);
#3228 = EDGE_CURVE('',#3198,#3229,#3231,.T.);
#3229 = VERTEX_POINT('',#3230);
#3230 = CARTESIAN_POINT('',(163.288375,-67.4035,1.545));
#3231 = LINE('',#3232,#3233);
#3232 = CARTESIAN_POINT('',(172.037078,-67.4035,1.545));
#3233 = VECTOR('',#3234,1.);
#3234 = DIRECTION('',(-1.,0.,0.));
#3235 = ORIENTED_EDGE('',*,*,#3236,.F.);
#3236 = EDGE_CURVE('',#3237,#3229,#3239,.T.);
#3237 = VERTEX_POINT('',#3238);
#3238 = CARTESIAN_POINT('',(163.288375,-67.4035,1.51));
#3239 = LINE('',#3240,#3241);
#3240 = CARTESIAN_POINT('',(163.288375,-67.4035,1.51));
#3241 = VECTOR('',#3242,1.);
#3242 = DIRECTION('',(0.,0.,1.));
#3243 = ORIENTED_EDGE('',*,*,#3244,.F.);
#3244 = EDGE_CURVE('',#3206,#3237,#3245,.T.);
#3245 = LINE('',#3246,#3247);
#3246 = CARTESIAN_POINT('',(172.037078,-67.4035,1.51));
#3247 = VECTOR('',#3248,1.);
#3248 = DIRECTION('',(-1.,0.,0.));
#3249 = PLANE('',#3250);
#3250 = AXIS2_PLACEMENT_3D('',#3251,#3252,#3253);
#3251 = CARTESIAN_POINT('',(172.037078,-67.4035,1.51));
#3252 = DIRECTION('',(0.,-1.,0.));
#3253 = DIRECTION('',(-1.,0.,0.));
#3254 = ADVANCED_FACE('',(#3255),#3280,.T.);
#3255 = FACE_BOUND('',#3256,.T.);
#3256 = EDGE_LOOP('',(#3257,#3258,#3266,#3274));
#3257 = ORIENTED_EDGE('',*,*,#3236,.T.);
#3258 = ORIENTED_EDGE('',*,*,#3259,.T.);
#3259 = EDGE_CURVE('',#3229,#3260,#3262,.T.);
#3260 = VERTEX_POINT('',#3261);
#3261 = CARTESIAN_POINT('',(163.293889,-67.37578,1.545));
#3262 = LINE('',#3263,#3264);
#3263 = CARTESIAN_POINT('',(163.288375,-67.4035,1.545));
#3264 = VECTOR('',#3265,1.);
#3265 = DIRECTION('',(0.195095399255,0.980784270464,0.));
#3266 = ORIENTED_EDGE('',*,*,#3267,.F.);
#3267 = EDGE_CURVE('',#3268,#3260,#3270,.T.);
#3268 = VERTEX_POINT('',#3269);
#3269 = CARTESIAN_POINT('',(163.293889,-67.37578,1.51));
#3270 = LINE('',#3271,#3272);
#3271 = CARTESIAN_POINT('',(163.293889,-67.37578,1.51));
#3272 = VECTOR('',#3273,1.);
#3273 = DIRECTION('',(0.,0.,1.));
#3274 = ORIENTED_EDGE('',*,*,#3275,.F.);
#3275 = EDGE_CURVE('',#3237,#3268,#3276,.T.);
#3276 = LINE('',#3277,#3278);
#3277 = CARTESIAN_POINT('',(163.288375,-67.4035,1.51));
#3278 = VECTOR('',#3279,1.);
#3279 = DIRECTION('',(0.195095399255,0.980784270464,0.));
#3280 = PLANE('',#3281);
#3281 = AXIS2_PLACEMENT_3D('',#3282,#3283,#3284);
#3282 = CARTESIAN_POINT('',(163.288375,-67.4035,1.51));
#3283 = DIRECTION('',(-0.980784270464,0.195095399255,0.));
#3284 = DIRECTION('',(0.195095399255,0.980784270464,0.));
#3285 = ADVANCED_FACE('',(#3286),#3302,.T.);
#3286 = FACE_BOUND('',#3287,.T.);
#3287 = EDGE_LOOP('',(#3288,#3289,#3295,#3296));
#3288 = ORIENTED_EDGE('',*,*,#3267,.T.);
#3289 = ORIENTED_EDGE('',*,*,#3290,.T.);
#3290 = EDGE_CURVE('',#3260,#2785,#3291,.T.);
#3291 = LINE('',#3292,#3293);
#3292 = CARTESIAN_POINT('',(163.293889,-67.37578,1.545));
#3293 = VECTOR('',#3294,1.);
#3294 = DIRECTION('',(0.,1.,0.));
#3295 = ORIENTED_EDGE('',*,*,#2782,.F.);
#3296 = ORIENTED_EDGE('',*,*,#3297,.F.);
#3297 = EDGE_CURVE('',#3268,#2783,#3298,.T.);
#3298 = LINE('',#3299,#3300);
#3299 = CARTESIAN_POINT('',(163.293889,-67.37578,1.51));
#3300 = VECTOR('',#3301,1.);
#3301 = DIRECTION('',(0.,1.,0.));
#3302 = PLANE('',#3303);
#3303 = AXIS2_PLACEMENT_3D('',#3304,#3305,#3306);
#3304 = CARTESIAN_POINT('',(163.293889,-67.37578,1.51));
#3305 = DIRECTION('',(-1.,0.,0.));
#3306 = DIRECTION('',(0.,1.,0.));
#3307 = ADVANCED_FACE('',(#3308),#3335,.F.);
#3308 = FACE_BOUND('',#3309,.T.);
#3309 = EDGE_LOOP('',(#3310,#3320,#3327,#3328));
#3310 = ORIENTED_EDGE('',*,*,#3311,.T.);
#3311 = EDGE_CURVE('',#3312,#3314,#3316,.T.);
#3312 = VERTEX_POINT('',#3313);
#3313 = CARTESIAN_POINT('',(178.607255,-70.612,1.51));
#3314 = VERTEX_POINT('',#3315);
#3315 = CARTESIAN_POINT('',(178.607255,-70.612,1.545));
#3316 = LINE('',#3317,#3318);
#3317 = CARTESIAN_POINT('',(178.607255,-70.612,1.51));
#3318 = VECTOR('',#3319,1.);
#3319 = DIRECTION('',(0.,0.,1.));
#3320 = ORIENTED_EDGE('',*,*,#3321,.T.);
#3321 = EDGE_CURVE('',#3314,#3314,#3322,.T.);
#3322 = CIRCLE('',#3323,0.137255);
#3323 = AXIS2_PLACEMENT_3D('',#3324,#3325,#3326);
#3324 = CARTESIAN_POINT('',(178.47,-70.612,1.545));
#3325 = DIRECTION('',(0.,0.,1.));
#3326 = DIRECTION('',(1.,0.,-0.));
#3327 = ORIENTED_EDGE('',*,*,#3311,.F.);
#3328 = ORIENTED_EDGE('',*,*,#3329,.F.);
#3329 = EDGE_CURVE('',#3312,#3312,#3330,.T.);
#3330 = CIRCLE('',#3331,0.137255);
#3331 = AXIS2_PLACEMENT_3D('',#3332,#3333,#3334);
#3332 = CARTESIAN_POINT('',(178.47,-70.612,1.51));
#3333 = DIRECTION('',(0.,0.,1.));
#3334 = DIRECTION('',(1.,0.,-0.));
#3335 = CYLINDRICAL_SURFACE('',#3336,0.137255);
#3336 = AXIS2_PLACEMENT_3D('',#3337,#3338,#3339);
#3337 = CARTESIAN_POINT('',(178.47,-70.612,1.51));
#3338 = DIRECTION('',(-0.,-0.,-1.));
#3339 = DIRECTION('',(1.,0.,-0.));
#3340 = ADVANCED_FACE('',(#3341,#3360),#3363,.F.);
#3341 = FACE_BOUND('',#3342,.T.);
#3342 = EDGE_LOOP('',(#3343,#3344,#3345,#3346,#3347,#3348,#3349,#3350,
    #3351,#3352,#3353,#3354,#3355,#3356,#3357,#3358,#3359));
#3343 = ORIENTED_EDGE('',*,*,#2808,.T.);
#3344 = ORIENTED_EDGE('',*,*,#2839,.T.);
#3345 = ORIENTED_EDGE('',*,*,#2870,.T.);
#3346 = ORIENTED_EDGE('',*,*,#2901,.T.);
#3347 = ORIENTED_EDGE('',*,*,#2932,.T.);
#3348 = ORIENTED_EDGE('',*,*,#2963,.T.);
#3349 = ORIENTED_EDGE('',*,*,#2994,.T.);
#3350 = ORIENTED_EDGE('',*,*,#3026,.T.);
#3351 = ORIENTED_EDGE('',*,*,#3058,.T.);
#3352 = ORIENTED_EDGE('',*,*,#3089,.T.);
#3353 = ORIENTED_EDGE('',*,*,#3120,.T.);
#3354 = ORIENTED_EDGE('',*,*,#3151,.T.);
#3355 = ORIENTED_EDGE('',*,*,#3182,.T.);
#3356 = ORIENTED_EDGE('',*,*,#3213,.T.);
#3357 = ORIENTED_EDGE('',*,*,#3244,.T.);
#3358 = ORIENTED_EDGE('',*,*,#3275,.T.);
#3359 = ORIENTED_EDGE('',*,*,#3297,.T.);
#3360 = FACE_BOUND('',#3361,.T.);
#3361 = EDGE_LOOP('',(#3362));
#3362 = ORIENTED_EDGE('',*,*,#3329,.T.);
#3363 = PLANE('',#3364);
#3364 = AXIS2_PLACEMENT_3D('',#3365,#3366,#3367);
#3365 = CARTESIAN_POINT('',(0.,0.,1.51));
#3366 = DIRECTION('',(0.,0.,1.));
#3367 = DIRECTION('',(1.,0.,-0.));
#3368 = ADVANCED_FACE('',(#3369,#3388),#3391,.T.);
#3369 = FACE_BOUND('',#3370,.F.);
#3370 = EDGE_LOOP('',(#3371,#3372,#3373,#3374,#3375,#3376,#3377,#3378,
    #3379,#3380,#3381,#3382,#3383,#3384,#3385,#3386,#3387));
#3371 = ORIENTED_EDGE('',*,*,#2792,.T.);
#3372 = ORIENTED_EDGE('',*,*,#2823,.T.);
#3373 = ORIENTED_EDGE('',*,*,#2854,.T.);
#3374 = ORIENTED_EDGE('',*,*,#2885,.T.);
#3375 = ORIENTED_EDGE('',*,*,#2916,.T.);
#3376 = ORIENTED_EDGE('',*,*,#2947,.T.);
#3377 = ORIENTED_EDGE('',*,*,#2978,.T.);
#3378 = ORIENTED_EDGE('',*,*,#3009,.T.);
#3379 = ORIENTED_EDGE('',*,*,#3042,.T.);
#3380 = ORIENTED_EDGE('',*,*,#3073,.T.);
#3381 = ORIENTED_EDGE('',*,*,#3104,.T.);
#3382 = ORIENTED_EDGE('',*,*,#3135,.T.);
#3383 = ORIENTED_EDGE('',*,*,#3166,.T.);
#3384 = ORIENTED_EDGE('',*,*,#3197,.T.);
#3385 = ORIENTED_EDGE('',*,*,#3228,.T.);
#3386 = ORIENTED_EDGE('',*,*,#3259,.T.);
#3387 = ORIENTED_EDGE('',*,*,#3290,.T.);
#3388 = FACE_BOUND('',#3389,.F.);
#3389 = EDGE_LOOP('',(#3390));
#3390 = ORIENTED_EDGE('',*,*,#3321,.T.);
#3391 = PLANE('',#3392);
#3392 = AXIS2_PLACEMENT_3D('',#3393,#3394,#3395);
#3393 = CARTESIAN_POINT('',(0.,0.,1.545));
#3394 = DIRECTION('',(0.,0.,1.));
#3395 = DIRECTION('',(1.,0.,-0.));
#3396 = MANIFOLD_SOLID_BREP('',#3397);
#3397 = CLOSED_SHELL('',(#3398,#3438,#3469,#3500,#3533,#3564,#3595,#3626
    ,#3657,#3688,#3719,#3752,#3774,#3807,#3830));
#3398 = ADVANCED_FACE('',(#3399),#3433,.F.);
#3399 = FACE_BOUND('',#3400,.F.);
#3400 = EDGE_LOOP('',(#3401,#3411,#3419,#3427));
#3401 = ORIENTED_EDGE('',*,*,#3402,.T.);
#3402 = EDGE_CURVE('',#3403,#3405,#3407,.T.);
#3403 = VERTEX_POINT('',#3404);
#3404 = CARTESIAN_POINT('',(178.7395,-70.740078,0.));
#3405 = VERTEX_POINT('',#3406);
#3406 = CARTESIAN_POINT('',(178.7395,-70.740078,-3.5E-02));
#3407 = LINE('',#3408,#3409);
#3408 = CARTESIAN_POINT('',(178.7395,-70.740078,0.));
#3409 = VECTOR('',#3410,1.);
#3410 = DIRECTION('',(0.,0.,-1.));
#3411 = ORIENTED_EDGE('',*,*,#3412,.T.);
#3412 = EDGE_CURVE('',#3405,#3413,#3415,.T.);
#3413 = VERTEX_POINT('',#3414);
#3414 = CARTESIAN_POINT('',(179.325922,-71.3265,-3.5E-02));
#3415 = LINE('',#3416,#3417);
#3416 = CARTESIAN_POINT('',(178.7395,-70.740078,-3.5E-02));
#3417 = VECTOR('',#3418,1.);
#3418 = DIRECTION('',(0.707106781187,-0.707106781187,0.));
#3419 = ORIENTED_EDGE('',*,*,#3420,.F.);
#3420 = EDGE_CURVE('',#3421,#3413,#3423,.T.);
#3421 = VERTEX_POINT('',#3422);
#3422 = CARTESIAN_POINT('',(179.325922,-71.3265,0.));
#3423 = LINE('',#3424,#3425);
#3424 = CARTESIAN_POINT('',(179.325922,-71.3265,0.));
#3425 = VECTOR('',#3426,1.);
#3426 = DIRECTION('',(0.,0.,-1.));
#3427 = ORIENTED_EDGE('',*,*,#3428,.F.);
#3428 = EDGE_CURVE('',#3403,#3421,#3429,.T.);
#3429 = LINE('',#3430,#3431);
#3430 = CARTESIAN_POINT('',(178.7395,-70.740078,0.));
#3431 = VECTOR('',#3432,1.);
#3432 = DIRECTION('',(0.707106781187,-0.707106781187,0.));
#3433 = PLANE('',#3434);
#3434 = AXIS2_PLACEMENT_3D('',#3435,#3436,#3437);
#3435 = CARTESIAN_POINT('',(178.7395,-70.740078,0.));
#3436 = DIRECTION('',(-0.707106781187,-0.707106781187,-0.));
#3437 = DIRECTION('',(0.707106781187,-0.707106781187,0.));
#3438 = ADVANCED_FACE('',(#3439),#3464,.F.);
#3439 = FACE_BOUND('',#3440,.F.);
#3440 = EDGE_LOOP('',(#3441,#3442,#3450,#3458));
#3441 = ORIENTED_EDGE('',*,*,#3420,.T.);
#3442 = ORIENTED_EDGE('',*,*,#3443,.T.);
#3443 = EDGE_CURVE('',#3413,#3444,#3446,.T.);
#3444 = VERTEX_POINT('',#3445);
#3445 = CARTESIAN_POINT('',(209.208578,-71.3265,-3.5E-02));
#3446 = LINE('',#3447,#3448);
#3447 = CARTESIAN_POINT('',(179.325922,-71.3265,-3.5E-02));
#3448 = VECTOR('',#3449,1.);
#3449 = DIRECTION('',(1.,0.,0.));
#3450 = ORIENTED_EDGE('',*,*,#3451,.F.);
#3451 = EDGE_CURVE('',#3452,#3444,#3454,.T.);
#3452 = VERTEX_POINT('',#3453);
#3453 = CARTESIAN_POINT('',(209.208578,-71.3265,0.));
#3454 = LINE('',#3455,#3456);
#3455 = CARTESIAN_POINT('',(209.208578,-71.3265,0.));
#3456 = VECTOR('',#3457,1.);
#3457 = DIRECTION('',(0.,0.,-1.));
#3458 = ORIENTED_EDGE('',*,*,#3459,.F.);
#3459 = EDGE_CURVE('',#3421,#3452,#3460,.T.);
#3460 = LINE('',#3461,#3462);
#3461 = CARTESIAN_POINT('',(179.325922,-71.3265,0.));
#3462 = VECTOR('',#3463,1.);
#3463 = DIRECTION('',(1.,0.,0.));
#3464 = PLANE('',#3465);
#3465 = AXIS2_PLACEMENT_3D('',#3466,#3467,#3468);
#3466 = CARTESIAN_POINT('',(179.325922,-71.3265,0.));
#3467 = DIRECTION('',(0.,-1.,0.));
#3468 = DIRECTION('',(1.,0.,0.));
#3469 = ADVANCED_FACE('',(#3470),#3495,.F.);
#3470 = FACE_BOUND('',#3471,.F.);
#3471 = EDGE_LOOP('',(#3472,#3473,#3481,#3489));
#3472 = ORIENTED_EDGE('',*,*,#3451,.T.);
#3473 = ORIENTED_EDGE('',*,*,#3474,.T.);
#3474 = EDGE_CURVE('',#3444,#3475,#3477,.T.);
#3475 = VERTEX_POINT('',#3476);
#3476 = CARTESIAN_POINT('',(209.947475,-70.589519,-3.5E-02));
#3477 = LINE('',#3478,#3479);
#3478 = CARTESIAN_POINT('',(209.208578,-71.3265,-3.5E-02));
#3479 = VECTOR('',#3480,1.);
#3480 = DIRECTION('',(0.708024157849,0.706188212803,0.));
#3481 = ORIENTED_EDGE('',*,*,#3482,.F.);
#3482 = EDGE_CURVE('',#3483,#3475,#3485,.T.);
#3483 = VERTEX_POINT('',#3484);
#3484 = CARTESIAN_POINT('',(209.947475,-70.589519,0.));
#3485 = LINE('',#3486,#3487);
#3486 = CARTESIAN_POINT('',(209.947475,-70.589519,0.));
#3487 = VECTOR('',#3488,1.);
#3488 = DIRECTION('',(0.,0.,-1.));
#3489 = ORIENTED_EDGE('',*,*,#3490,.F.);
#3490 = EDGE_CURVE('',#3452,#3483,#3491,.T.);
#3491 = LINE('',#3492,#3493);
#3492 = CARTESIAN_POINT('',(209.208578,-71.3265,0.));
#3493 = VECTOR('',#3494,1.);
#3494 = DIRECTION('',(0.708024157849,0.706188212803,0.));
#3495 = PLANE('',#3496);
#3496 = AXIS2_PLACEMENT_3D('',#3497,#3498,#3499);
#3497 = CARTESIAN_POINT('',(209.208578,-71.3265,0.));
#3498 = DIRECTION('',(0.706188212803,-0.708024157849,0.));
#3499 = DIRECTION('',(0.708024157849,0.706188212803,0.));
#3500 = ADVANCED_FACE('',(#3501),#3528,.F.);
#3501 = FACE_BOUND('',#3502,.F.);
#3502 = EDGE_LOOP('',(#3503,#3504,#3513,#3521));
#3503 = ORIENTED_EDGE('',*,*,#3482,.T.);
#3504 = ORIENTED_EDGE('',*,*,#3505,.T.);
#3505 = EDGE_CURVE('',#3475,#3506,#3508,.T.);
#3506 = VERTEX_POINT('',#3507);
#3507 = CARTESIAN_POINT('',(210.086472,-70.728731,-3.5E-02));
#3508 = CIRCLE('',#3509,0.300018233769);
#3509 = AXIS2_PLACEMENT_3D('',#3510,#3511,#3512);
#3510 = CARTESIAN_POINT('',(210.2175477643,-70.45886050401,-3.5E-02));
#3511 = DIRECTION('',(0.,0.,1.));
#3512 = DIRECTION('',(-0.900187834962,-0.435501850498,0.));
#3513 = ORIENTED_EDGE('',*,*,#3514,.F.);
#3514 = EDGE_CURVE('',#3515,#3506,#3517,.T.);
#3515 = VERTEX_POINT('',#3516);
#3516 = CARTESIAN_POINT('',(210.086472,-70.728731,0.));
#3517 = LINE('',#3518,#3519);
#3518 = CARTESIAN_POINT('',(210.086472,-70.728731,0.));
#3519 = VECTOR('',#3520,1.);
#3520 = DIRECTION('',(0.,0.,-1.));
#3521 = ORIENTED_EDGE('',*,*,#3522,.F.);
#3522 = EDGE_CURVE('',#3483,#3515,#3523,.T.);
#3523 = CIRCLE('',#3524,0.300018233769);
#3524 = AXIS2_PLACEMENT_3D('',#3525,#3526,#3527);
#3525 = CARTESIAN_POINT('',(210.2175477643,-70.45886050401,0.));
#3526 = DIRECTION('',(0.,0.,1.));
#3527 = DIRECTION('',(-0.900187834962,-0.435501850498,0.));
#3528 = CYLINDRICAL_SURFACE('',#3529,0.300018233769);
#3529 = AXIS2_PLACEMENT_3D('',#3530,#3531,#3532);
#3530 = CARTESIAN_POINT('',(210.2175477643,-70.45886050401,0.));
#3531 = DIRECTION('',(0.,0.,1.));
#3532 = DIRECTION('',(-0.900187834962,-0.435501850498,0.));
#3533 = ADVANCED_FACE('',(#3534),#3559,.F.);
#3534 = FACE_BOUND('',#3535,.F.);
#3535 = EDGE_LOOP('',(#3536,#3537,#3545,#3553));
#3536 = ORIENTED_EDGE('',*,*,#3514,.T.);
#3537 = ORIENTED_EDGE('',*,*,#3538,.T.);
#3538 = EDGE_CURVE('',#3506,#3539,#3541,.T.);
#3539 = VERTEX_POINT('',#3540);
#3540 = CARTESIAN_POINT('',(209.305557,-71.509647,-3.5E-02));
#3541 = LINE('',#3542,#3543);
#3542 = CARTESIAN_POINT('',(210.086472,-70.728731,-3.5E-02));
#3543 = VECTOR('',#3544,1.);
#3544 = DIRECTION('',(-0.707106328444,-0.707107233929,0.));
#3545 = ORIENTED_EDGE('',*,*,#3546,.F.);
#3546 = EDGE_CURVE('',#3547,#3539,#3549,.T.);
#3547 = VERTEX_POINT('',#3548);
#3548 = CARTESIAN_POINT('',(209.305557,-71.509647,0.));
#3549 = LINE('',#3550,#3551);
#3550 = CARTESIAN_POINT('',(209.305557,-71.509647,0.));
#3551 = VECTOR('',#3552,1.);
#3552 = DIRECTION('',(0.,0.,-1.));
#3553 = ORIENTED_EDGE('',*,*,#3554,.F.);
#3554 = EDGE_CURVE('',#3515,#3547,#3555,.T.);
#3555 = LINE('',#3556,#3557);
#3556 = CARTESIAN_POINT('',(210.086472,-70.728731,0.));
#3557 = VECTOR('',#3558,1.);
#3558 = DIRECTION('',(-0.707106328444,-0.707107233929,0.));
#3559 = PLANE('',#3560);
#3560 = AXIS2_PLACEMENT_3D('',#3561,#3562,#3563);
#3561 = CARTESIAN_POINT('',(210.086472,-70.728731,0.));
#3562 = DIRECTION('',(-0.707107233929,0.707106328444,0.));
#3563 = DIRECTION('',(-0.707106328444,-0.707107233929,0.));
#3564 = ADVANCED_FACE('',(#3565),#3590,.F.);
#3565 = FACE_BOUND('',#3566,.F.);
#3566 = EDGE_LOOP('',(#3567,#3568,#3576,#3584));
#3567 = ORIENTED_EDGE('',*,*,#3546,.T.);
#3568 = ORIENTED_EDGE('',*,*,#3569,.T.);
#3569 = EDGE_CURVE('',#3539,#3570,#3572,.T.);
#3570 = VERTEX_POINT('',#3571);
#3571 = CARTESIAN_POINT('',(209.269509,-71.524579,-3.5E-02));
#3572 = LINE('',#3573,#3574);
#3573 = CARTESIAN_POINT('',(209.305557,-71.509647,-3.5E-02));
#3574 = VECTOR('',#3575,1.);
#3575 = DIRECTION('',(-0.923875640631,-0.38269282806,0.));
#3576 = ORIENTED_EDGE('',*,*,#3577,.F.);
#3577 = EDGE_CURVE('',#3578,#3570,#3580,.T.);
#3578 = VERTEX_POINT('',#3579);
#3579 = CARTESIAN_POINT('',(209.269509,-71.524579,0.));
#3580 = LINE('',#3581,#3582);
#3581 = CARTESIAN_POINT('',(209.269509,-71.524579,0.));
#3582 = VECTOR('',#3583,1.);
#3583 = DIRECTION('',(0.,0.,-1.));
#3584 = ORIENTED_EDGE('',*,*,#3585,.F.);
#3585 = EDGE_CURVE('',#3547,#3578,#3586,.T.);
#3586 = LINE('',#3587,#3588);
#3587 = CARTESIAN_POINT('',(209.305557,-71.509647,0.));
#3588 = VECTOR('',#3589,1.);
#3589 = DIRECTION('',(-0.923875640631,-0.38269282806,0.));
#3590 = PLANE('',#3591);
#3591 = AXIS2_PLACEMENT_3D('',#3592,#3593,#3594);
#3592 = CARTESIAN_POINT('',(209.305557,-71.509647,0.));
#3593 = DIRECTION('',(-0.38269282806,0.923875640631,0.));
#3594 = DIRECTION('',(-0.923875640631,-0.38269282806,0.));
#3595 = ADVANCED_FACE('',(#3596),#3621,.F.);
#3596 = FACE_BOUND('',#3597,.F.);
#3597 = EDGE_LOOP('',(#3598,#3599,#3607,#3615));
#3598 = ORIENTED_EDGE('',*,*,#3577,.T.);
#3599 = ORIENTED_EDGE('',*,*,#3600,.T.);
#3600 = EDGE_CURVE('',#3570,#3601,#3603,.T.);
#3601 = VERTEX_POINT('',#3602);
#3602 = CARTESIAN_POINT('',(179.264991,-71.524579,-3.5E-02));
#3603 = LINE('',#3604,#3605);
#3604 = CARTESIAN_POINT('',(209.269509,-71.524579,-3.5E-02));
#3605 = VECTOR('',#3606,1.);
#3606 = DIRECTION('',(-1.,0.,0.));
#3607 = ORIENTED_EDGE('',*,*,#3608,.F.);
#3608 = EDGE_CURVE('',#3609,#3601,#3611,.T.);
#3609 = VERTEX_POINT('',#3610);
#3610 = CARTESIAN_POINT('',(179.264991,-71.524579,0.));
#3611 = LINE('',#3612,#3613);
#3612 = CARTESIAN_POINT('',(179.264991,-71.524579,0.));
#3613 = VECTOR('',#3614,1.);
#3614 = DIRECTION('',(0.,0.,-1.));
#3615 = ORIENTED_EDGE('',*,*,#3616,.F.);
#3616 = EDGE_CURVE('',#3578,#3609,#3617,.T.);
#3617 = LINE('',#3618,#3619);
#3618 = CARTESIAN_POINT('',(209.269509,-71.524579,0.));
#3619 = VECTOR('',#3620,1.);
#3620 = DIRECTION('',(-1.,0.,0.));
#3621 = PLANE('',#3622);
#3622 = AXIS2_PLACEMENT_3D('',#3623,#3624,#3625);
#3623 = CARTESIAN_POINT('',(209.269509,-71.524579,0.));
#3624 = DIRECTION('',(0.,1.,0.));
#3625 = DIRECTION('',(-1.,0.,0.));
#3626 = ADVANCED_FACE('',(#3627),#3652,.F.);
#3627 = FACE_BOUND('',#3628,.F.);
#3628 = EDGE_LOOP('',(#3629,#3630,#3638,#3646));
#3629 = ORIENTED_EDGE('',*,*,#3608,.T.);
#3630 = ORIENTED_EDGE('',*,*,#3631,.T.);
#3631 = EDGE_CURVE('',#3601,#3632,#3634,.T.);
#3632 = VERTEX_POINT('',#3633);
#3633 = CARTESIAN_POINT('',(179.228943,-71.509647,-3.5E-02));
#3634 = LINE('',#3635,#3636);
#3635 = CARTESIAN_POINT('',(179.264991,-71.524579,-3.5E-02));
#3636 = VECTOR('',#3637,1.);
#3637 = DIRECTION('',(-0.923875640631,0.38269282806,0.));
#3638 = ORIENTED_EDGE('',*,*,#3639,.F.);
#3639 = EDGE_CURVE('',#3640,#3632,#3642,.T.);
#3640 = VERTEX_POINT('',#3641);
#3641 = CARTESIAN_POINT('',(179.228943,-71.509647,0.));
#3642 = LINE('',#3643,#3644);
#3643 = CARTESIAN_POINT('',(179.228943,-71.509647,0.));
#3644 = VECTOR('',#3645,1.);
#3645 = DIRECTION('',(0.,0.,-1.));
#3646 = ORIENTED_EDGE('',*,*,#3647,.F.);
#3647 = EDGE_CURVE('',#3609,#3640,#3648,.T.);
#3648 = LINE('',#3649,#3650);
#3649 = CARTESIAN_POINT('',(179.264991,-71.524579,0.));
#3650 = VECTOR('',#3651,1.);
#3651 = DIRECTION('',(-0.923875640631,0.38269282806,0.));
#3652 = PLANE('',#3653);
#3653 = AXIS2_PLACEMENT_3D('',#3654,#3655,#3656);
#3654 = CARTESIAN_POINT('',(179.264991,-71.524579,0.));
#3655 = DIRECTION('',(0.38269282806,0.923875640631,0.));
#3656 = DIRECTION('',(-0.923875640631,0.38269282806,0.));
#3657 = ADVANCED_FACE('',(#3658),#3683,.F.);
#3658 = FACE_BOUND('',#3659,.F.);
#3659 = EDGE_LOOP('',(#3660,#3661,#3669,#3677));
#3660 = ORIENTED_EDGE('',*,*,#3639,.T.);
#3661 = ORIENTED_EDGE('',*,*,#3662,.T.);
#3662 = EDGE_CURVE('',#3632,#3663,#3665,.T.);
#3663 = VERTEX_POINT('',#3664);
#3664 = CARTESIAN_POINT('',(178.598078,-70.8815,-3.5E-02));
#3665 = LINE('',#3666,#3667);
#3666 = CARTESIAN_POINT('',(179.228943,-71.509647,-3.5E-02));
#3667 = VECTOR('',#3668,1.);
#3668 = DIRECTION('',(-0.708631657208,0.705578609655,0.));
#3669 = ORIENTED_EDGE('',*,*,#3670,.F.);
#3670 = EDGE_CURVE('',#3671,#3663,#3673,.T.);
#3671 = VERTEX_POINT('',#3672);
#3672 = CARTESIAN_POINT('',(178.598078,-70.8815,0.));
#3673 = LINE('',#3674,#3675);
#3674 = CARTESIAN_POINT('',(178.598078,-70.8815,0.));
#3675 = VECTOR('',#3676,1.);
#3676 = DIRECTION('',(0.,0.,-1.));
#3677 = ORIENTED_EDGE('',*,*,#3678,.F.);
#3678 = EDGE_CURVE('',#3640,#3671,#3679,.T.);
#3679 = LINE('',#3680,#3681);
#3680 = CARTESIAN_POINT('',(179.228943,-71.509647,0.));
#3681 = VECTOR('',#3682,1.);
#3682 = DIRECTION('',(-0.708631657208,0.705578609655,0.));
#3683 = PLANE('',#3684);
#3684 = AXIS2_PLACEMENT_3D('',#3685,#3686,#3687);
#3685 = CARTESIAN_POINT('',(179.228943,-71.509647,0.));
#3686 = DIRECTION('',(0.705578609655,0.708631657208,0.));
#3687 = DIRECTION('',(-0.708631657208,0.705578609655,0.));
#3688 = ADVANCED_FACE('',(#3689),#3714,.F.);
#3689 = FACE_BOUND('',#3690,.F.);
#3690 = EDGE_LOOP('',(#3691,#3692,#3700,#3708));
#3691 = ORIENTED_EDGE('',*,*,#3670,.T.);
#3692 = ORIENTED_EDGE('',*,*,#3693,.T.);
#3693 = EDGE_CURVE('',#3663,#3694,#3696,.T.);
#3694 = VERTEX_POINT('',#3695);
#3695 = CARTESIAN_POINT('',(178.584805,-70.889164,-3.5E-02));
#3696 = LINE('',#3697,#3698);
#3697 = CARTESIAN_POINT('',(178.598078,-70.8815,-3.5E-02));
#3698 = VECTOR('',#3699,1.);
#3699 = DIRECTION('',(-0.866001957081,-0.500040608684,0.));
#3700 = ORIENTED_EDGE('',*,*,#3701,.F.);
#3701 = EDGE_CURVE('',#3702,#3694,#3704,.T.);
#3702 = VERTEX_POINT('',#3703);
#3703 = CARTESIAN_POINT('',(178.584805,-70.889164,0.));
#3704 = LINE('',#3705,#3706);
#3705 = CARTESIAN_POINT('',(178.584805,-70.889164,0.));
#3706 = VECTOR('',#3707,1.);
#3707 = DIRECTION('',(0.,0.,-1.));
#3708 = ORIENTED_EDGE('',*,*,#3709,.F.);
#3709 = EDGE_CURVE('',#3671,#3702,#3710,.T.);
#3710 = LINE('',#3711,#3712);
#3711 = CARTESIAN_POINT('',(178.598078,-70.8815,0.));
#3712 = VECTOR('',#3713,1.);
#3713 = DIRECTION('',(-0.866001957081,-0.500040608684,0.));
#3714 = PLANE('',#3715);
#3715 = AXIS2_PLACEMENT_3D('',#3716,#3717,#3718);
#3716 = CARTESIAN_POINT('',(178.598078,-70.8815,0.));
#3717 = DIRECTION('',(-0.500040608684,0.866001957081,0.));
#3718 = DIRECTION('',(-0.866001957081,-0.500040608684,0.));
#3719 = ADVANCED_FACE('',(#3720),#3747,.T.);
#3720 = FACE_BOUND('',#3721,.F.);
#3721 = EDGE_LOOP('',(#3722,#3723,#3732,#3740));
#3722 = ORIENTED_EDGE('',*,*,#3701,.T.);
#3723 = ORIENTED_EDGE('',*,*,#3724,.T.);
#3724 = EDGE_CURVE('',#3694,#3725,#3727,.T.);
#3725 = VERTEX_POINT('',#3726);
#3726 = CARTESIAN_POINT('',(178.747164,-70.726805,-3.5E-02));
#3727 = CIRCLE('',#3728,0.300000118202);
#3728 = AXIS2_PLACEMENT_3D('',#3729,#3730,#3731);
#3729 = CARTESIAN_POINT('',(178.47,-70.612,-3.5E-02));
#3730 = DIRECTION('',(0.,0.,-1.));
#3731 = DIRECTION('',(0.382683182554,-0.923879635986,0.));
#3732 = ORIENTED_EDGE('',*,*,#3733,.F.);
#3733 = EDGE_CURVE('',#3734,#3725,#3736,.T.);
#3734 = VERTEX_POINT('',#3735);
#3735 = CARTESIAN_POINT('',(178.747164,-70.726805,0.));
#3736 = LINE('',#3737,#3738);
#3737 = CARTESIAN_POINT('',(178.747164,-70.726805,0.));
#3738 = VECTOR('',#3739,1.);
#3739 = DIRECTION('',(0.,0.,-1.));
#3740 = ORIENTED_EDGE('',*,*,#3741,.F.);
#3741 = EDGE_CURVE('',#3702,#3734,#3742,.T.);
#3742 = CIRCLE('',#3743,0.300000118202);
#3743 = AXIS2_PLACEMENT_3D('',#3744,#3745,#3746);
#3744 = CARTESIAN_POINT('',(178.47,-70.612,0.));
#3745 = DIRECTION('',(0.,0.,-1.));
#3746 = DIRECTION('',(0.382683182554,-0.923879635986,0.));
#3747 = CYLINDRICAL_SURFACE('',#3748,0.300000118202);
#3748 = AXIS2_PLACEMENT_3D('',#3749,#3750,#3751);
#3749 = CARTESIAN_POINT('',(178.47,-70.612,0.));
#3750 = DIRECTION('',(-0.,-0.,1.));
#3751 = DIRECTION('',(0.382683182554,-0.923879635986,0.));
#3752 = ADVANCED_FACE('',(#3753),#3769,.F.);
#3753 = FACE_BOUND('',#3754,.F.);
#3754 = EDGE_LOOP('',(#3755,#3756,#3762,#3763));
#3755 = ORIENTED_EDGE('',*,*,#3733,.T.);
#3756 = ORIENTED_EDGE('',*,*,#3757,.T.);
#3757 = EDGE_CURVE('',#3725,#3405,#3758,.T.);
#3758 = LINE('',#3759,#3760);
#3759 = CARTESIAN_POINT('',(178.747164,-70.726805,-3.5E-02));
#3760 = VECTOR('',#3761,1.);
#3761 = DIRECTION('',(-0.500040608684,-0.86600195708,0.));
#3762 = ORIENTED_EDGE('',*,*,#3402,.F.);
#3763 = ORIENTED_EDGE('',*,*,#3764,.F.);
#3764 = EDGE_CURVE('',#3734,#3403,#3765,.T.);
#3765 = LINE('',#3766,#3767);
#3766 = CARTESIAN_POINT('',(178.747164,-70.726805,0.));
#3767 = VECTOR('',#3768,1.);
#3768 = DIRECTION('',(-0.500040608684,-0.86600195708,0.));
#3769 = PLANE('',#3770);
#3770 = AXIS2_PLACEMENT_3D('',#3771,#3772,#3773);
#3771 = CARTESIAN_POINT('',(178.747164,-70.726805,0.));
#3772 = DIRECTION('',(-0.86600195708,0.500040608684,0.));
#3773 = DIRECTION('',(-0.500040608684,-0.86600195708,0.));
#3774 = ADVANCED_FACE('',(#3775),#3802,.F.);
#3775 = FACE_BOUND('',#3776,.F.);
#3776 = EDGE_LOOP('',(#3777,#3787,#3794,#3795));
#3777 = ORIENTED_EDGE('',*,*,#3778,.T.);
#3778 = EDGE_CURVE('',#3779,#3781,#3783,.T.);
#3779 = VERTEX_POINT('',#3780);
#3780 = CARTESIAN_POINT('',(178.607255,-70.612,0.));
#3781 = VERTEX_POINT('',#3782);
#3782 = CARTESIAN_POINT('',(178.607255,-70.612,-3.5E-02));
#3783 = LINE('',#3784,#3785);
#3784 = CARTESIAN_POINT('',(178.607255,-70.612,0.));
#3785 = VECTOR('',#3786,1.);
#3786 = DIRECTION('',(0.,0.,-1.));
#3787 = ORIENTED_EDGE('',*,*,#3788,.T.);
#3788 = EDGE_CURVE('',#3781,#3781,#3789,.T.);
#3789 = CIRCLE('',#3790,0.137255);
#3790 = AXIS2_PLACEMENT_3D('',#3791,#3792,#3793);
#3791 = CARTESIAN_POINT('',(178.47,-70.612,-3.5E-02));
#3792 = DIRECTION('',(0.,0.,1.));
#3793 = DIRECTION('',(1.,0.,-0.));
#3794 = ORIENTED_EDGE('',*,*,#3778,.F.);
#3795 = ORIENTED_EDGE('',*,*,#3796,.F.);
#3796 = EDGE_CURVE('',#3779,#3779,#3797,.T.);
#3797 = CIRCLE('',#3798,0.137255);
#3798 = AXIS2_PLACEMENT_3D('',#3799,#3800,#3801);
#3799 = CARTESIAN_POINT('',(178.47,-70.612,0.));
#3800 = DIRECTION('',(0.,0.,1.));
#3801 = DIRECTION('',(1.,0.,-0.));
#3802 = CYLINDRICAL_SURFACE('',#3803,0.137255);
#3803 = AXIS2_PLACEMENT_3D('',#3804,#3805,#3806);
#3804 = CARTESIAN_POINT('',(178.47,-70.612,0.));
#3805 = DIRECTION('',(0.,0.,1.));
#3806 = DIRECTION('',(1.,0.,-0.));
#3807 = ADVANCED_FACE('',(#3808,#3822),#3825,.F.);
#3808 = FACE_BOUND('',#3809,.F.);
#3809 = EDGE_LOOP('',(#3810,#3811,#3812,#3813,#3814,#3815,#3816,#3817,
    #3818,#3819,#3820,#3821));
#3810 = ORIENTED_EDGE('',*,*,#3428,.T.);
#3811 = ORIENTED_EDGE('',*,*,#3459,.T.);
#3812 = ORIENTED_EDGE('',*,*,#3490,.T.);
#3813 = ORIENTED_EDGE('',*,*,#3522,.T.);
#3814 = ORIENTED_EDGE('',*,*,#3554,.T.);
#3815 = ORIENTED_EDGE('',*,*,#3585,.T.);
#3816 = ORIENTED_EDGE('',*,*,#3616,.T.);
#3817 = ORIENTED_EDGE('',*,*,#3647,.T.);
#3818 = ORIENTED_EDGE('',*,*,#3678,.T.);
#3819 = ORIENTED_EDGE('',*,*,#3709,.T.);
#3820 = ORIENTED_EDGE('',*,*,#3741,.T.);
#3821 = ORIENTED_EDGE('',*,*,#3764,.T.);
#3822 = FACE_BOUND('',#3823,.F.);
#3823 = EDGE_LOOP('',(#3824));
#3824 = ORIENTED_EDGE('',*,*,#3796,.T.);
#3825 = PLANE('',#3826);
#3826 = AXIS2_PLACEMENT_3D('',#3827,#3828,#3829);
#3827 = CARTESIAN_POINT('',(0.,0.,0.));
#3828 = DIRECTION('',(-0.,-0.,-1.));
#3829 = DIRECTION('',(-1.,0.,0.));
#3830 = ADVANCED_FACE('',(#3831,#3845),#3848,.T.);
#3831 = FACE_BOUND('',#3832,.T.);
#3832 = EDGE_LOOP('',(#3833,#3834,#3835,#3836,#3837,#3838,#3839,#3840,
    #3841,#3842,#3843,#3844));
#3833 = ORIENTED_EDGE('',*,*,#3412,.T.);
#3834 = ORIENTED_EDGE('',*,*,#3443,.T.);
#3835 = ORIENTED_EDGE('',*,*,#3474,.T.);
#3836 = ORIENTED_EDGE('',*,*,#3505,.T.);
#3837 = ORIENTED_EDGE('',*,*,#3538,.T.);
#3838 = ORIENTED_EDGE('',*,*,#3569,.T.);
#3839 = ORIENTED_EDGE('',*,*,#3600,.T.);
#3840 = ORIENTED_EDGE('',*,*,#3631,.T.);
#3841 = ORIENTED_EDGE('',*,*,#3662,.T.);
#3842 = ORIENTED_EDGE('',*,*,#3693,.T.);
#3843 = ORIENTED_EDGE('',*,*,#3724,.T.);
#3844 = ORIENTED_EDGE('',*,*,#3757,.T.);
#3845 = FACE_BOUND('',#3846,.T.);
#3846 = EDGE_LOOP('',(#3847));
#3847 = ORIENTED_EDGE('',*,*,#3788,.T.);
#3848 = PLANE('',#3849);
#3849 = AXIS2_PLACEMENT_3D('',#3850,#3851,#3852);
#3850 = CARTESIAN_POINT('',(0.,0.,-3.5E-02));
#3851 = DIRECTION('',(-0.,-0.,-1.));
#3852 = DIRECTION('',(-1.,0.,0.));
#3853 = MANIFOLD_SOLID_BREP('',#3854);
#3854 = CLOSED_SHELL('',(#3855,#3897,#3928,#3959,#3990,#4021,#4052,#4083
    ,#4114,#4145,#4176,#4207,#4238,#4269,#4300,#4331,#4362,#4393,#4424,
    #4455,#4486,#4517,#4550,#4581,#4612,#4643,#4674,#4696,#4731));
#3855 = ADVANCED_FACE('',(#3856),#3892,.T.);
#3856 = FACE_BOUND('',#3857,.T.);
#3857 = EDGE_LOOP('',(#3858,#3868,#3877,#3885));
#3858 = ORIENTED_EDGE('',*,*,#3859,.T.);
#3859 = EDGE_CURVE('',#3860,#3862,#3864,.T.);
#3860 = VERTEX_POINT('',#3861);
#3861 = CARTESIAN_POINT('',(214.701443,-67.607853,1.51));
#3862 = VERTEX_POINT('',#3863);
#3863 = CARTESIAN_POINT('',(214.701443,-67.607853,1.545));
#3864 = LINE('',#3865,#3866);
#3865 = CARTESIAN_POINT('',(214.701443,-67.607853,1.51));
#3866 = VECTOR('',#3867,1.);
#3867 = DIRECTION('',(0.,0.,1.));
#3868 = ORIENTED_EDGE('',*,*,#3869,.T.);
#3869 = EDGE_CURVE('',#3862,#3870,#3872,.T.);
#3870 = VERTEX_POINT('',#3871);
#3871 = CARTESIAN_POINT('',(214.855079,-67.671491,1.545));
#3872 = CIRCLE('',#3873,0.100000590676);
#3873 = AXIS2_PLACEMENT_3D('',#3874,#3875,#3876);
#3874 = CARTESIAN_POINT('',(214.757,-67.69100068719,1.545));
#3875 = DIRECTION('',(0.,0.,-1.));
#3876 = DIRECTION('',(-0.555566718399,0.831471960686,0.));
#3877 = ORIENTED_EDGE('',*,*,#3878,.F.);
#3878 = EDGE_CURVE('',#3879,#3870,#3881,.T.);
#3879 = VERTEX_POINT('',#3880);
#3880 = CARTESIAN_POINT('',(214.855079,-67.671491,1.51));
#3881 = LINE('',#3882,#3883);
#3882 = CARTESIAN_POINT('',(214.855079,-67.671491,1.51));
#3883 = VECTOR('',#3884,1.);
#3884 = DIRECTION('',(0.,0.,1.));
#3885 = ORIENTED_EDGE('',*,*,#3886,.F.);
#3886 = EDGE_CURVE('',#3860,#3879,#3887,.T.);
#3887 = CIRCLE('',#3888,0.100000590676);
#3888 = AXIS2_PLACEMENT_3D('',#3889,#3890,#3891);
#3889 = CARTESIAN_POINT('',(214.757,-67.69100068719,1.51));
#3890 = DIRECTION('',(0.,0.,-1.));
#3891 = DIRECTION('',(-0.555566718399,0.831471960686,0.));
#3892 = CYLINDRICAL_SURFACE('',#3893,0.100000590676);
#3893 = AXIS2_PLACEMENT_3D('',#3894,#3895,#3896);
#3894 = CARTESIAN_POINT('',(214.757,-67.69100068719,1.51));
#3895 = DIRECTION('',(0.,0.,-1.));
#3896 = DIRECTION('',(-0.555566718399,0.831471960686,0.));
#3897 = ADVANCED_FACE('',(#3898),#3923,.T.);
#3898 = FACE_BOUND('',#3899,.T.);
#3899 = EDGE_LOOP('',(#3900,#3901,#3909,#3917));
#3900 = ORIENTED_EDGE('',*,*,#3878,.T.);
#3901 = ORIENTED_EDGE('',*,*,#3902,.T.);
#3902 = EDGE_CURVE('',#3870,#3903,#3905,.T.);
#3903 = VERTEX_POINT('',#3904);
#3904 = CARTESIAN_POINT('',(214.855079,-80.791509,1.545));
#3905 = LINE('',#3906,#3907);
#3906 = CARTESIAN_POINT('',(214.855079,-67.671491,1.545));
#3907 = VECTOR('',#3908,1.);
#3908 = DIRECTION('',(0.,-1.,0.));
#3909 = ORIENTED_EDGE('',*,*,#3910,.F.);
#3910 = EDGE_CURVE('',#3911,#3903,#3913,.T.);
#3911 = VERTEX_POINT('',#3912);
#3912 = CARTESIAN_POINT('',(214.855079,-80.791509,1.51));
#3913 = LINE('',#3914,#3915);
#3914 = CARTESIAN_POINT('',(214.855079,-80.791509,1.51));
#3915 = VECTOR('',#3916,1.);
#3916 = DIRECTION('',(0.,0.,1.));
#3917 = ORIENTED_EDGE('',*,*,#3918,.F.);
#3918 = EDGE_CURVE('',#3879,#3911,#3919,.T.);
#3919 = LINE('',#3920,#3921);
#3920 = CARTESIAN_POINT('',(214.855079,-67.671491,1.51));
#3921 = VECTOR('',#3922,1.);
#3922 = DIRECTION('',(0.,-1.,0.));
#3923 = PLANE('',#3924);
#3924 = AXIS2_PLACEMENT_3D('',#3925,#3926,#3927);
#3925 = CARTESIAN_POINT('',(214.855079,-67.671491,1.51));
#3926 = DIRECTION('',(1.,0.,-0.));
#3927 = DIRECTION('',(0.,-1.,0.));
#3928 = ADVANCED_FACE('',(#3929),#3954,.T.);
#3929 = FACE_BOUND('',#3930,.T.);
#3930 = EDGE_LOOP('',(#3931,#3932,#3940,#3948));
#3931 = ORIENTED_EDGE('',*,*,#3910,.T.);
#3932 = ORIENTED_EDGE('',*,*,#3933,.T.);
#3933 = EDGE_CURVE('',#3903,#3934,#3936,.T.);
#3934 = VERTEX_POINT('',#3935);
#3935 = CARTESIAN_POINT('',(214.840147,-80.827557,1.545));
#3936 = LINE('',#3937,#3938);
#3937 = CARTESIAN_POINT('',(214.855079,-80.791509,1.545));
#3938 = VECTOR('',#3939,1.);
#3939 = DIRECTION('',(-0.38269282806,-0.923875640631,0.));
#3940 = ORIENTED_EDGE('',*,*,#3941,.F.);
#3941 = EDGE_CURVE('',#3942,#3934,#3944,.T.);
#3942 = VERTEX_POINT('',#3943);
#3943 = CARTESIAN_POINT('',(214.840147,-80.827557,1.51));
#3944 = LINE('',#3945,#3946);
#3945 = CARTESIAN_POINT('',(214.840147,-80.827557,1.51));
#3946 = VECTOR('',#3947,1.);
#3947 = DIRECTION('',(0.,0.,1.));
#3948 = ORIENTED_EDGE('',*,*,#3949,.F.);
#3949 = EDGE_CURVE('',#3911,#3942,#3950,.T.);
#3950 = LINE('',#3951,#3952);
#3951 = CARTESIAN_POINT('',(214.855079,-80.791509,1.51));
#3952 = VECTOR('',#3953,1.);
#3953 = DIRECTION('',(-0.38269282806,-0.923875640631,0.));
#3954 = PLANE('',#3955);
#3955 = AXIS2_PLACEMENT_3D('',#3956,#3957,#3958);
#3956 = CARTESIAN_POINT('',(214.855079,-80.791509,1.51));
#3957 = DIRECTION('',(0.923875640631,-0.38269282806,0.));
#3958 = DIRECTION('',(-0.38269282806,-0.923875640631,0.));
#3959 = ADVANCED_FACE('',(#3960),#3985,.T.);
#3960 = FACE_BOUND('',#3961,.T.);
#3961 = EDGE_LOOP('',(#3962,#3963,#3971,#3979));
#3962 = ORIENTED_EDGE('',*,*,#3941,.T.);
#3963 = ORIENTED_EDGE('',*,*,#3964,.T.);
#3964 = EDGE_CURVE('',#3934,#3965,#3967,.T.);
#3965 = VERTEX_POINT('',#3966);
#3966 = CARTESIAN_POINT('',(203.509557,-92.158147,1.545));
#3967 = LINE('',#3968,#3969);
#3968 = CARTESIAN_POINT('',(214.840147,-80.827557,1.545));
#3969 = VECTOR('',#3970,1.);
#3970 = DIRECTION('',(-0.707106781187,-0.707106781187,0.));
#3971 = ORIENTED_EDGE('',*,*,#3972,.F.);
#3972 = EDGE_CURVE('',#3973,#3965,#3975,.T.);
#3973 = VERTEX_POINT('',#3974);
#3974 = CARTESIAN_POINT('',(203.509557,-92.158147,1.51));
#3975 = LINE('',#3976,#3977);
#3976 = CARTESIAN_POINT('',(203.509557,-92.158147,1.51));
#3977 = VECTOR('',#3978,1.);
#3978 = DIRECTION('',(0.,0.,1.));
#3979 = ORIENTED_EDGE('',*,*,#3980,.F.);
#3980 = EDGE_CURVE('',#3942,#3973,#3981,.T.);
#3981 = LINE('',#3982,#3983);
#3982 = CARTESIAN_POINT('',(214.840147,-80.827557,1.51));
#3983 = VECTOR('',#3984,1.);
#3984 = DIRECTION('',(-0.707106781187,-0.707106781187,0.));
#3985 = PLANE('',#3986);
#3986 = AXIS2_PLACEMENT_3D('',#3987,#3988,#3989);
#3987 = CARTESIAN_POINT('',(214.840147,-80.827557,1.51));
#3988 = DIRECTION('',(0.707106781187,-0.707106781187,0.));
#3989 = DIRECTION('',(-0.707106781187,-0.707106781187,0.));
#3990 = ADVANCED_FACE('',(#3991),#4016,.T.);
#3991 = FACE_BOUND('',#3992,.T.);
#3992 = EDGE_LOOP('',(#3993,#3994,#4002,#4010));
#3993 = ORIENTED_EDGE('',*,*,#3972,.T.);
#3994 = ORIENTED_EDGE('',*,*,#3995,.T.);
#3995 = EDGE_CURVE('',#3965,#3996,#3998,.T.);
#3996 = VERTEX_POINT('',#3997);
#3997 = CARTESIAN_POINT('',(203.473509,-92.173079,1.545));
#3998 = LINE('',#3999,#4000);
#3999 = CARTESIAN_POINT('',(203.509557,-92.158147,1.545));
#4000 = VECTOR('',#4001,1.);
#4001 = DIRECTION('',(-0.923875640631,-0.38269282806,0.));
#4002 = ORIENTED_EDGE('',*,*,#4003,.F.);
#4003 = EDGE_CURVE('',#4004,#3996,#4006,.T.);
#4004 = VERTEX_POINT('',#4005);
#4005 = CARTESIAN_POINT('',(203.473509,-92.173079,1.51));
#4006 = LINE('',#4007,#4008);
#4007 = CARTESIAN_POINT('',(203.473509,-92.173079,1.51));
#4008 = VECTOR('',#4009,1.);
#4009 = DIRECTION('',(0.,0.,1.));
#4010 = ORIENTED_EDGE('',*,*,#4011,.F.);
#4011 = EDGE_CURVE('',#3973,#4004,#4012,.T.);
#4012 = LINE('',#4013,#4014);
#4013 = CARTESIAN_POINT('',(203.509557,-92.158147,1.51));
#4014 = VECTOR('',#4015,1.);
#4015 = DIRECTION('',(-0.923875640631,-0.38269282806,0.));
#4016 = PLANE('',#4017);
#4017 = AXIS2_PLACEMENT_3D('',#4018,#4019,#4020);
#4018 = CARTESIAN_POINT('',(203.509557,-92.158147,1.51));
#4019 = DIRECTION('',(0.38269282806,-0.923875640631,0.));
#4020 = DIRECTION('',(-0.923875640631,-0.38269282806,0.));
#4021 = ADVANCED_FACE('',(#4022),#4047,.T.);
#4022 = FACE_BOUND('',#4023,.T.);
#4023 = EDGE_LOOP('',(#4024,#4025,#4033,#4041));
#4024 = ORIENTED_EDGE('',*,*,#4003,.T.);
#4025 = ORIENTED_EDGE('',*,*,#4026,.T.);
#4026 = EDGE_CURVE('',#3996,#4027,#4029,.T.);
#4027 = VERTEX_POINT('',#4028);
#4028 = CARTESIAN_POINT('',(147.269857,-92.173079,1.545));
#4029 = LINE('',#4030,#4031);
#4030 = CARTESIAN_POINT('',(203.473509,-92.173079,1.545));
#4031 = VECTOR('',#4032,1.);
#4032 = DIRECTION('',(-1.,0.,0.));
#4033 = ORIENTED_EDGE('',*,*,#4034,.F.);
#4034 = EDGE_CURVE('',#4035,#4027,#4037,.T.);
#4035 = VERTEX_POINT('',#4036);
#4036 = CARTESIAN_POINT('',(147.269857,-92.173079,1.51));
#4037 = LINE('',#4038,#4039);
#4038 = CARTESIAN_POINT('',(147.269857,-92.173079,1.51));
#4039 = VECTOR('',#4040,1.);
#4040 = DIRECTION('',(0.,0.,1.));
#4041 = ORIENTED_EDGE('',*,*,#4042,.F.);
#4042 = EDGE_CURVE('',#4004,#4035,#4043,.T.);
#4043 = LINE('',#4044,#4045);
#4044 = CARTESIAN_POINT('',(203.473509,-92.173079,1.51));
#4045 = VECTOR('',#4046,1.);
#4046 = DIRECTION('',(-1.,0.,0.));
#4047 = PLANE('',#4048);
#4048 = AXIS2_PLACEMENT_3D('',#4049,#4050,#4051);
#4049 = CARTESIAN_POINT('',(203.473509,-92.173079,1.51));
#4050 = DIRECTION('',(0.,-1.,0.));
#4051 = DIRECTION('',(-1.,0.,0.));
#4052 = ADVANCED_FACE('',(#4053),#4078,.T.);
#4053 = FACE_BOUND('',#4054,.T.);
#4054 = EDGE_LOOP('',(#4055,#4056,#4064,#4072));
#4055 = ORIENTED_EDGE('',*,*,#4034,.T.);
#4056 = ORIENTED_EDGE('',*,*,#4057,.T.);
#4057 = EDGE_CURVE('',#4027,#4058,#4060,.T.);
#4058 = VERTEX_POINT('',#4059);
#4059 = CARTESIAN_POINT('',(147.233809,-92.158147,1.545));
#4060 = LINE('',#4061,#4062);
#4061 = CARTESIAN_POINT('',(147.269857,-92.173079,1.545));
#4062 = VECTOR('',#4063,1.);
#4063 = DIRECTION('',(-0.923875640631,0.38269282806,0.));
#4064 = ORIENTED_EDGE('',*,*,#4065,.F.);
#4065 = EDGE_CURVE('',#4066,#4058,#4068,.T.);
#4066 = VERTEX_POINT('',#4067);
#4067 = CARTESIAN_POINT('',(147.233809,-92.158147,1.51));
#4068 = LINE('',#4069,#4070);
#4069 = CARTESIAN_POINT('',(147.233809,-92.158147,1.51));
#4070 = VECTOR('',#4071,1.);
#4071 = DIRECTION('',(0.,0.,1.));
#4072 = ORIENTED_EDGE('',*,*,#4073,.F.);
#4073 = EDGE_CURVE('',#4035,#4066,#4074,.T.);
#4074 = LINE('',#4075,#4076);
#4075 = CARTESIAN_POINT('',(147.269857,-92.173079,1.51));
#4076 = VECTOR('',#4077,1.);
#4077 = DIRECTION('',(-0.923875640631,0.38269282806,0.));
#4078 = PLANE('',#4079);
#4079 = AXIS2_PLACEMENT_3D('',#4080,#4081,#4082);
#4080 = CARTESIAN_POINT('',(147.269857,-92.173079,1.51));
#4081 = DIRECTION('',(-0.38269282806,-0.923875640631,0.));
#4082 = DIRECTION('',(-0.923875640631,0.38269282806,0.));
#4083 = ADVANCED_FACE('',(#4084),#4109,.T.);
#4084 = FACE_BOUND('',#4085,.T.);
#4085 = EDGE_LOOP('',(#4086,#4087,#4095,#4103));
#4086 = ORIENTED_EDGE('',*,*,#4065,.T.);
#4087 = ORIENTED_EDGE('',*,*,#4088,.T.);
#4088 = EDGE_CURVE('',#4058,#4089,#4091,.T.);
#4089 = VERTEX_POINT('',#4090);
#4090 = CARTESIAN_POINT('',(143.181853,-88.106191,1.545));
#4091 = LINE('',#4092,#4093);
#4092 = CARTESIAN_POINT('',(147.233809,-92.158147,1.545));
#4093 = VECTOR('',#4094,1.);
#4094 = DIRECTION('',(-0.707106781187,0.707106781187,0.));
#4095 = ORIENTED_EDGE('',*,*,#4096,.F.);
#4096 = EDGE_CURVE('',#4097,#4089,#4099,.T.);
#4097 = VERTEX_POINT('',#4098);
#4098 = CARTESIAN_POINT('',(143.181853,-88.106191,1.51));
#4099 = LINE('',#4100,#4101);
#4100 = CARTESIAN_POINT('',(143.181853,-88.106191,1.51));
#4101 = VECTOR('',#4102,1.);
#4102 = DIRECTION('',(0.,0.,1.));
#4103 = ORIENTED_EDGE('',*,*,#4104,.F.);
#4104 = EDGE_CURVE('',#4066,#4097,#4105,.T.);
#4105 = LINE('',#4106,#4107);
#4106 = CARTESIAN_POINT('',(147.233809,-92.158147,1.51));
#4107 = VECTOR('',#4108,1.);
#4108 = DIRECTION('',(-0.707106781187,0.707106781187,0.));
#4109 = PLANE('',#4110);
#4110 = AXIS2_PLACEMENT_3D('',#4111,#4112,#4113);
#4111 = CARTESIAN_POINT('',(147.233809,-92.158147,1.51));
#4112 = DIRECTION('',(-0.707106781187,-0.707106781187,0.));
#4113 = DIRECTION('',(-0.707106781187,0.707106781187,0.));
#4114 = ADVANCED_FACE('',(#4115),#4140,.T.);
#4115 = FACE_BOUND('',#4116,.T.);
#4116 = EDGE_LOOP('',(#4117,#4118,#4126,#4134));
#4117 = ORIENTED_EDGE('',*,*,#4096,.T.);
#4118 = ORIENTED_EDGE('',*,*,#4119,.T.);
#4119 = EDGE_CURVE('',#4089,#4120,#4122,.T.);
#4120 = VERTEX_POINT('',#4121);
#4121 = CARTESIAN_POINT('',(143.166921,-88.070143,1.545));
#4122 = LINE('',#4123,#4124);
#4123 = CARTESIAN_POINT('',(143.181853,-88.106191,1.545));
#4124 = VECTOR('',#4125,1.);
#4125 = DIRECTION('',(-0.38269282806,0.923875640631,0.));
#4126 = ORIENTED_EDGE('',*,*,#4127,.F.);
#4127 = EDGE_CURVE('',#4128,#4120,#4130,.T.);
#4128 = VERTEX_POINT('',#4129);
#4129 = CARTESIAN_POINT('',(143.166921,-88.070143,1.51));
#4130 = LINE('',#4131,#4132);
#4131 = CARTESIAN_POINT('',(143.166921,-88.070143,1.51));
#4132 = VECTOR('',#4133,1.);
#4133 = DIRECTION('',(0.,0.,1.));
#4134 = ORIENTED_EDGE('',*,*,#4135,.F.);
#4135 = EDGE_CURVE('',#4097,#4128,#4136,.T.);
#4136 = LINE('',#4137,#4138);
#4137 = CARTESIAN_POINT('',(143.181853,-88.106191,1.51));
#4138 = VECTOR('',#4139,1.);
#4139 = DIRECTION('',(-0.38269282806,0.923875640631,0.));
#4140 = PLANE('',#4141);
#4141 = AXIS2_PLACEMENT_3D('',#4142,#4143,#4144);
#4142 = CARTESIAN_POINT('',(143.181853,-88.106191,1.51));
#4143 = DIRECTION('',(-0.923875640631,-0.38269282806,0.));
#4144 = DIRECTION('',(-0.38269282806,0.923875640631,0.));
#4145 = ADVANCED_FACE('',(#4146),#4171,.T.);
#4146 = FACE_BOUND('',#4147,.T.);
#4147 = EDGE_LOOP('',(#4148,#4149,#4157,#4165));
#4148 = ORIENTED_EDGE('',*,*,#4127,.T.);
#4149 = ORIENTED_EDGE('',*,*,#4150,.T.);
#4150 = EDGE_CURVE('',#4120,#4151,#4153,.T.);
#4151 = VERTEX_POINT('',#4152);
#4152 = CARTESIAN_POINT('',(143.166921,-87.223757,1.545));
#4153 = LINE('',#4154,#4155);
#4154 = CARTESIAN_POINT('',(143.166921,-88.070143,1.545));
#4155 = VECTOR('',#4156,1.);
#4156 = DIRECTION('',(0.,1.,0.));
#4157 = ORIENTED_EDGE('',*,*,#4158,.F.);
#4158 = EDGE_CURVE('',#4159,#4151,#4161,.T.);
#4159 = VERTEX_POINT('',#4160);
#4160 = CARTESIAN_POINT('',(143.166921,-87.223757,1.51));
#4161 = LINE('',#4162,#4163);
#4162 = CARTESIAN_POINT('',(143.166921,-87.223757,1.51));
#4163 = VECTOR('',#4164,1.);
#4164 = DIRECTION('',(0.,0.,1.));
#4165 = ORIENTED_EDGE('',*,*,#4166,.F.);
#4166 = EDGE_CURVE('',#4128,#4159,#4167,.T.);
#4167 = LINE('',#4168,#4169);
#4168 = CARTESIAN_POINT('',(143.166921,-88.070143,1.51));
#4169 = VECTOR('',#4170,1.);
#4170 = DIRECTION('',(0.,1.,0.));
#4171 = PLANE('',#4172);
#4172 = AXIS2_PLACEMENT_3D('',#4173,#4174,#4175);
#4173 = CARTESIAN_POINT('',(143.166921,-88.070143,1.51));
#4174 = DIRECTION('',(-1.,0.,0.));
#4175 = DIRECTION('',(0.,1.,0.));
#4176 = ADVANCED_FACE('',(#4177),#4202,.T.);
#4177 = FACE_BOUND('',#4178,.T.);
#4178 = EDGE_LOOP('',(#4179,#4180,#4188,#4196));
#4179 = ORIENTED_EDGE('',*,*,#4158,.T.);
#4180 = ORIENTED_EDGE('',*,*,#4181,.T.);
#4181 = EDGE_CURVE('',#4151,#4182,#4184,.T.);
#4182 = VERTEX_POINT('',#4183);
#4183 = CARTESIAN_POINT('',(143.193022,-87.228949,1.545));
#4184 = LINE('',#4185,#4186);
#4185 = CARTESIAN_POINT('',(143.166921,-87.223757,1.545));
#4186 = VECTOR('',#4187,1.);
#4187 = DIRECTION('',(0.980783926519,-0.195097128328,0.));
#4188 = ORIENTED_EDGE('',*,*,#4189,.F.);
#4189 = EDGE_CURVE('',#4190,#4182,#4192,.T.);
#4190 = VERTEX_POINT('',#4191);
#4191 = CARTESIAN_POINT('',(143.193022,-87.228949,1.51));
#4192 = LINE('',#4193,#4194);
#4193 = CARTESIAN_POINT('',(143.193022,-87.228949,1.51));
#4194 = VECTOR('',#4195,1.);
#4195 = DIRECTION('',(0.,0.,1.));
#4196 = ORIENTED_EDGE('',*,*,#4197,.F.);
#4197 = EDGE_CURVE('',#4159,#4190,#4198,.T.);
#4198 = LINE('',#4199,#4200);
#4199 = CARTESIAN_POINT('',(143.166921,-87.223757,1.51));
#4200 = VECTOR('',#4201,1.);
#4201 = DIRECTION('',(0.980783926519,-0.195097128328,0.));
#4202 = PLANE('',#4203);
#4203 = AXIS2_PLACEMENT_3D('',#4204,#4205,#4206);
#4204 = CARTESIAN_POINT('',(143.166921,-87.223757,1.51));
#4205 = DIRECTION('',(0.195097128328,0.980783926519,-0.));
#4206 = DIRECTION('',(0.980783926519,-0.195097128328,0.));
#4207 = ADVANCED_FACE('',(#4208),#4233,.T.);
#4208 = FACE_BOUND('',#4209,.T.);
#4209 = EDGE_LOOP('',(#4210,#4211,#4219,#4227));
#4210 = ORIENTED_EDGE('',*,*,#4189,.T.);
#4211 = ORIENTED_EDGE('',*,*,#4212,.T.);
#4212 = EDGE_CURVE('',#4182,#4213,#4215,.T.);
#4213 = VERTEX_POINT('',#4214);
#4214 = CARTESIAN_POINT('',(143.265,-87.232484,1.545));
#4215 = LINE('',#4216,#4217);
#4216 = CARTESIAN_POINT('',(143.193022,-87.228949,1.545));
#4217 = VECTOR('',#4218,1.);
#4218 = DIRECTION('',(0.998796171792,-4.905310605027E-02,0.));
#4219 = ORIENTED_EDGE('',*,*,#4220,.F.);
#4220 = EDGE_CURVE('',#4221,#4213,#4223,.T.);
#4221 = VERTEX_POINT('',#4222);
#4222 = CARTESIAN_POINT('',(143.265,-87.232484,1.51));
#4223 = LINE('',#4224,#4225);
#4224 = CARTESIAN_POINT('',(143.265,-87.232484,1.51));
#4225 = VECTOR('',#4226,1.);
#4226 = DIRECTION('',(0.,0.,1.));
#4227 = ORIENTED_EDGE('',*,*,#4228,.F.);
#4228 = EDGE_CURVE('',#4190,#4221,#4229,.T.);
#4229 = LINE('',#4230,#4231);
#4230 = CARTESIAN_POINT('',(143.193022,-87.228949,1.51));
#4231 = VECTOR('',#4232,1.);
#4232 = DIRECTION('',(0.998796171792,-4.905310605027E-02,0.));
#4233 = PLANE('',#4234);
#4234 = AXIS2_PLACEMENT_3D('',#4235,#4236,#4237);
#4235 = CARTESIAN_POINT('',(143.193022,-87.228949,1.51));
#4236 = DIRECTION('',(4.905310605027E-02,0.998796171792,-0.));
#4237 = DIRECTION('',(0.998796171792,-4.905310605027E-02,0.));
#4238 = ADVANCED_FACE('',(#4239),#4264,.T.);
#4239 = FACE_BOUND('',#4240,.T.);
#4240 = EDGE_LOOP('',(#4241,#4242,#4250,#4258));
#4241 = ORIENTED_EDGE('',*,*,#4220,.T.);
#4242 = ORIENTED_EDGE('',*,*,#4243,.T.);
#4243 = EDGE_CURVE('',#4213,#4244,#4246,.T.);
#4244 = VERTEX_POINT('',#4245);
#4245 = CARTESIAN_POINT('',(143.336977,-87.228949,1.545));
#4246 = LINE('',#4247,#4248);
#4247 = CARTESIAN_POINT('',(143.265,-87.232484,1.545));
#4248 = VECTOR('',#4249,1.);
#4249 = DIRECTION('',(0.998796138402,4.90537859212E-02,0.));
#4250 = ORIENTED_EDGE('',*,*,#4251,.F.);
#4251 = EDGE_CURVE('',#4252,#4244,#4254,.T.);
#4252 = VERTEX_POINT('',#4253);
#4253 = CARTESIAN_POINT('',(143.336977,-87.228949,1.51));
#4254 = LINE('',#4255,#4256);
#4255 = CARTESIAN_POINT('',(143.336977,-87.228949,1.51));
#4256 = VECTOR('',#4257,1.);
#4257 = DIRECTION('',(0.,0.,1.));
#4258 = ORIENTED_EDGE('',*,*,#4259,.F.);
#4259 = EDGE_CURVE('',#4221,#4252,#4260,.T.);
#4260 = LINE('',#4261,#4262);
#4261 = CARTESIAN_POINT('',(143.265,-87.232484,1.51));
#4262 = VECTOR('',#4263,1.);
#4263 = DIRECTION('',(0.998796138402,4.90537859212E-02,0.));
#4264 = PLANE('',#4265);
#4265 = AXIS2_PLACEMENT_3D('',#4266,#4267,#4268);
#4266 = CARTESIAN_POINT('',(143.265,-87.232484,1.51));
#4267 = DIRECTION('',(-4.90537859212E-02,0.998796138402,0.));
#4268 = DIRECTION('',(0.998796138402,4.90537859212E-02,0.));
#4269 = ADVANCED_FACE('',(#4270),#4295,.T.);
#4270 = FACE_BOUND('',#4271,.T.);
#4271 = EDGE_LOOP('',(#4272,#4273,#4281,#4289));
#4272 = ORIENTED_EDGE('',*,*,#4251,.T.);
#4273 = ORIENTED_EDGE('',*,*,#4274,.T.);
#4274 = EDGE_CURVE('',#4244,#4275,#4277,.T.);
#4275 = VERTEX_POINT('',#4276);
#4276 = CARTESIAN_POINT('',(143.364015,-87.22357,1.545));
#4277 = LINE('',#4278,#4279);
#4278 = CARTESIAN_POINT('',(143.336977,-87.228949,1.545));
#4279 = VECTOR('',#4280,1.);
#4280 = DIRECTION('',(0.98077967596,0.19511849534,0.));
#4281 = ORIENTED_EDGE('',*,*,#4282,.F.);
#4282 = EDGE_CURVE('',#4283,#4275,#4285,.T.);
#4283 = VERTEX_POINT('',#4284);
#4284 = CARTESIAN_POINT('',(143.364015,-87.22357,1.51));
#4285 = LINE('',#4286,#4287);
#4286 = CARTESIAN_POINT('',(143.364015,-87.22357,1.51));
#4287 = VECTOR('',#4288,1.);
#4288 = DIRECTION('',(0.,0.,1.));
#4289 = ORIENTED_EDGE('',*,*,#4290,.F.);
#4290 = EDGE_CURVE('',#4252,#4283,#4291,.T.);
#4291 = LINE('',#4292,#4293);
#4292 = CARTESIAN_POINT('',(143.336977,-87.228949,1.51));
#4293 = VECTOR('',#4294,1.);
#4294 = DIRECTION('',(0.98077967596,0.19511849534,0.));
#4295 = PLANE('',#4296);
#4296 = AXIS2_PLACEMENT_3D('',#4297,#4298,#4299);
#4297 = CARTESIAN_POINT('',(143.336977,-87.228949,1.51));
#4298 = DIRECTION('',(-0.19511849534,0.98077967596,0.));
#4299 = DIRECTION('',(0.98077967596,0.19511849534,0.));
#4300 = ADVANCED_FACE('',(#4301),#4326,.T.);
#4301 = FACE_BOUND('',#4302,.T.);
#4302 = EDGE_LOOP('',(#4303,#4304,#4312,#4320));
#4303 = ORIENTED_EDGE('',*,*,#4282,.T.);
#4304 = ORIENTED_EDGE('',*,*,#4305,.T.);
#4305 = EDGE_CURVE('',#4275,#4306,#4308,.T.);
#4306 = VERTEX_POINT('',#4307);
#4307 = CARTESIAN_POINT('',(143.365,-88.009212,1.545));
#4308 = LINE('',#4309,#4310);
#4309 = CARTESIAN_POINT('',(143.364015,-87.22357,1.545));
#4310 = VECTOR('',#4311,1.);
#4311 = DIRECTION('',(1.253750723431E-03,-0.999999214054,0.));
#4312 = ORIENTED_EDGE('',*,*,#4313,.F.);
#4313 = EDGE_CURVE('',#4314,#4306,#4316,.T.);
#4314 = VERTEX_POINT('',#4315);
#4315 = CARTESIAN_POINT('',(143.365,-88.009212,1.51));
#4316 = LINE('',#4317,#4318);
#4317 = CARTESIAN_POINT('',(143.365,-88.009212,1.51));
#4318 = VECTOR('',#4319,1.);
#4319 = DIRECTION('',(0.,0.,1.));
#4320 = ORIENTED_EDGE('',*,*,#4321,.F.);
#4321 = EDGE_CURVE('',#4283,#4314,#4322,.T.);
#4322 = LINE('',#4323,#4324);
#4323 = CARTESIAN_POINT('',(143.364015,-87.22357,1.51));
#4324 = VECTOR('',#4325,1.);
#4325 = DIRECTION('',(1.253750723431E-03,-0.999999214054,0.));
#4326 = PLANE('',#4327);
#4327 = AXIS2_PLACEMENT_3D('',#4328,#4329,#4330);
#4328 = CARTESIAN_POINT('',(143.364015,-87.22357,1.51));
#4329 = DIRECTION('',(0.999999214054,1.253750723431E-03,-0.));
#4330 = DIRECTION('',(1.253750723431E-03,-0.999999214054,0.));
#4331 = ADVANCED_FACE('',(#4332),#4357,.T.);
#4332 = FACE_BOUND('',#4333,.T.);
#4333 = EDGE_LOOP('',(#4334,#4335,#4343,#4351));
#4334 = ORIENTED_EDGE('',*,*,#4313,.T.);
#4335 = ORIENTED_EDGE('',*,*,#4336,.T.);
#4336 = EDGE_CURVE('',#4306,#4337,#4339,.T.);
#4337 = VERTEX_POINT('',#4338);
#4338 = CARTESIAN_POINT('',(147.330788,-91.975,1.545));
#4339 = LINE('',#4340,#4341);
#4340 = CARTESIAN_POINT('',(143.365,-88.009212,1.545));
#4341 = VECTOR('',#4342,1.);
#4342 = DIRECTION('',(0.707106781187,-0.707106781187,0.));
#4343 = ORIENTED_EDGE('',*,*,#4344,.F.);
#4344 = EDGE_CURVE('',#4345,#4337,#4347,.T.);
#4345 = VERTEX_POINT('',#4346);
#4346 = CARTESIAN_POINT('',(147.330788,-91.975,1.51));
#4347 = LINE('',#4348,#4349);
#4348 = CARTESIAN_POINT('',(147.330788,-91.975,1.51));
#4349 = VECTOR('',#4350,1.);
#4350 = DIRECTION('',(0.,0.,1.));
#4351 = ORIENTED_EDGE('',*,*,#4352,.F.);
#4352 = EDGE_CURVE('',#4314,#4345,#4353,.T.);
#4353 = LINE('',#4354,#4355);
#4354 = CARTESIAN_POINT('',(143.365,-88.009212,1.51));
#4355 = VECTOR('',#4356,1.);
#4356 = DIRECTION('',(0.707106781187,-0.707106781187,0.));
#4357 = PLANE('',#4358);
#4358 = AXIS2_PLACEMENT_3D('',#4359,#4360,#4361);
#4359 = CARTESIAN_POINT('',(143.365,-88.009212,1.51));
#4360 = DIRECTION('',(0.707106781187,0.707106781187,-0.));
#4361 = DIRECTION('',(0.707106781187,-0.707106781187,0.));
#4362 = ADVANCED_FACE('',(#4363),#4388,.T.);
#4363 = FACE_BOUND('',#4364,.T.);
#4364 = EDGE_LOOP('',(#4365,#4366,#4374,#4382));
#4365 = ORIENTED_EDGE('',*,*,#4344,.T.);
#4366 = ORIENTED_EDGE('',*,*,#4367,.T.);
#4367 = EDGE_CURVE('',#4337,#4368,#4370,.T.);
#4368 = VERTEX_POINT('',#4369);
#4369 = CARTESIAN_POINT('',(203.412578,-91.975,1.545));
#4370 = LINE('',#4371,#4372);
#4371 = CARTESIAN_POINT('',(147.330788,-91.975,1.545));
#4372 = VECTOR('',#4373,1.);
#4373 = DIRECTION('',(1.,0.,0.));
#4374 = ORIENTED_EDGE('',*,*,#4375,.F.);
#4375 = EDGE_CURVE('',#4376,#4368,#4378,.T.);
#4376 = VERTEX_POINT('',#4377);
#4377 = CARTESIAN_POINT('',(203.412578,-91.975,1.51));
#4378 = LINE('',#4379,#4380);
#4379 = CARTESIAN_POINT('',(203.412578,-91.975,1.51));
#4380 = VECTOR('',#4381,1.);
#4381 = DIRECTION('',(0.,0.,1.));
#4382 = ORIENTED_EDGE('',*,*,#4383,.F.);
#4383 = EDGE_CURVE('',#4345,#4376,#4384,.T.);
#4384 = LINE('',#4385,#4386);
#4385 = CARTESIAN_POINT('',(147.330788,-91.975,1.51));
#4386 = VECTOR('',#4387,1.);
#4387 = DIRECTION('',(1.,0.,0.));
#4388 = PLANE('',#4389);
#4389 = AXIS2_PLACEMENT_3D('',#4390,#4391,#4392);
#4390 = CARTESIAN_POINT('',(147.330788,-91.975,1.51));
#4391 = DIRECTION('',(0.,1.,0.));
#4392 = DIRECTION('',(1.,0.,0.));
#4393 = ADVANCED_FACE('',(#4394),#4419,.T.);
#4394 = FACE_BOUND('',#4395,.T.);
#4395 = EDGE_LOOP('',(#4396,#4397,#4405,#4413));
#4396 = ORIENTED_EDGE('',*,*,#4375,.T.);
#4397 = ORIENTED_EDGE('',*,*,#4398,.T.);
#4398 = EDGE_CURVE('',#4368,#4399,#4401,.T.);
#4399 = VERTEX_POINT('',#4400);
#4400 = CARTESIAN_POINT('',(214.657,-80.730578,1.545));
#4401 = LINE('',#4402,#4403);
#4402 = CARTESIAN_POINT('',(203.412578,-91.975,1.545));
#4403 = VECTOR('',#4404,1.);
#4404 = DIRECTION('',(0.707106781187,0.707106781187,0.));
#4405 = ORIENTED_EDGE('',*,*,#4406,.F.);
#4406 = EDGE_CURVE('',#4407,#4399,#4409,.T.);
#4407 = VERTEX_POINT('',#4408);
#4408 = CARTESIAN_POINT('',(214.657,-80.730578,1.51));
#4409 = LINE('',#4410,#4411);
#4410 = CARTESIAN_POINT('',(214.657,-80.730578,1.51));
#4411 = VECTOR('',#4412,1.);
#4412 = DIRECTION('',(0.,0.,1.));
#4413 = ORIENTED_EDGE('',*,*,#4414,.F.);
#4414 = EDGE_CURVE('',#4376,#4407,#4415,.T.);
#4415 = LINE('',#4416,#4417);
#4416 = CARTESIAN_POINT('',(203.412578,-91.975,1.51));
#4417 = VECTOR('',#4418,1.);
#4418 = DIRECTION('',(0.707106781187,0.707106781187,0.));
#4419 = PLANE('',#4420);
#4420 = AXIS2_PLACEMENT_3D('',#4421,#4422,#4423);
#4421 = CARTESIAN_POINT('',(203.412578,-91.975,1.51));
#4422 = DIRECTION('',(-0.707106781187,0.707106781187,0.));
#4423 = DIRECTION('',(0.707106781187,0.707106781187,0.));
#4424 = ADVANCED_FACE('',(#4425),#4450,.T.);
#4425 = FACE_BOUND('',#4426,.T.);
#4426 = EDGE_LOOP('',(#4427,#4428,#4436,#4444));
#4427 = ORIENTED_EDGE('',*,*,#4406,.T.);
#4428 = ORIENTED_EDGE('',*,*,#4429,.T.);
#4429 = EDGE_CURVE('',#4399,#4430,#4432,.T.);
#4430 = VERTEX_POINT('',#4431);
#4431 = CARTESIAN_POINT('',(214.657,-67.916783,1.545));
#4432 = LINE('',#4433,#4434);
#4433 = CARTESIAN_POINT('',(214.657,-80.730578,1.545));
#4434 = VECTOR('',#4435,1.);
#4435 = DIRECTION('',(0.,1.,0.));
#4436 = ORIENTED_EDGE('',*,*,#4437,.F.);
#4437 = EDGE_CURVE('',#4438,#4430,#4440,.T.);
#4438 = VERTEX_POINT('',#4439);
#4439 = CARTESIAN_POINT('',(214.657,-67.916783,1.51));
#4440 = LINE('',#4441,#4442);
#4441 = CARTESIAN_POINT('',(214.657,-67.916783,1.51));
#4442 = VECTOR('',#4443,1.);
#4443 = DIRECTION('',(0.,0.,1.));
#4444 = ORIENTED_EDGE('',*,*,#4445,.F.);
#4445 = EDGE_CURVE('',#4407,#4438,#4446,.T.);
#4446 = LINE('',#4447,#4448);
#4447 = CARTESIAN_POINT('',(214.657,-80.730578,1.51));
#4448 = VECTOR('',#4449,1.);
#4449 = DIRECTION('',(0.,1.,0.));
#4450 = PLANE('',#4451);
#4451 = AXIS2_PLACEMENT_3D('',#4452,#4453,#4454);
#4452 = CARTESIAN_POINT('',(214.657,-80.730578,1.51));
#4453 = DIRECTION('',(-1.,0.,0.));
#4454 = DIRECTION('',(0.,1.,0.));
#4455 = ADVANCED_FACE('',(#4456),#4481,.T.);
#4456 = FACE_BOUND('',#4457,.T.);
#4457 = EDGE_LOOP('',(#4458,#4459,#4467,#4475));
#4458 = ORIENTED_EDGE('',*,*,#4437,.T.);
#4459 = ORIENTED_EDGE('',*,*,#4460,.T.);
#4460 = EDGE_CURVE('',#4430,#4461,#4463,.T.);
#4461 = VERTEX_POINT('',#4462);
#4462 = CARTESIAN_POINT('',(214.6235,-67.9245,1.545));
#4463 = LINE('',#4464,#4465);
#4464 = CARTESIAN_POINT('',(214.657,-67.916783,1.545));
#4465 = VECTOR('',#4466,1.);
#4466 = DIRECTION('',(-0.974478878516,-0.22447920912,0.));
#4467 = ORIENTED_EDGE('',*,*,#4468,.F.);
#4468 = EDGE_CURVE('',#4469,#4461,#4471,.T.);
#4469 = VERTEX_POINT('',#4470);
#4470 = CARTESIAN_POINT('',(214.6235,-67.9245,1.51));
#4471 = LINE('',#4472,#4473);
#4472 = CARTESIAN_POINT('',(214.6235,-67.9245,1.51));
#4473 = VECTOR('',#4474,1.);
#4474 = DIRECTION('',(0.,0.,1.));
#4475 = ORIENTED_EDGE('',*,*,#4476,.F.);
#4476 = EDGE_CURVE('',#4438,#4469,#4477,.T.);
#4477 = LINE('',#4478,#4479);
#4478 = CARTESIAN_POINT('',(214.657,-67.916783,1.51));
#4479 = VECTOR('',#4480,1.);
#4480 = DIRECTION('',(-0.974478878516,-0.22447920912,0.));
#4481 = PLANE('',#4482);
#4482 = AXIS2_PLACEMENT_3D('',#4483,#4484,#4485);
#4483 = CARTESIAN_POINT('',(214.657,-67.916783,1.51));
#4484 = DIRECTION('',(0.22447920912,-0.974478878516,0.));
#4485 = DIRECTION('',(-0.974478878516,-0.22447920912,0.));
#4486 = ADVANCED_FACE('',(#4487),#4512,.T.);
#4487 = FACE_BOUND('',#4488,.T.);
#4488 = EDGE_LOOP('',(#4489,#4490,#4498,#4506));
#4489 = ORIENTED_EDGE('',*,*,#4468,.T.);
#4490 = ORIENTED_EDGE('',*,*,#4491,.T.);
#4491 = EDGE_CURVE('',#4461,#4492,#4494,.T.);
#4492 = VERTEX_POINT('',#4493);
#4493 = CARTESIAN_POINT('',(211.127491,-67.922579,1.545));
#4494 = LINE('',#4495,#4496);
#4495 = CARTESIAN_POINT('',(214.6235,-67.9245,1.545));
#4496 = VECTOR('',#4497,1.);
#4497 = DIRECTION('',(-0.999999849034,5.494836283287E-04,0.));
#4498 = ORIENTED_EDGE('',*,*,#4499,.F.);
#4499 = EDGE_CURVE('',#4500,#4492,#4502,.T.);
#4500 = VERTEX_POINT('',#4501);
#4501 = CARTESIAN_POINT('',(211.127491,-67.922579,1.51));
#4502 = LINE('',#4503,#4504);
#4503 = CARTESIAN_POINT('',(211.127491,-67.922579,1.51));
#4504 = VECTOR('',#4505,1.);
#4505 = DIRECTION('',(0.,0.,1.));
#4506 = ORIENTED_EDGE('',*,*,#4507,.F.);
#4507 = EDGE_CURVE('',#4469,#4500,#4508,.T.);
#4508 = LINE('',#4509,#4510);
#4509 = CARTESIAN_POINT('',(214.6235,-67.9245,1.51));
#4510 = VECTOR('',#4511,1.);
#4511 = DIRECTION('',(-0.999999849034,5.494836283287E-04,0.));
#4512 = PLANE('',#4513);
#4513 = AXIS2_PLACEMENT_3D('',#4514,#4515,#4516);
#4514 = CARTESIAN_POINT('',(214.6235,-67.9245,1.51));
#4515 = DIRECTION('',(-5.494836283287E-04,-0.999999849034,0.));
#4516 = DIRECTION('',(-0.999999849034,5.494836283287E-04,0.));
#4517 = ADVANCED_FACE('',(#4518),#4545,.T.);
#4518 = FACE_BOUND('',#4519,.T.);
#4519 = EDGE_LOOP('',(#4520,#4521,#4530,#4538));
#4520 = ORIENTED_EDGE('',*,*,#4499,.T.);
#4521 = ORIENTED_EDGE('',*,*,#4522,.T.);
#4522 = EDGE_CURVE('',#4492,#4523,#4525,.T.);
#4523 = VERTEX_POINT('',#4524);
#4524 = CARTESIAN_POINT('',(211.127491,-67.726421,1.545));
#4525 = CIRCLE('',#4526,0.100000456609);
#4526 = AXIS2_PLACEMENT_3D('',#4527,#4528,#4529);
#4527 = CARTESIAN_POINT('',(211.147,-67.8245,1.545));
#4528 = DIRECTION('',(0.,0.,-1.));
#4529 = DIRECTION('',(-0.195089109206,-0.980785521645,-0.));
#4530 = ORIENTED_EDGE('',*,*,#4531,.F.);
#4531 = EDGE_CURVE('',#4532,#4523,#4534,.T.);
#4532 = VERTEX_POINT('',#4533);
#4533 = CARTESIAN_POINT('',(211.127491,-67.726421,1.51));
#4534 = LINE('',#4535,#4536);
#4535 = CARTESIAN_POINT('',(211.127491,-67.726421,1.51));
#4536 = VECTOR('',#4537,1.);
#4537 = DIRECTION('',(0.,0.,1.));
#4538 = ORIENTED_EDGE('',*,*,#4539,.F.);
#4539 = EDGE_CURVE('',#4500,#4532,#4540,.T.);
#4540 = CIRCLE('',#4541,0.100000456609);
#4541 = AXIS2_PLACEMENT_3D('',#4542,#4543,#4544);
#4542 = CARTESIAN_POINT('',(211.147,-67.8245,1.51));
#4543 = DIRECTION('',(0.,0.,-1.));
#4544 = DIRECTION('',(-0.195089109206,-0.980785521645,-0.));
#4545 = CYLINDRICAL_SURFACE('',#4546,0.100000456609);
#4546 = AXIS2_PLACEMENT_3D('',#4547,#4548,#4549);
#4547 = CARTESIAN_POINT('',(211.147,-67.8245,1.51));
#4548 = DIRECTION('',(0.,0.,-1.));
#4549 = DIRECTION('',(-0.195089109206,-0.980785521645,-0.));
#4550 = ADVANCED_FACE('',(#4551),#4576,.T.);
#4551 = FACE_BOUND('',#4552,.T.);
#4552 = EDGE_LOOP('',(#4553,#4554,#4562,#4570));
#4553 = ORIENTED_EDGE('',*,*,#4531,.T.);
#4554 = ORIENTED_EDGE('',*,*,#4555,.T.);
#4555 = EDGE_CURVE('',#4523,#4556,#4558,.T.);
#4556 = VERTEX_POINT('',#4557);
#4557 = CARTESIAN_POINT('',(214.643009,-67.726421,1.545));
#4558 = LINE('',#4559,#4560);
#4559 = CARTESIAN_POINT('',(211.127491,-67.726421,1.545));
#4560 = VECTOR('',#4561,1.);
#4561 = DIRECTION('',(1.,0.,0.));
#4562 = ORIENTED_EDGE('',*,*,#4563,.F.);
#4563 = EDGE_CURVE('',#4564,#4556,#4566,.T.);
#4564 = VERTEX_POINT('',#4565);
#4565 = CARTESIAN_POINT('',(214.643009,-67.726421,1.51));
#4566 = LINE('',#4567,#4568);
#4567 = CARTESIAN_POINT('',(214.643009,-67.726421,1.51));
#4568 = VECTOR('',#4569,1.);
#4569 = DIRECTION('',(0.,0.,1.));
#4570 = ORIENTED_EDGE('',*,*,#4571,.F.);
#4571 = EDGE_CURVE('',#4532,#4564,#4572,.T.);
#4572 = LINE('',#4573,#4574);
#4573 = CARTESIAN_POINT('',(211.127491,-67.726421,1.51));
#4574 = VECTOR('',#4575,1.);
#4575 = DIRECTION('',(1.,0.,0.));
#4576 = PLANE('',#4577);
#4577 = AXIS2_PLACEMENT_3D('',#4578,#4579,#4580);
#4578 = CARTESIAN_POINT('',(211.127491,-67.726421,1.51));
#4579 = DIRECTION('',(0.,1.,0.));
#4580 = DIRECTION('',(1.,0.,0.));
#4581 = ADVANCED_FACE('',(#4582),#4607,.T.);
#4582 = FACE_BOUND('',#4583,.T.);
#4583 = EDGE_LOOP('',(#4584,#4585,#4593,#4601));
#4584 = ORIENTED_EDGE('',*,*,#4563,.T.);
#4585 = ORIENTED_EDGE('',*,*,#4586,.T.);
#4586 = EDGE_CURVE('',#4556,#4587,#4589,.T.);
#4587 = VERTEX_POINT('',#4588);
#4588 = CARTESIAN_POINT('',(214.657,-67.732216,1.545));
#4589 = LINE('',#4590,#4591);
#4590 = CARTESIAN_POINT('',(214.643009,-67.726421,1.545));
#4591 = VECTOR('',#4592,1.);
#4592 = DIRECTION('',(0.923885648074,-0.382668667756,0.));
#4593 = ORIENTED_EDGE('',*,*,#4594,.F.);
#4594 = EDGE_CURVE('',#4595,#4587,#4597,.T.);
#4595 = VERTEX_POINT('',#4596);
#4596 = CARTESIAN_POINT('',(214.657,-67.732216,1.51));
#4597 = LINE('',#4598,#4599);
#4598 = CARTESIAN_POINT('',(214.657,-67.732216,1.51));
#4599 = VECTOR('',#4600,1.);
#4600 = DIRECTION('',(0.,0.,1.));
#4601 = ORIENTED_EDGE('',*,*,#4602,.F.);
#4602 = EDGE_CURVE('',#4564,#4595,#4603,.T.);
#4603 = LINE('',#4604,#4605);
#4604 = CARTESIAN_POINT('',(214.643009,-67.726421,1.51));
#4605 = VECTOR('',#4606,1.);
#4606 = DIRECTION('',(0.923885648074,-0.382668667756,0.));
#4607 = PLANE('',#4608);
#4608 = AXIS2_PLACEMENT_3D('',#4609,#4610,#4611);
#4609 = CARTESIAN_POINT('',(214.643009,-67.726421,1.51));
#4610 = DIRECTION('',(0.382668667756,0.923885648074,-0.));
#4611 = DIRECTION('',(0.923885648074,-0.382668667756,0.));
#4612 = ADVANCED_FACE('',(#4613),#4638,.T.);
#4613 = FACE_BOUND('',#4614,.T.);
#4614 = EDGE_LOOP('',(#4615,#4616,#4624,#4632));
#4615 = ORIENTED_EDGE('',*,*,#4594,.T.);
#4616 = ORIENTED_EDGE('',*,*,#4617,.T.);
#4617 = EDGE_CURVE('',#4587,#4618,#4620,.T.);
#4618 = VERTEX_POINT('',#4619);
#4619 = CARTESIAN_POINT('',(214.658921,-67.671491,1.545));
#4620 = LINE('',#4621,#4622);
#4621 = CARTESIAN_POINT('',(214.657,-67.732216,1.545));
#4622 = VECTOR('',#4623,1.);
#4623 = DIRECTION('',(3.161860046992E-02,0.999500007056,0.));
#4624 = ORIENTED_EDGE('',*,*,#4625,.F.);
#4625 = EDGE_CURVE('',#4626,#4618,#4628,.T.);
#4626 = VERTEX_POINT('',#4627);
#4627 = CARTESIAN_POINT('',(214.658921,-67.671491,1.51));
#4628 = LINE('',#4629,#4630);
#4629 = CARTESIAN_POINT('',(214.658921,-67.671491,1.51));
#4630 = VECTOR('',#4631,1.);
#4631 = DIRECTION('',(0.,0.,1.));
#4632 = ORIENTED_EDGE('',*,*,#4633,.F.);
#4633 = EDGE_CURVE('',#4595,#4626,#4634,.T.);
#4634 = LINE('',#4635,#4636);
#4635 = CARTESIAN_POINT('',(214.657,-67.732216,1.51));
#4636 = VECTOR('',#4637,1.);
#4637 = DIRECTION('',(3.161860046992E-02,0.999500007056,0.));
#4638 = PLANE('',#4639);
#4639 = AXIS2_PLACEMENT_3D('',#4640,#4641,#4642);
#4640 = CARTESIAN_POINT('',(214.657,-67.732216,1.51));
#4641 = DIRECTION('',(-0.999500007056,3.161860046992E-02,0.));
#4642 = DIRECTION('',(3.161860046992E-02,0.999500007056,0.));
#4643 = ADVANCED_FACE('',(#4644),#4669,.T.);
#4644 = FACE_BOUND('',#4645,.T.);
#4645 = EDGE_LOOP('',(#4646,#4647,#4655,#4663));
#4646 = ORIENTED_EDGE('',*,*,#4625,.T.);
#4647 = ORIENTED_EDGE('',*,*,#4648,.T.);
#4648 = EDGE_CURVE('',#4618,#4649,#4651,.T.);
#4649 = VERTEX_POINT('',#4650);
#4650 = CARTESIAN_POINT('',(214.673853,-67.635443,1.545));
#4651 = LINE('',#4652,#4653);
#4652 = CARTESIAN_POINT('',(214.658921,-67.671491,1.545));
#4653 = VECTOR('',#4654,1.);
#4654 = DIRECTION('',(0.38269282806,0.923875640631,0.));
#4655 = ORIENTED_EDGE('',*,*,#4656,.F.);
#4656 = EDGE_CURVE('',#4657,#4649,#4659,.T.);
#4657 = VERTEX_POINT('',#4658);
#4658 = CARTESIAN_POINT('',(214.673853,-67.635443,1.51));
#4659 = LINE('',#4660,#4661);
#4660 = CARTESIAN_POINT('',(214.673853,-67.635443,1.51));
#4661 = VECTOR('',#4662,1.);
#4662 = DIRECTION('',(0.,0.,1.));
#4663 = ORIENTED_EDGE('',*,*,#4664,.F.);
#4664 = EDGE_CURVE('',#4626,#4657,#4665,.T.);
#4665 = LINE('',#4666,#4667);
#4666 = CARTESIAN_POINT('',(214.658921,-67.671491,1.51));
#4667 = VECTOR('',#4668,1.);
#4668 = DIRECTION('',(0.38269282806,0.923875640631,0.));
#4669 = PLANE('',#4670);
#4670 = AXIS2_PLACEMENT_3D('',#4671,#4672,#4673);
#4671 = CARTESIAN_POINT('',(214.658921,-67.671491,1.51));
#4672 = DIRECTION('',(-0.923875640631,0.38269282806,0.));
#4673 = DIRECTION('',(0.38269282806,0.923875640631,0.));
#4674 = ADVANCED_FACE('',(#4675),#4691,.T.);
#4675 = FACE_BOUND('',#4676,.T.);
#4676 = EDGE_LOOP('',(#4677,#4678,#4684,#4685));
#4677 = ORIENTED_EDGE('',*,*,#4656,.T.);
#4678 = ORIENTED_EDGE('',*,*,#4679,.T.);
#4679 = EDGE_CURVE('',#4649,#3862,#4680,.T.);
#4680 = LINE('',#4681,#4682);
#4681 = CARTESIAN_POINT('',(214.673853,-67.635443,1.545));
#4682 = VECTOR('',#4683,1.);
#4683 = DIRECTION('',(0.707106781187,0.707106781186,0.));
#4684 = ORIENTED_EDGE('',*,*,#3859,.F.);
#4685 = ORIENTED_EDGE('',*,*,#4686,.F.);
#4686 = EDGE_CURVE('',#4657,#3860,#4687,.T.);
#4687 = LINE('',#4688,#4689);
#4688 = CARTESIAN_POINT('',(214.673853,-67.635443,1.51));
#4689 = VECTOR('',#4690,1.);
#4690 = DIRECTION('',(0.707106781187,0.707106781186,0.));
#4691 = PLANE('',#4692);
#4692 = AXIS2_PLACEMENT_3D('',#4693,#4694,#4695);
#4693 = CARTESIAN_POINT('',(214.673853,-67.635443,1.51));
#4694 = DIRECTION('',(-0.707106781186,0.707106781187,0.));
#4695 = DIRECTION('',(0.707106781187,0.707106781186,0.));
#4696 = ADVANCED_FACE('',(#4697),#4726,.F.);
#4697 = FACE_BOUND('',#4698,.T.);
#4698 = EDGE_LOOP('',(#4699,#4700,#4701,#4702,#4703,#4704,#4705,#4706,
    #4707,#4708,#4709,#4710,#4711,#4712,#4713,#4714,#4715,#4716,#4717,
    #4718,#4719,#4720,#4721,#4722,#4723,#4724,#4725));
#4699 = ORIENTED_EDGE('',*,*,#3886,.T.);
#4700 = ORIENTED_EDGE('',*,*,#3918,.T.);
#4701 = ORIENTED_EDGE('',*,*,#3949,.T.);
#4702 = ORIENTED_EDGE('',*,*,#3980,.T.);
#4703 = ORIENTED_EDGE('',*,*,#4011,.T.);
#4704 = ORIENTED_EDGE('',*,*,#4042,.T.);
#4705 = ORIENTED_EDGE('',*,*,#4073,.T.);
#4706 = ORIENTED_EDGE('',*,*,#4104,.T.);
#4707 = ORIENTED_EDGE('',*,*,#4135,.T.);
#4708 = ORIENTED_EDGE('',*,*,#4166,.T.);
#4709 = ORIENTED_EDGE('',*,*,#4197,.T.);
#4710 = ORIENTED_EDGE('',*,*,#4228,.T.);
#4711 = ORIENTED_EDGE('',*,*,#4259,.T.);
#4712 = ORIENTED_EDGE('',*,*,#4290,.T.);
#4713 = ORIENTED_EDGE('',*,*,#4321,.T.);
#4714 = ORIENTED_EDGE('',*,*,#4352,.T.);
#4715 = ORIENTED_EDGE('',*,*,#4383,.T.);
#4716 = ORIENTED_EDGE('',*,*,#4414,.T.);
#4717 = ORIENTED_EDGE('',*,*,#4445,.T.);
#4718 = ORIENTED_EDGE('',*,*,#4476,.T.);
#4719 = ORIENTED_EDGE('',*,*,#4507,.T.);
#4720 = ORIENTED_EDGE('',*,*,#4539,.T.);
#4721 = ORIENTED_EDGE('',*,*,#4571,.T.);
#4722 = ORIENTED_EDGE('',*,*,#4602,.T.);
#4723 = ORIENTED_EDGE('',*,*,#4633,.T.);
#4724 = ORIENTED_EDGE('',*,*,#4664,.T.);
#4725 = ORIENTED_EDGE('',*,*,#4686,.T.);
#4726 = PLANE('',#4727);
#4727 = AXIS2_PLACEMENT_3D('',#4728,#4729,#4730);
#4728 = CARTESIAN_POINT('',(0.,0.,1.51));
#4729 = DIRECTION('',(0.,0.,1.));
#4730 = DIRECTION('',(1.,0.,-0.));
#4731 = ADVANCED_FACE('',(#4732),#4761,.T.);
#4732 = FACE_BOUND('',#4733,.F.);
#4733 = EDGE_LOOP('',(#4734,#4735,#4736,#4737,#4738,#4739,#4740,#4741,
    #4742,#4743,#4744,#4745,#4746,#4747,#4748,#4749,#4750,#4751,#4752,
    #4753,#4754,#4755,#4756,#4757,#4758,#4759,#4760));
#4734 = ORIENTED_EDGE('',*,*,#3869,.T.);
#4735 = ORIENTED_EDGE('',*,*,#3902,.T.);
#4736 = ORIENTED_EDGE('',*,*,#3933,.T.);
#4737 = ORIENTED_EDGE('',*,*,#3964,.T.);
#4738 = ORIENTED_EDGE('',*,*,#3995,.T.);
#4739 = ORIENTED_EDGE('',*,*,#4026,.T.);
#4740 = ORIENTED_EDGE('',*,*,#4057,.T.);
#4741 = ORIENTED_EDGE('',*,*,#4088,.T.);
#4742 = ORIENTED_EDGE('',*,*,#4119,.T.);
#4743 = ORIENTED_EDGE('',*,*,#4150,.T.);
#4744 = ORIENTED_EDGE('',*,*,#4181,.T.);
#4745 = ORIENTED_EDGE('',*,*,#4212,.T.);
#4746 = ORIENTED_EDGE('',*,*,#4243,.T.);
#4747 = ORIENTED_EDGE('',*,*,#4274,.T.);
#4748 = ORIENTED_EDGE('',*,*,#4305,.T.);
#4749 = ORIENTED_EDGE('',*,*,#4336,.T.);
#4750 = ORIENTED_EDGE('',*,*,#4367,.T.);
#4751 = ORIENTED_EDGE('',*,*,#4398,.T.);
#4752 = ORIENTED_EDGE('',*,*,#4429,.T.);
#4753 = ORIENTED_EDGE('',*,*,#4460,.T.);
#4754 = ORIENTED_EDGE('',*,*,#4491,.T.);
#4755 = ORIENTED_EDGE('',*,*,#4522,.T.);
#4756 = ORIENTED_EDGE('',*,*,#4555,.T.);
#4757 = ORIENTED_EDGE('',*,*,#4586,.T.);
#4758 = ORIENTED_EDGE('',*,*,#4617,.T.);
#4759 = ORIENTED_EDGE('',*,*,#4648,.T.);
#4760 = ORIENTED_EDGE('',*,*,#4679,.T.);
#4761 = PLANE('',#4762);
#4762 = AXIS2_PLACEMENT_3D('',#4763,#4764,#4765);
#4763 = CARTESIAN_POINT('',(0.,0.,1.545));
#4764 = DIRECTION('',(0.,0.,1.));
#4765 = DIRECTION('',(1.,0.,-0.));
#4766 = MANIFOLD_SOLID_BREP('',#4767);
#4767 = CLOSED_SHELL('',(#4768,#4808,#4839,#4872,#4903,#4934,#4965,#4996
    ,#5027,#5058,#5089,#5120,#5151,#5182,#5213,#5244,#5275,#5306,#5337,
    #5368,#5399,#5430,#5461,#5492,#5514,#5546));
#4768 = ADVANCED_FACE('',(#4769),#4803,.T.);
#4769 = FACE_BOUND('',#4770,.T.);
#4770 = EDGE_LOOP('',(#4771,#4781,#4789,#4797));
#4771 = ORIENTED_EDGE('',*,*,#4772,.T.);
#4772 = EDGE_CURVE('',#4773,#4775,#4777,.T.);
#4773 = VERTEX_POINT('',#4774);
#4774 = CARTESIAN_POINT('',(199.073942,-62.661353,1.51));
#4775 = VERTEX_POINT('',#4776);
#4776 = CARTESIAN_POINT('',(199.073942,-62.661353,1.545));
#4777 = LINE('',#4778,#4779);
#4778 = CARTESIAN_POINT('',(199.073942,-62.661353,1.51));
#4779 = VECTOR('',#4780,1.);
#4780 = DIRECTION('',(0.,0.,1.));
#4781 = ORIENTED_EDGE('',*,*,#4782,.T.);
#4782 = EDGE_CURVE('',#4775,#4783,#4785,.T.);
#4783 = VERTEX_POINT('',#4784);
#4784 = CARTESIAN_POINT('',(199.109991,-62.646421,1.545));
#4785 = LINE('',#4786,#4787);
#4786 = CARTESIAN_POINT('',(199.073942,-62.661353,1.545));
#4787 = VECTOR('',#4788,1.);
#4788 = DIRECTION('',(0.923879393968,0.382683766838,0.));
#4789 = ORIENTED_EDGE('',*,*,#4790,.F.);
#4790 = EDGE_CURVE('',#4791,#4783,#4793,.T.);
#4791 = VERTEX_POINT('',#4792);
#4792 = CARTESIAN_POINT('',(199.109991,-62.646421,1.51));
#4793 = LINE('',#4794,#4795);
#4794 = CARTESIAN_POINT('',(199.109991,-62.646421,1.51));
#4795 = VECTOR('',#4796,1.);
#4796 = DIRECTION('',(0.,0.,1.));
#4797 = ORIENTED_EDGE('',*,*,#4798,.F.);
#4798 = EDGE_CURVE('',#4773,#4791,#4799,.T.);
#4799 = LINE('',#4800,#4801);
#4800 = CARTESIAN_POINT('',(199.073942,-62.661353,1.51));
#4801 = VECTOR('',#4802,1.);
#4802 = DIRECTION('',(0.923879393968,0.382683766838,0.));
#4803 = PLANE('',#4804);
#4804 = AXIS2_PLACEMENT_3D('',#4805,#4806,#4807);
#4805 = CARTESIAN_POINT('',(199.073942,-62.661353,1.51));
#4806 = DIRECTION('',(-0.382683766838,0.923879393968,0.));
#4807 = DIRECTION('',(0.923879393968,0.382683766838,0.));
#4808 = ADVANCED_FACE('',(#4809),#4834,.T.);
#4809 = FACE_BOUND('',#4810,.T.);
#4810 = EDGE_LOOP('',(#4811,#4812,#4820,#4828));
#4811 = ORIENTED_EDGE('',*,*,#4790,.T.);
#4812 = ORIENTED_EDGE('',*,*,#4813,.T.);
#4813 = EDGE_CURVE('',#4783,#4814,#4816,.T.);
#4814 = VERTEX_POINT('',#4815);
#4815 = CARTESIAN_POINT('',(209.894978,-62.646421,1.545));
#4816 = LINE('',#4817,#4818);
#4817 = CARTESIAN_POINT('',(199.109991,-62.646421,1.545));
#4818 = VECTOR('',#4819,1.);
#4819 = DIRECTION('',(1.,0.,0.));
#4820 = ORIENTED_EDGE('',*,*,#4821,.F.);
#4821 = EDGE_CURVE('',#4822,#4814,#4824,.T.);
#4822 = VERTEX_POINT('',#4823);
#4823 = CARTESIAN_POINT('',(209.894978,-62.646421,1.51));
#4824 = LINE('',#4825,#4826);
#4825 = CARTESIAN_POINT('',(209.894978,-62.646421,1.51));
#4826 = VECTOR('',#4827,1.);
#4827 = DIRECTION('',(0.,0.,1.));
#4828 = ORIENTED_EDGE('',*,*,#4829,.F.);
#4829 = EDGE_CURVE('',#4791,#4822,#4830,.T.);
#4830 = LINE('',#4831,#4832);
#4831 = CARTESIAN_POINT('',(199.109991,-62.646421,1.51));
#4832 = VECTOR('',#4833,1.);
#4833 = DIRECTION('',(1.,0.,0.));
#4834 = PLANE('',#4835);
#4835 = AXIS2_PLACEMENT_3D('',#4836,#4837,#4838);
#4836 = CARTESIAN_POINT('',(199.109991,-62.646421,1.51));
#4837 = DIRECTION('',(0.,1.,0.));
#4838 = DIRECTION('',(1.,0.,0.));
#4839 = ADVANCED_FACE('',(#4840),#4867,.F.);
#4840 = FACE_BOUND('',#4841,.T.);
#4841 = EDGE_LOOP('',(#4842,#4843,#4852,#4860));
#4842 = ORIENTED_EDGE('',*,*,#4821,.T.);
#4843 = ORIENTED_EDGE('',*,*,#4844,.T.);
#4844 = EDGE_CURVE('',#4814,#4845,#4847,.T.);
#4845 = VERTEX_POINT('',#4846);
#4846 = CARTESIAN_POINT('',(209.894998,-62.842654,1.545));
#4847 = CIRCLE('',#4848,0.299189278733);
#4848 = AXIS2_PLACEMENT_3D('',#4849,#4850,#4851);
#4849 = CARTESIAN_POINT('',(210.17763154938,-62.74450869306,1.545));
#4850 = DIRECTION('',(0.,0.,1.));
#4851 = DIRECTION('',(-0.944731544452,0.327844946456,0.));
#4852 = ORIENTED_EDGE('',*,*,#4853,.F.);
#4853 = EDGE_CURVE('',#4854,#4845,#4856,.T.);
#4854 = VERTEX_POINT('',#4855);
#4855 = CARTESIAN_POINT('',(209.894998,-62.842654,1.51));
#4856 = LINE('',#4857,#4858);
#4857 = CARTESIAN_POINT('',(209.894998,-62.842654,1.51));
#4858 = VECTOR('',#4859,1.);
#4859 = DIRECTION('',(0.,0.,1.));
#4860 = ORIENTED_EDGE('',*,*,#4861,.F.);
#4861 = EDGE_CURVE('',#4822,#4854,#4862,.T.);
#4862 = CIRCLE('',#4863,0.299189278733);
#4863 = AXIS2_PLACEMENT_3D('',#4864,#4865,#4866);
#4864 = CARTESIAN_POINT('',(210.17763154938,-62.74450869306,1.51));
#4865 = DIRECTION('',(0.,0.,1.));
#4866 = DIRECTION('',(-0.944731544452,0.327844946456,0.));
#4867 = CYLINDRICAL_SURFACE('',#4868,0.299189278733);
#4868 = AXIS2_PLACEMENT_3D('',#4869,#4870,#4871);
#4869 = CARTESIAN_POINT('',(210.17763154938,-62.74450869306,1.51));
#4870 = DIRECTION('',(-0.,-0.,-1.));
#4871 = DIRECTION('',(-0.944731544452,0.327844946456,0.));
#4872 = ADVANCED_FACE('',(#4873),#4898,.T.);
#4873 = FACE_BOUND('',#4874,.T.);
#4874 = EDGE_LOOP('',(#4875,#4876,#4884,#4892));
#4875 = ORIENTED_EDGE('',*,*,#4853,.T.);
#4876 = ORIENTED_EDGE('',*,*,#4877,.T.);
#4877 = EDGE_CURVE('',#4845,#4878,#4880,.T.);
#4878 = VERTEX_POINT('',#4879);
#4879 = CARTESIAN_POINT('',(199.170921,-62.8445,1.545));
#4880 = LINE('',#4881,#4882);
#4881 = CARTESIAN_POINT('',(209.894998,-62.842654,1.545));
#4882 = VECTOR('',#4883,1.);
#4883 = DIRECTION('',(-0.999999985185,-1.721360237011E-04,0.));
#4884 = ORIENTED_EDGE('',*,*,#4885,.F.);
#4885 = EDGE_CURVE('',#4886,#4878,#4888,.T.);
#4886 = VERTEX_POINT('',#4887);
#4887 = CARTESIAN_POINT('',(199.170921,-62.8445,1.51));
#4888 = LINE('',#4889,#4890);
#4889 = CARTESIAN_POINT('',(199.170921,-62.8445,1.51));
#4890 = VECTOR('',#4891,1.);
#4891 = DIRECTION('',(0.,0.,1.));
#4892 = ORIENTED_EDGE('',*,*,#4893,.F.);
#4893 = EDGE_CURVE('',#4854,#4886,#4894,.T.);
#4894 = LINE('',#4895,#4896);
#4895 = CARTESIAN_POINT('',(209.894998,-62.842654,1.51));
#4896 = VECTOR('',#4897,1.);
#4897 = DIRECTION('',(-0.999999985185,-1.721360237011E-04,0.));
#4898 = PLANE('',#4899);
#4899 = AXIS2_PLACEMENT_3D('',#4900,#4901,#4902);
#4900 = CARTESIAN_POINT('',(209.894998,-62.842654,1.51));
#4901 = DIRECTION('',(1.721360237011E-04,-0.999999985185,0.));
#4902 = DIRECTION('',(-0.999999985185,-1.721360237011E-04,0.));
#4903 = ADVANCED_FACE('',(#4904),#4929,.T.);
#4904 = FACE_BOUND('',#4905,.T.);
#4905 = EDGE_LOOP('',(#4906,#4907,#4915,#4923));
#4906 = ORIENTED_EDGE('',*,*,#4885,.T.);
#4907 = ORIENTED_EDGE('',*,*,#4908,.T.);
#4908 = EDGE_CURVE('',#4878,#4909,#4911,.T.);
#4909 = VERTEX_POINT('',#4910);
#4910 = CARTESIAN_POINT('',(195.381557,-66.631147,1.545));
#4911 = LINE('',#4912,#4913);
#4912 = CARTESIAN_POINT('',(199.170921,-62.8445,1.545));
#4913 = VECTOR('',#4914,1.);
#4914 = DIRECTION('',(-0.707360326819,-0.706853144609,0.));
#4915 = ORIENTED_EDGE('',*,*,#4916,.F.);
#4916 = EDGE_CURVE('',#4917,#4909,#4919,.T.);
#4917 = VERTEX_POINT('',#4918);
#4918 = CARTESIAN_POINT('',(195.381557,-66.631147,1.51));
#4919 = LINE('',#4920,#4921);
#4920 = CARTESIAN_POINT('',(195.381557,-66.631147,1.51));
#4921 = VECTOR('',#4922,1.);
#4922 = DIRECTION('',(0.,0.,1.));
#4923 = ORIENTED_EDGE('',*,*,#4924,.F.);
#4924 = EDGE_CURVE('',#4886,#4917,#4925,.T.);
#4925 = LINE('',#4926,#4927);
#4926 = CARTESIAN_POINT('',(199.170921,-62.8445,1.51));
#4927 = VECTOR('',#4928,1.);
#4928 = DIRECTION('',(-0.707360326819,-0.706853144609,0.));
#4929 = PLANE('',#4930);
#4930 = AXIS2_PLACEMENT_3D('',#4931,#4932,#4933);
#4931 = CARTESIAN_POINT('',(199.170921,-62.8445,1.51));
#4932 = DIRECTION('',(0.706853144609,-0.707360326819,0.));
#4933 = DIRECTION('',(-0.707360326819,-0.706853144609,0.));
#4934 = ADVANCED_FACE('',(#4935),#4960,.T.);
#4935 = FACE_BOUND('',#4936,.T.);
#4936 = EDGE_LOOP('',(#4937,#4938,#4946,#4954));
#4937 = ORIENTED_EDGE('',*,*,#4916,.T.);
#4938 = ORIENTED_EDGE('',*,*,#4939,.T.);
#4939 = EDGE_CURVE('',#4909,#4940,#4942,.T.);
#4940 = VERTEX_POINT('',#4941);
#4941 = CARTESIAN_POINT('',(195.345509,-66.646079,1.545));
#4942 = LINE('',#4943,#4944);
#4943 = CARTESIAN_POINT('',(195.381557,-66.631147,1.545));
#4944 = VECTOR('',#4945,1.);
#4945 = DIRECTION('',(-0.923875640631,-0.38269282806,0.));
#4946 = ORIENTED_EDGE('',*,*,#4947,.F.);
#4947 = EDGE_CURVE('',#4948,#4940,#4950,.T.);
#4948 = VERTEX_POINT('',#4949);
#4949 = CARTESIAN_POINT('',(195.345509,-66.646079,1.51));
#4950 = LINE('',#4951,#4952);
#4951 = CARTESIAN_POINT('',(195.345509,-66.646079,1.51));
#4952 = VECTOR('',#4953,1.);
#4953 = DIRECTION('',(0.,0.,1.));
#4954 = ORIENTED_EDGE('',*,*,#4955,.F.);
#4955 = EDGE_CURVE('',#4917,#4948,#4956,.T.);
#4956 = LINE('',#4957,#4958);
#4957 = CARTESIAN_POINT('',(195.381557,-66.631147,1.51));
#4958 = VECTOR('',#4959,1.);
#4959 = DIRECTION('',(-0.923875640631,-0.38269282806,0.));
#4960 = PLANE('',#4961);
#4961 = AXIS2_PLACEMENT_3D('',#4962,#4963,#4964);
#4962 = CARTESIAN_POINT('',(195.381557,-66.631147,1.51));
#4963 = DIRECTION('',(0.38269282806,-0.923875640631,0.));
#4964 = DIRECTION('',(-0.923875640631,-0.38269282806,0.));
#4965 = ADVANCED_FACE('',(#4966),#4991,.T.);
#4966 = FACE_BOUND('',#4967,.T.);
#4967 = EDGE_LOOP('',(#4968,#4969,#4977,#4985));
#4968 = ORIENTED_EDGE('',*,*,#4947,.T.);
#4969 = ORIENTED_EDGE('',*,*,#4970,.T.);
#4970 = EDGE_CURVE('',#4940,#4971,#4973,.T.);
#4971 = VERTEX_POINT('',#4972);
#4972 = CARTESIAN_POINT('',(193.237708,-66.648,1.545));
#4973 = LINE('',#4974,#4975);
#4974 = CARTESIAN_POINT('',(195.345509,-66.646079,1.545));
#4975 = VECTOR('',#4976,1.);
#4976 = DIRECTION('',(-0.999999584697,-9.113759800847E-04,0.));
#4977 = ORIENTED_EDGE('',*,*,#4978,.F.);
#4978 = EDGE_CURVE('',#4979,#4971,#4981,.T.);
#4979 = VERTEX_POINT('',#4980);
#4980 = CARTESIAN_POINT('',(193.237708,-66.648,1.51));
#4981 = LINE('',#4982,#4983);
#4982 = CARTESIAN_POINT('',(193.237708,-66.648,1.51));
#4983 = VECTOR('',#4984,1.);
#4984 = DIRECTION('',(0.,0.,1.));
#4985 = ORIENTED_EDGE('',*,*,#4986,.F.);
#4986 = EDGE_CURVE('',#4948,#4979,#4987,.T.);
#4987 = LINE('',#4988,#4989);
#4988 = CARTESIAN_POINT('',(195.345509,-66.646079,1.51));
#4989 = VECTOR('',#4990,1.);
#4990 = DIRECTION('',(-0.999999584697,-9.113759800847E-04,0.));
#4991 = PLANE('',#4992);
#4992 = AXIS2_PLACEMENT_3D('',#4993,#4994,#4995);
#4993 = CARTESIAN_POINT('',(195.345509,-66.646079,1.51));
#4994 = DIRECTION('',(9.113759800847E-04,-0.999999584697,0.));
#4995 = DIRECTION('',(-0.999999584697,-9.113759800847E-04,0.));
#4996 = ADVANCED_FACE('',(#4997),#5022,.T.);
#4997 = FACE_BOUND('',#4998,.T.);
#4998 = EDGE_LOOP('',(#4999,#5000,#5008,#5016));
#4999 = ORIENTED_EDGE('',*,*,#4978,.T.);
#5000 = ORIENTED_EDGE('',*,*,#5001,.T.);
#5001 = EDGE_CURVE('',#4971,#5002,#5004,.T.);
#5002 = VERTEX_POINT('',#5003);
#5003 = CARTESIAN_POINT('',(192.821,-67.064708,1.545));
#5004 = LINE('',#5005,#5006);
#5005 = CARTESIAN_POINT('',(193.237708,-66.648,1.545));
#5006 = VECTOR('',#5007,1.);
#5007 = DIRECTION('',(-0.707106781187,-0.707106781187,0.));
#5008 = ORIENTED_EDGE('',*,*,#5009,.F.);
#5009 = EDGE_CURVE('',#5010,#5002,#5012,.T.);
#5010 = VERTEX_POINT('',#5011);
#5011 = CARTESIAN_POINT('',(192.821,-67.064708,1.51));
#5012 = LINE('',#5013,#5014);
#5013 = CARTESIAN_POINT('',(192.821,-67.064708,1.51));
#5014 = VECTOR('',#5015,1.);
#5015 = DIRECTION('',(0.,0.,1.));
#5016 = ORIENTED_EDGE('',*,*,#5017,.F.);
#5017 = EDGE_CURVE('',#4979,#5010,#5018,.T.);
#5018 = LINE('',#5019,#5020);
#5019 = CARTESIAN_POINT('',(193.237708,-66.648,1.51));
#5020 = VECTOR('',#5021,1.);
#5021 = DIRECTION('',(-0.707106781187,-0.707106781187,0.));
#5022 = PLANE('',#5023);
#5023 = AXIS2_PLACEMENT_3D('',#5024,#5025,#5026);
#5024 = CARTESIAN_POINT('',(193.237708,-66.648,1.51));
#5025 = DIRECTION('',(0.707106781187,-0.707106781187,0.));
#5026 = DIRECTION('',(-0.707106781187,-0.707106781187,0.));
#5027 = ADVANCED_FACE('',(#5028),#5053,.T.);
#5028 = FACE_BOUND('',#5029,.T.);
#5029 = EDGE_LOOP('',(#5030,#5031,#5039,#5047));
#5030 = ORIENTED_EDGE('',*,*,#5009,.T.);
#5031 = ORIENTED_EDGE('',*,*,#5032,.T.);
#5032 = EDGE_CURVE('',#5002,#5033,#5035,.T.);
#5033 = VERTEX_POINT('',#5034);
#5034 = CARTESIAN_POINT('',(192.819079,-70.736065,1.545));
#5035 = LINE('',#5036,#5037);
#5036 = CARTESIAN_POINT('',(192.821,-67.064708,1.545));
#5037 = VECTOR('',#5038,1.);
#5038 = DIRECTION('',(-5.232397004826E-04,-0.99999986311,0.));
#5039 = ORIENTED_EDGE('',*,*,#5040,.F.);
#5040 = EDGE_CURVE('',#5041,#5033,#5043,.T.);
#5041 = VERTEX_POINT('',#5042);
#5042 = CARTESIAN_POINT('',(192.819079,-70.736065,1.51));
#5043 = LINE('',#5044,#5045);
#5044 = CARTESIAN_POINT('',(192.819079,-70.736065,1.51));
#5045 = VECTOR('',#5046,1.);
#5046 = DIRECTION('',(0.,0.,1.));
#5047 = ORIENTED_EDGE('',*,*,#5048,.F.);
#5048 = EDGE_CURVE('',#5010,#5041,#5049,.T.);
#5049 = LINE('',#5050,#5051);
#5050 = CARTESIAN_POINT('',(192.821,-67.064708,1.51));
#5051 = VECTOR('',#5052,1.);
#5052 = DIRECTION('',(-5.232397004826E-04,-0.99999986311,0.));
#5053 = PLANE('',#5054);
#5054 = AXIS2_PLACEMENT_3D('',#5055,#5056,#5057);
#5055 = CARTESIAN_POINT('',(192.821,-67.064708,1.51));
#5056 = DIRECTION('',(0.99999986311,-5.232397004826E-04,0.));
#5057 = DIRECTION('',(-5.232397004826E-04,-0.99999986311,0.));
#5058 = ADVANCED_FACE('',(#5059),#5084,.T.);
#5059 = FACE_BOUND('',#5060,.T.);
#5060 = EDGE_LOOP('',(#5061,#5062,#5070,#5078));
#5061 = ORIENTED_EDGE('',*,*,#5040,.T.);
#5062 = ORIENTED_EDGE('',*,*,#5063,.T.);
#5063 = EDGE_CURVE('',#5033,#5064,#5066,.T.);
#5064 = VERTEX_POINT('',#5065);
#5065 = CARTESIAN_POINT('',(192.804147,-70.772113,1.545));
#5066 = LINE('',#5067,#5068);
#5067 = CARTESIAN_POINT('',(192.819079,-70.736065,1.545));
#5068 = VECTOR('',#5069,1.);
#5069 = DIRECTION('',(-0.38269282806,-0.923875640631,0.));
#5070 = ORIENTED_EDGE('',*,*,#5071,.F.);
#5071 = EDGE_CURVE('',#5072,#5064,#5074,.T.);
#5072 = VERTEX_POINT('',#5073);
#5073 = CARTESIAN_POINT('',(192.804147,-70.772113,1.51));
#5074 = LINE('',#5075,#5076);
#5075 = CARTESIAN_POINT('',(192.804147,-70.772113,1.51));
#5076 = VECTOR('',#5077,1.);
#5077 = DIRECTION('',(0.,0.,1.));
#5078 = ORIENTED_EDGE('',*,*,#5079,.F.);
#5079 = EDGE_CURVE('',#5041,#5072,#5080,.T.);
#5080 = LINE('',#5081,#5082);
#5081 = CARTESIAN_POINT('',(192.819079,-70.736065,1.51));
#5082 = VECTOR('',#5083,1.);
#5083 = DIRECTION('',(-0.38269282806,-0.923875640631,0.));
#5084 = PLANE('',#5085);
#5085 = AXIS2_PLACEMENT_3D('',#5086,#5087,#5088);
#5086 = CARTESIAN_POINT('',(192.819079,-70.736065,1.51));
#5087 = DIRECTION('',(0.923875640631,-0.38269282806,0.));
#5088 = DIRECTION('',(-0.38269282806,-0.923875640631,0.));
#5089 = ADVANCED_FACE('',(#5090),#5115,.T.);
#5090 = FACE_BOUND('',#5091,.T.);
#5091 = EDGE_LOOP('',(#5092,#5093,#5101,#5109));
#5092 = ORIENTED_EDGE('',*,*,#5071,.T.);
#5093 = ORIENTED_EDGE('',*,*,#5094,.T.);
#5094 = EDGE_CURVE('',#5064,#5095,#5097,.T.);
#5095 = VERTEX_POINT('',#5096);
#5096 = CARTESIAN_POINT('',(176.995613,-86.580647,1.545));
#5097 = LINE('',#5098,#5099);
#5098 = CARTESIAN_POINT('',(192.804147,-70.772113,1.545));
#5099 = VECTOR('',#5100,1.);
#5100 = DIRECTION('',(-0.707106781187,-0.707106781187,0.));
#5101 = ORIENTED_EDGE('',*,*,#5102,.F.);
#5102 = EDGE_CURVE('',#5103,#5095,#5105,.T.);
#5103 = VERTEX_POINT('',#5104);
#5104 = CARTESIAN_POINT('',(176.995613,-86.580647,1.51));
#5105 = LINE('',#5106,#5107);
#5106 = CARTESIAN_POINT('',(176.995613,-86.580647,1.51));
#5107 = VECTOR('',#5108,1.);
#5108 = DIRECTION('',(0.,0.,1.));
#5109 = ORIENTED_EDGE('',*,*,#5110,.F.);
#5110 = EDGE_CURVE('',#5072,#5103,#5111,.T.);
#5111 = LINE('',#5112,#5113);
#5112 = CARTESIAN_POINT('',(192.804147,-70.772113,1.51));
#5113 = VECTOR('',#5114,1.);
#5114 = DIRECTION('',(-0.707106781187,-0.707106781187,0.));
#5115 = PLANE('',#5116);
#5116 = AXIS2_PLACEMENT_3D('',#5117,#5118,#5119);
#5117 = CARTESIAN_POINT('',(192.804147,-70.772113,1.51));
#5118 = DIRECTION('',(0.707106781187,-0.707106781187,0.));
#5119 = DIRECTION('',(-0.707106781187,-0.707106781187,0.));
#5120 = ADVANCED_FACE('',(#5121),#5146,.T.);
#5121 = FACE_BOUND('',#5122,.T.);
#5122 = EDGE_LOOP('',(#5123,#5124,#5132,#5140));
#5123 = ORIENTED_EDGE('',*,*,#5102,.T.);
#5124 = ORIENTED_EDGE('',*,*,#5125,.T.);
#5125 = EDGE_CURVE('',#5095,#5126,#5128,.T.);
#5126 = VERTEX_POINT('',#5127);
#5127 = CARTESIAN_POINT('',(176.959565,-86.595579,1.545));
#5128 = LINE('',#5129,#5130);
#5129 = CARTESIAN_POINT('',(176.995613,-86.580647,1.545));
#5130 = VECTOR('',#5131,1.);
#5131 = DIRECTION('',(-0.923875640631,-0.38269282806,0.));
#5132 = ORIENTED_EDGE('',*,*,#5133,.F.);
#5133 = EDGE_CURVE('',#5134,#5126,#5136,.T.);
#5134 = VERTEX_POINT('',#5135);
#5135 = CARTESIAN_POINT('',(176.959565,-86.595579,1.51));
#5136 = LINE('',#5137,#5138);
#5137 = CARTESIAN_POINT('',(176.959565,-86.595579,1.51));
#5138 = VECTOR('',#5139,1.);
#5139 = DIRECTION('',(0.,0.,1.));
#5140 = ORIENTED_EDGE('',*,*,#5141,.F.);
#5141 = EDGE_CURVE('',#5103,#5134,#5142,.T.);
#5142 = LINE('',#5143,#5144);
#5143 = CARTESIAN_POINT('',(176.995613,-86.580647,1.51));
#5144 = VECTOR('',#5145,1.);
#5145 = DIRECTION('',(-0.923875640631,-0.38269282806,0.));
#5146 = PLANE('',#5147);
#5147 = AXIS2_PLACEMENT_3D('',#5148,#5149,#5150);
#5148 = CARTESIAN_POINT('',(176.995613,-86.580647,1.51));
#5149 = DIRECTION('',(0.38269282806,-0.923875640631,0.));
#5150 = DIRECTION('',(-0.923875640631,-0.38269282806,0.));
#5151 = ADVANCED_FACE('',(#5152),#5177,.T.);
#5152 = FACE_BOUND('',#5153,.T.);
#5153 = EDGE_LOOP('',(#5154,#5155,#5163,#5171));
#5154 = ORIENTED_EDGE('',*,*,#5133,.T.);
#5155 = ORIENTED_EDGE('',*,*,#5156,.T.);
#5156 = EDGE_CURVE('',#5126,#5157,#5159,.T.);
#5157 = VERTEX_POINT('',#5158);
#5158 = CARTESIAN_POINT('',(163.183757,-86.595579,1.545));
#5159 = LINE('',#5160,#5161);
#5160 = CARTESIAN_POINT('',(176.959565,-86.595579,1.545));
#5161 = VECTOR('',#5162,1.);
#5162 = DIRECTION('',(-1.,0.,0.));
#5163 = ORIENTED_EDGE('',*,*,#5164,.F.);
#5164 = EDGE_CURVE('',#5165,#5157,#5167,.T.);
#5165 = VERTEX_POINT('',#5166);
#5166 = CARTESIAN_POINT('',(163.183757,-86.595579,1.51));
#5167 = LINE('',#5168,#5169);
#5168 = CARTESIAN_POINT('',(163.183757,-86.595579,1.51));
#5169 = VECTOR('',#5170,1.);
#5170 = DIRECTION('',(0.,0.,1.));
#5171 = ORIENTED_EDGE('',*,*,#5172,.F.);
#5172 = EDGE_CURVE('',#5134,#5165,#5173,.T.);
#5173 = LINE('',#5174,#5175);
#5174 = CARTESIAN_POINT('',(176.959565,-86.595579,1.51));
#5175 = VECTOR('',#5176,1.);
#5176 = DIRECTION('',(-1.,0.,0.));
#5177 = PLANE('',#5178);
#5178 = AXIS2_PLACEMENT_3D('',#5179,#5180,#5181);
#5179 = CARTESIAN_POINT('',(176.959565,-86.595579,1.51));
#5180 = DIRECTION('',(0.,-1.,0.));
#5181 = DIRECTION('',(-1.,0.,0.));
#5182 = ADVANCED_FACE('',(#5183),#5208,.T.);
#5183 = FACE_BOUND('',#5184,.T.);
#5184 = EDGE_LOOP('',(#5185,#5186,#5194,#5202));
#5185 = ORIENTED_EDGE('',*,*,#5164,.T.);
#5186 = ORIENTED_EDGE('',*,*,#5187,.T.);
#5187 = EDGE_CURVE('',#5157,#5188,#5190,.T.);
#5188 = VERTEX_POINT('',#5189);
#5189 = CARTESIAN_POINT('',(163.188889,-86.56978,1.545));
#5190 = LINE('',#5191,#5192);
#5191 = CARTESIAN_POINT('',(163.183757,-86.595579,1.545));
#5192 = VECTOR('',#5193,1.);
#5193 = DIRECTION('',(0.195099823984,0.980783390296,0.));
#5194 = ORIENTED_EDGE('',*,*,#5195,.F.);
#5195 = EDGE_CURVE('',#5196,#5188,#5198,.T.);
#5196 = VERTEX_POINT('',#5197);
#5197 = CARTESIAN_POINT('',(163.188889,-86.56978,1.51));
#5198 = LINE('',#5199,#5200);
#5199 = CARTESIAN_POINT('',(163.188889,-86.56978,1.51));
#5200 = VECTOR('',#5201,1.);
#5201 = DIRECTION('',(0.,0.,1.));
#5202 = ORIENTED_EDGE('',*,*,#5203,.F.);
#5203 = EDGE_CURVE('',#5165,#5196,#5204,.T.);
#5204 = LINE('',#5205,#5206);
#5205 = CARTESIAN_POINT('',(163.183757,-86.595579,1.51));
#5206 = VECTOR('',#5207,1.);
#5207 = DIRECTION('',(0.195099823984,0.980783390296,0.));
#5208 = PLANE('',#5209);
#5209 = AXIS2_PLACEMENT_3D('',#5210,#5211,#5212);
#5210 = CARTESIAN_POINT('',(163.183757,-86.595579,1.51));
#5211 = DIRECTION('',(-0.980783390296,0.195099823984,0.));
#5212 = DIRECTION('',(0.195099823984,0.980783390296,0.));
#5213 = ADVANCED_FACE('',(#5214),#5239,.T.);
#5214 = FACE_BOUND('',#5215,.T.);
#5215 = EDGE_LOOP('',(#5216,#5217,#5225,#5233));
#5216 = ORIENTED_EDGE('',*,*,#5195,.T.);
#5217 = ORIENTED_EDGE('',*,*,#5218,.T.);
#5218 = EDGE_CURVE('',#5188,#5219,#5221,.T.);
#5219 = VERTEX_POINT('',#5220);
#5220 = CARTESIAN_POINT('',(163.188889,-86.425219,1.545));
#5221 = LINE('',#5222,#5223);
#5222 = CARTESIAN_POINT('',(163.188889,-86.56978,1.545));
#5223 = VECTOR('',#5224,1.);
#5224 = DIRECTION('',(0.,1.,0.));
#5225 = ORIENTED_EDGE('',*,*,#5226,.F.);
#5226 = EDGE_CURVE('',#5227,#5219,#5229,.T.);
#5227 = VERTEX_POINT('',#5228);
#5228 = CARTESIAN_POINT('',(163.188889,-86.425219,1.51));
#5229 = LINE('',#5230,#5231);
#5230 = CARTESIAN_POINT('',(163.188889,-86.425219,1.51));
#5231 = VECTOR('',#5232,1.);
#5232 = DIRECTION('',(0.,0.,1.));
#5233 = ORIENTED_EDGE('',*,*,#5234,.F.);
#5234 = EDGE_CURVE('',#5196,#5227,#5235,.T.);
#5235 = LINE('',#5236,#5237);
#5236 = CARTESIAN_POINT('',(163.188889,-86.56978,1.51));
#5237 = VECTOR('',#5238,1.);
#5238 = DIRECTION('',(0.,1.,0.));
#5239 = PLANE('',#5240);
#5240 = AXIS2_PLACEMENT_3D('',#5241,#5242,#5243);
#5241 = CARTESIAN_POINT('',(163.188889,-86.56978,1.51));
#5242 = DIRECTION('',(-1.,0.,0.));
#5243 = DIRECTION('',(0.,1.,0.));
#5244 = ADVANCED_FACE('',(#5245),#5270,.T.);
#5245 = FACE_BOUND('',#5246,.T.);
#5246 = EDGE_LOOP('',(#5247,#5248,#5256,#5264));
#5247 = ORIENTED_EDGE('',*,*,#5226,.T.);
#5248 = ORIENTED_EDGE('',*,*,#5249,.T.);
#5249 = EDGE_CURVE('',#5219,#5250,#5252,.T.);
#5250 = VERTEX_POINT('',#5251);
#5251 = CARTESIAN_POINT('',(163.183737,-86.399321,1.545));
#5252 = LINE('',#5253,#5254);
#5253 = CARTESIAN_POINT('',(163.188889,-86.425219,1.545));
#5254 = VECTOR('',#5255,1.);
#5255 = DIRECTION('',(-0.19511099609,0.980781167848,0.));
#5256 = ORIENTED_EDGE('',*,*,#5257,.F.);
#5257 = EDGE_CURVE('',#5258,#5250,#5260,.T.);
#5258 = VERTEX_POINT('',#5259);
#5259 = CARTESIAN_POINT('',(163.183737,-86.399321,1.51));
#5260 = LINE('',#5261,#5262);
#5261 = CARTESIAN_POINT('',(163.183737,-86.399321,1.51));
#5262 = VECTOR('',#5263,1.);
#5263 = DIRECTION('',(0.,0.,1.));
#5264 = ORIENTED_EDGE('',*,*,#5265,.F.);
#5265 = EDGE_CURVE('',#5227,#5258,#5266,.T.);
#5266 = LINE('',#5267,#5268);
#5267 = CARTESIAN_POINT('',(163.188889,-86.425219,1.51));
#5268 = VECTOR('',#5269,1.);
#5269 = DIRECTION('',(-0.19511099609,0.980781167848,0.));
#5270 = PLANE('',#5271);
#5271 = AXIS2_PLACEMENT_3D('',#5272,#5273,#5274);
#5272 = CARTESIAN_POINT('',(163.188889,-86.425219,1.51));
#5273 = DIRECTION('',(-0.980781167848,-0.19511099609,0.));
#5274 = DIRECTION('',(-0.19511099609,0.980781167848,0.));
#5275 = ADVANCED_FACE('',(#5276),#5301,.T.);
#5276 = FACE_BOUND('',#5277,.T.);
#5277 = EDGE_LOOP('',(#5278,#5279,#5287,#5295));
#5278 = ORIENTED_EDGE('',*,*,#5257,.T.);
#5279 = ORIENTED_EDGE('',*,*,#5280,.T.);
#5280 = EDGE_CURVE('',#5250,#5281,#5283,.T.);
#5281 = VERTEX_POINT('',#5282);
#5282 = CARTESIAN_POINT('',(176.898634,-86.3975,1.545));
#5283 = LINE('',#5284,#5285);
#5284 = CARTESIAN_POINT('',(163.183737,-86.399321,1.545));
#5285 = VECTOR('',#5286,1.);
#5286 = DIRECTION('',(0.999999991185,1.327753306463E-04,0.));
#5287 = ORIENTED_EDGE('',*,*,#5288,.F.);
#5288 = EDGE_CURVE('',#5289,#5281,#5291,.T.);
#5289 = VERTEX_POINT('',#5290);
#5290 = CARTESIAN_POINT('',(176.898634,-86.3975,1.51));
#5291 = LINE('',#5292,#5293);
#5292 = CARTESIAN_POINT('',(176.898634,-86.3975,1.51));
#5293 = VECTOR('',#5294,1.);
#5294 = DIRECTION('',(0.,0.,1.));
#5295 = ORIENTED_EDGE('',*,*,#5296,.F.);
#5296 = EDGE_CURVE('',#5258,#5289,#5297,.T.);
#5297 = LINE('',#5298,#5299);
#5298 = CARTESIAN_POINT('',(163.183737,-86.399321,1.51));
#5299 = VECTOR('',#5300,1.);
#5300 = DIRECTION('',(0.999999991185,1.327753306463E-04,0.));
#5301 = PLANE('',#5302);
#5302 = AXIS2_PLACEMENT_3D('',#5303,#5304,#5305);
#5303 = CARTESIAN_POINT('',(163.183737,-86.399321,1.51));
#5304 = DIRECTION('',(-1.327753306463E-04,0.999999991185,0.));
#5305 = DIRECTION('',(0.999999991185,1.327753306463E-04,0.));
#5306 = ADVANCED_FACE('',(#5307),#5332,.T.);
#5307 = FACE_BOUND('',#5308,.T.);
#5308 = EDGE_LOOP('',(#5309,#5310,#5318,#5326));
#5309 = ORIENTED_EDGE('',*,*,#5288,.T.);
#5310 = ORIENTED_EDGE('',*,*,#5311,.T.);
#5311 = EDGE_CURVE('',#5281,#5312,#5314,.T.);
#5312 = VERTEX_POINT('',#5313);
#5313 = CARTESIAN_POINT('',(192.621,-70.675134,1.545));
#5314 = LINE('',#5315,#5316);
#5315 = CARTESIAN_POINT('',(176.898634,-86.3975,1.545));
#5316 = VECTOR('',#5317,1.);
#5317 = DIRECTION('',(0.707106781187,0.707106781187,0.));
#5318 = ORIENTED_EDGE('',*,*,#5319,.F.);
#5319 = EDGE_CURVE('',#5320,#5312,#5322,.T.);
#5320 = VERTEX_POINT('',#5321);
#5321 = CARTESIAN_POINT('',(192.621,-70.675134,1.51));
#5322 = LINE('',#5323,#5324);
#5323 = CARTESIAN_POINT('',(192.621,-70.675134,1.51));
#5324 = VECTOR('',#5325,1.);
#5325 = DIRECTION('',(0.,0.,1.));
#5326 = ORIENTED_EDGE('',*,*,#5327,.F.);
#5327 = EDGE_CURVE('',#5289,#5320,#5328,.T.);
#5328 = LINE('',#5329,#5330);
#5329 = CARTESIAN_POINT('',(176.898634,-86.3975,1.51));
#5330 = VECTOR('',#5331,1.);
#5331 = DIRECTION('',(0.707106781187,0.707106781187,0.));
#5332 = PLANE('',#5333);
#5333 = AXIS2_PLACEMENT_3D('',#5334,#5335,#5336);
#5334 = CARTESIAN_POINT('',(176.898634,-86.3975,1.51));
#5335 = DIRECTION('',(-0.707106781187,0.707106781187,0.));
#5336 = DIRECTION('',(0.707106781187,0.707106781187,0.));
#5337 = ADVANCED_FACE('',(#5338),#5363,.T.);
#5338 = FACE_BOUND('',#5339,.T.);
#5339 = EDGE_LOOP('',(#5340,#5341,#5349,#5357));
#5340 = ORIENTED_EDGE('',*,*,#5319,.T.);
#5341 = ORIENTED_EDGE('',*,*,#5342,.T.);
#5342 = EDGE_CURVE('',#5312,#5343,#5345,.T.);
#5343 = VERTEX_POINT('',#5344);
#5344 = CARTESIAN_POINT('',(192.622921,-67.003777,1.545));
#5345 = LINE('',#5346,#5347);
#5346 = CARTESIAN_POINT('',(192.621,-70.675134,1.545));
#5347 = VECTOR('',#5348,1.);
#5348 = DIRECTION('',(5.232397004748E-04,0.99999986311,0.));
#5349 = ORIENTED_EDGE('',*,*,#5350,.F.);
#5350 = EDGE_CURVE('',#5351,#5343,#5353,.T.);
#5351 = VERTEX_POINT('',#5352);
#5352 = CARTESIAN_POINT('',(192.622921,-67.003777,1.51));
#5353 = LINE('',#5354,#5355);
#5354 = CARTESIAN_POINT('',(192.622921,-67.003777,1.51));
#5355 = VECTOR('',#5356,1.);
#5356 = DIRECTION('',(0.,0.,1.));
#5357 = ORIENTED_EDGE('',*,*,#5358,.F.);
#5358 = EDGE_CURVE('',#5320,#5351,#5359,.T.);
#5359 = LINE('',#5360,#5361);
#5360 = CARTESIAN_POINT('',(192.621,-70.675134,1.51));
#5361 = VECTOR('',#5362,1.);
#5362 = DIRECTION('',(5.232397004748E-04,0.99999986311,0.));
#5363 = PLANE('',#5364);
#5364 = AXIS2_PLACEMENT_3D('',#5365,#5366,#5367);
#5365 = CARTESIAN_POINT('',(192.621,-70.675134,1.51));
#5366 = DIRECTION('',(-0.99999986311,5.232397004748E-04,0.));
#5367 = DIRECTION('',(5.232397004748E-04,0.99999986311,0.));
#5368 = ADVANCED_FACE('',(#5369),#5394,.T.);
#5369 = FACE_BOUND('',#5370,.T.);
#5370 = EDGE_LOOP('',(#5371,#5372,#5380,#5388));
#5371 = ORIENTED_EDGE('',*,*,#5350,.T.);
#5372 = ORIENTED_EDGE('',*,*,#5373,.T.);
#5373 = EDGE_CURVE('',#5343,#5374,#5376,.T.);
#5374 = VERTEX_POINT('',#5375);
#5375 = CARTESIAN_POINT('',(192.637853,-66.967729,1.545));
#5376 = LINE('',#5377,#5378);
#5377 = CARTESIAN_POINT('',(192.622921,-67.003777,1.545));
#5378 = VECTOR('',#5379,1.);
#5379 = DIRECTION('',(0.38269282806,0.923875640631,0.));
#5380 = ORIENTED_EDGE('',*,*,#5381,.F.);
#5381 = EDGE_CURVE('',#5382,#5374,#5384,.T.);
#5382 = VERTEX_POINT('',#5383);
#5383 = CARTESIAN_POINT('',(192.637853,-66.967729,1.51));
#5384 = LINE('',#5385,#5386);
#5385 = CARTESIAN_POINT('',(192.637853,-66.967729,1.51));
#5386 = VECTOR('',#5387,1.);
#5387 = DIRECTION('',(0.,0.,1.));
#5388 = ORIENTED_EDGE('',*,*,#5389,.F.);
#5389 = EDGE_CURVE('',#5351,#5382,#5390,.T.);
#5390 = LINE('',#5391,#5392);
#5391 = CARTESIAN_POINT('',(192.622921,-67.003777,1.51));
#5392 = VECTOR('',#5393,1.);
#5393 = DIRECTION('',(0.38269282806,0.923875640631,0.));
#5394 = PLANE('',#5395);
#5395 = AXIS2_PLACEMENT_3D('',#5396,#5397,#5398);
#5396 = CARTESIAN_POINT('',(192.622921,-67.003777,1.51));
#5397 = DIRECTION('',(-0.923875640631,0.38269282806,0.));
#5398 = DIRECTION('',(0.38269282806,0.923875640631,0.));
#5399 = ADVANCED_FACE('',(#5400),#5425,.T.);
#5400 = FACE_BOUND('',#5401,.T.);
#5401 = EDGE_LOOP('',(#5402,#5403,#5411,#5419));
#5402 = ORIENTED_EDGE('',*,*,#5381,.T.);
#5403 = ORIENTED_EDGE('',*,*,#5404,.T.);
#5404 = EDGE_CURVE('',#5374,#5405,#5407,.T.);
#5405 = VERTEX_POINT('',#5406);
#5406 = CARTESIAN_POINT('',(193.140729,-66.464853,1.545));
#5407 = LINE('',#5408,#5409);
#5408 = CARTESIAN_POINT('',(192.637853,-66.967729,1.545));
#5409 = VECTOR('',#5410,1.);
#5410 = DIRECTION('',(0.707106781187,0.707106781187,0.));
#5411 = ORIENTED_EDGE('',*,*,#5412,.F.);
#5412 = EDGE_CURVE('',#5413,#5405,#5415,.T.);
#5413 = VERTEX_POINT('',#5414);
#5414 = CARTESIAN_POINT('',(193.140729,-66.464853,1.51));
#5415 = LINE('',#5416,#5417);
#5416 = CARTESIAN_POINT('',(193.140729,-66.464853,1.51));
#5417 = VECTOR('',#5418,1.);
#5418 = DIRECTION('',(0.,0.,1.));
#5419 = ORIENTED_EDGE('',*,*,#5420,.F.);
#5420 = EDGE_CURVE('',#5382,#5413,#5421,.T.);
#5421 = LINE('',#5422,#5423);
#5422 = CARTESIAN_POINT('',(192.637853,-66.967729,1.51));
#5423 = VECTOR('',#5424,1.);
#5424 = DIRECTION('',(0.707106781187,0.707106781187,0.));
#5425 = PLANE('',#5426);
#5426 = AXIS2_PLACEMENT_3D('',#5427,#5428,#5429);
#5427 = CARTESIAN_POINT('',(192.637853,-66.967729,1.51));
#5428 = DIRECTION('',(-0.707106781187,0.707106781187,0.));
#5429 = DIRECTION('',(0.707106781187,0.707106781187,0.));
#5430 = ADVANCED_FACE('',(#5431),#5456,.T.);
#5431 = FACE_BOUND('',#5432,.T.);
#5432 = EDGE_LOOP('',(#5433,#5434,#5442,#5450));
#5433 = ORIENTED_EDGE('',*,*,#5412,.T.);
#5434 = ORIENTED_EDGE('',*,*,#5435,.T.);
#5435 = EDGE_CURVE('',#5405,#5436,#5438,.T.);
#5436 = VERTEX_POINT('',#5437);
#5437 = CARTESIAN_POINT('',(193.176777,-66.449921,1.545));
#5438 = LINE('',#5439,#5440);
#5439 = CARTESIAN_POINT('',(193.140729,-66.464853,1.545));
#5440 = VECTOR('',#5441,1.);
#5441 = DIRECTION('',(0.923875640631,0.38269282806,0.));
#5442 = ORIENTED_EDGE('',*,*,#5443,.F.);
#5443 = EDGE_CURVE('',#5444,#5436,#5446,.T.);
#5444 = VERTEX_POINT('',#5445);
#5445 = CARTESIAN_POINT('',(193.176777,-66.449921,1.51));
#5446 = LINE('',#5447,#5448);
#5447 = CARTESIAN_POINT('',(193.176777,-66.449921,1.51));
#5448 = VECTOR('',#5449,1.);
#5449 = DIRECTION('',(0.,0.,1.));
#5450 = ORIENTED_EDGE('',*,*,#5451,.F.);
#5451 = EDGE_CURVE('',#5413,#5444,#5452,.T.);
#5452 = LINE('',#5453,#5454);
#5453 = CARTESIAN_POINT('',(193.140729,-66.464853,1.51));
#5454 = VECTOR('',#5455,1.);
#5455 = DIRECTION('',(0.923875640631,0.38269282806,0.));
#5456 = PLANE('',#5457);
#5457 = AXIS2_PLACEMENT_3D('',#5458,#5459,#5460);
#5458 = CARTESIAN_POINT('',(193.140729,-66.464853,1.51));
#5459 = DIRECTION('',(-0.38269282806,0.923875640631,0.));
#5460 = DIRECTION('',(0.923875640631,0.38269282806,0.));
#5461 = ADVANCED_FACE('',(#5462),#5487,.T.);
#5462 = FACE_BOUND('',#5463,.T.);
#5463 = EDGE_LOOP('',(#5464,#5465,#5473,#5481));
#5464 = ORIENTED_EDGE('',*,*,#5443,.T.);
#5465 = ORIENTED_EDGE('',*,*,#5466,.T.);
#5466 = EDGE_CURVE('',#5436,#5467,#5469,.T.);
#5467 = VERTEX_POINT('',#5468);
#5468 = CARTESIAN_POINT('',(195.284578,-66.448,1.545));
#5469 = LINE('',#5470,#5471);
#5470 = CARTESIAN_POINT('',(193.176777,-66.449921,1.545));
#5471 = VECTOR('',#5472,1.);
#5472 = DIRECTION('',(0.999999584697,9.113759800914E-04,0.));
#5473 = ORIENTED_EDGE('',*,*,#5474,.F.);
#5474 = EDGE_CURVE('',#5475,#5467,#5477,.T.);
#5475 = VERTEX_POINT('',#5476);
#5476 = CARTESIAN_POINT('',(195.284578,-66.448,1.51));
#5477 = LINE('',#5478,#5479);
#5478 = CARTESIAN_POINT('',(195.284578,-66.448,1.51));
#5479 = VECTOR('',#5480,1.);
#5480 = DIRECTION('',(0.,0.,1.));
#5481 = ORIENTED_EDGE('',*,*,#5482,.F.);
#5482 = EDGE_CURVE('',#5444,#5475,#5483,.T.);
#5483 = LINE('',#5484,#5485);
#5484 = CARTESIAN_POINT('',(193.176777,-66.449921,1.51));
#5485 = VECTOR('',#5486,1.);
#5486 = DIRECTION('',(0.999999584697,9.113759800914E-04,0.));
#5487 = PLANE('',#5488);
#5488 = AXIS2_PLACEMENT_3D('',#5489,#5490,#5491);
#5489 = CARTESIAN_POINT('',(193.176777,-66.449921,1.51));
#5490 = DIRECTION('',(-9.113759800914E-04,0.999999584697,0.));
#5491 = DIRECTION('',(0.999999584697,9.113759800914E-04,0.));
#5492 = ADVANCED_FACE('',(#5493),#5509,.T.);
#5493 = FACE_BOUND('',#5494,.T.);
#5494 = EDGE_LOOP('',(#5495,#5496,#5502,#5503));
#5495 = ORIENTED_EDGE('',*,*,#5474,.T.);
#5496 = ORIENTED_EDGE('',*,*,#5497,.T.);
#5497 = EDGE_CURVE('',#5467,#4775,#5498,.T.);
#5498 = LINE('',#5499,#5500);
#5499 = CARTESIAN_POINT('',(195.284578,-66.448,1.545));
#5500 = VECTOR('',#5501,1.);
#5501 = DIRECTION('',(0.707360326819,0.706853144609,0.));
#5502 = ORIENTED_EDGE('',*,*,#4772,.F.);
#5503 = ORIENTED_EDGE('',*,*,#5504,.F.);
#5504 = EDGE_CURVE('',#5475,#4773,#5505,.T.);
#5505 = LINE('',#5506,#5507);
#5506 = CARTESIAN_POINT('',(195.284578,-66.448,1.51));
#5507 = VECTOR('',#5508,1.);
#5508 = DIRECTION('',(0.707360326819,0.706853144609,0.));
#5509 = PLANE('',#5510);
#5510 = AXIS2_PLACEMENT_3D('',#5511,#5512,#5513);
#5511 = CARTESIAN_POINT('',(195.284578,-66.448,1.51));
#5512 = DIRECTION('',(-0.706853144609,0.707360326819,0.));
#5513 = DIRECTION('',(0.707360326819,0.706853144609,0.));
#5514 = ADVANCED_FACE('',(#5515),#5541,.F.);
#5515 = FACE_BOUND('',#5516,.T.);
#5516 = EDGE_LOOP('',(#5517,#5518,#5519,#5520,#5521,#5522,#5523,#5524,
    #5525,#5526,#5527,#5528,#5529,#5530,#5531,#5532,#5533,#5534,#5535,
    #5536,#5537,#5538,#5539,#5540));
#5517 = ORIENTED_EDGE('',*,*,#4798,.T.);
#5518 = ORIENTED_EDGE('',*,*,#4829,.T.);
#5519 = ORIENTED_EDGE('',*,*,#4861,.T.);
#5520 = ORIENTED_EDGE('',*,*,#4893,.T.);
#5521 = ORIENTED_EDGE('',*,*,#4924,.T.);
#5522 = ORIENTED_EDGE('',*,*,#4955,.T.);
#5523 = ORIENTED_EDGE('',*,*,#4986,.T.);
#5524 = ORIENTED_EDGE('',*,*,#5017,.T.);
#5525 = ORIENTED_EDGE('',*,*,#5048,.T.);
#5526 = ORIENTED_EDGE('',*,*,#5079,.T.);
#5527 = ORIENTED_EDGE('',*,*,#5110,.T.);
#5528 = ORIENTED_EDGE('',*,*,#5141,.T.);
#5529 = ORIENTED_EDGE('',*,*,#5172,.T.);
#5530 = ORIENTED_EDGE('',*,*,#5203,.T.);
#5531 = ORIENTED_EDGE('',*,*,#5234,.T.);
#5532 = ORIENTED_EDGE('',*,*,#5265,.T.);
#5533 = ORIENTED_EDGE('',*,*,#5296,.T.);
#5534 = ORIENTED_EDGE('',*,*,#5327,.T.);
#5535 = ORIENTED_EDGE('',*,*,#5358,.T.);
#5536 = ORIENTED_EDGE('',*,*,#5389,.T.);
#5537 = ORIENTED_EDGE('',*,*,#5420,.T.);
#5538 = ORIENTED_EDGE('',*,*,#5451,.T.);
#5539 = ORIENTED_EDGE('',*,*,#5482,.T.);
#5540 = ORIENTED_EDGE('',*,*,#5504,.T.);
#5541 = PLANE('',#5542);
#5542 = AXIS2_PLACEMENT_3D('',#5543,#5544,#5545);
#5543 = CARTESIAN_POINT('',(0.,0.,1.51));
#5544 = DIRECTION('',(0.,0.,1.));
#5545 = DIRECTION('',(1.,0.,-0.));
#5546 = ADVANCED_FACE('',(#5547),#5573,.T.);
#5547 = FACE_BOUND('',#5548,.F.);
#5548 = EDGE_LOOP('',(#5549,#5550,#5551,#5552,#5553,#5554,#5555,#5556,
    #5557,#5558,#5559,#5560,#5561,#5562,#5563,#5564,#5565,#5566,#5567,
    #5568,#5569,#5570,#5571,#5572));
#5549 = ORIENTED_EDGE('',*,*,#4782,.T.);
#5550 = ORIENTED_EDGE('',*,*,#4813,.T.);
#5551 = ORIENTED_EDGE('',*,*,#4844,.T.);
#5552 = ORIENTED_EDGE('',*,*,#4877,.T.);
#5553 = ORIENTED_EDGE('',*,*,#4908,.T.);
#5554 = ORIENTED_EDGE('',*,*,#4939,.T.);
#5555 = ORIENTED_EDGE('',*,*,#4970,.T.);
#5556 = ORIENTED_EDGE('',*,*,#5001,.T.);
#5557 = ORIENTED_EDGE('',*,*,#5032,.T.);
#5558 = ORIENTED_EDGE('',*,*,#5063,.T.);
#5559 = ORIENTED_EDGE('',*,*,#5094,.T.);
#5560 = ORIENTED_EDGE('',*,*,#5125,.T.);
#5561 = ORIENTED_EDGE('',*,*,#5156,.T.);
#5562 = ORIENTED_EDGE('',*,*,#5187,.T.);
#5563 = ORIENTED_EDGE('',*,*,#5218,.T.);
#5564 = ORIENTED_EDGE('',*,*,#5249,.T.);
#5565 = ORIENTED_EDGE('',*,*,#5280,.T.);
#5566 = ORIENTED_EDGE('',*,*,#5311,.T.);
#5567 = ORIENTED_EDGE('',*,*,#5342,.T.);
#5568 = ORIENTED_EDGE('',*,*,#5373,.T.);
#5569 = ORIENTED_EDGE('',*,*,#5404,.T.);
#5570 = ORIENTED_EDGE('',*,*,#5435,.T.);
#5571 = ORIENTED_EDGE('',*,*,#5466,.T.);
#5572 = ORIENTED_EDGE('',*,*,#5497,.T.);
#5573 = PLANE('',#5574);
#5574 = AXIS2_PLACEMENT_3D('',#5575,#5576,#5577);
#5575 = CARTESIAN_POINT('',(0.,0.,1.545));
#5576 = DIRECTION('',(0.,0.,1.));
#5577 = DIRECTION('',(1.,0.,-0.));
#5578 = MANIFOLD_SOLID_BREP('',#5579);
#5579 = CLOSED_SHELL('',(#5580,#5620,#5651,#5682,#5715,#5746,#5777,#5799
    ,#5814));
#5580 = ADVANCED_FACE('',(#5581),#5615,.T.);
#5581 = FACE_BOUND('',#5582,.T.);
#5582 = EDGE_LOOP('',(#5583,#5593,#5601,#5609));
#5583 = ORIENTED_EDGE('',*,*,#5584,.T.);
#5584 = EDGE_CURVE('',#5585,#5587,#5589,.T.);
#5585 = VERTEX_POINT('',#5586);
#5586 = CARTESIAN_POINT('',(181.61,-87.217984,1.51));
#5587 = VERTEX_POINT('',#5588);
#5588 = CARTESIAN_POINT('',(181.61,-87.217984,1.545));
#5589 = LINE('',#5590,#5591);
#5590 = CARTESIAN_POINT('',(181.61,-87.217984,1.51));
#5591 = VECTOR('',#5592,1.);
#5592 = DIRECTION('',(0.,0.,1.));
#5593 = ORIENTED_EDGE('',*,*,#5594,.T.);
#5594 = EDGE_CURVE('',#5587,#5595,#5597,.T.);
#5595 = VERTEX_POINT('',#5596);
#5596 = CARTESIAN_POINT('',(181.681977,-87.214449,1.545));
#5597 = LINE('',#5598,#5599);
#5598 = CARTESIAN_POINT('',(181.61,-87.217984,1.545));
#5599 = VECTOR('',#5600,1.);
#5600 = DIRECTION('',(0.998796138402,4.905378592122E-02,0.));
#5601 = ORIENTED_EDGE('',*,*,#5602,.F.);
#5602 = EDGE_CURVE('',#5603,#5595,#5605,.T.);
#5603 = VERTEX_POINT('',#5604);
#5604 = CARTESIAN_POINT('',(181.681977,-87.214449,1.51));
#5605 = LINE('',#5606,#5607);
#5606 = CARTESIAN_POINT('',(181.681977,-87.214449,1.51));
#5607 = VECTOR('',#5608,1.);
#5608 = DIRECTION('',(0.,0.,1.));
#5609 = ORIENTED_EDGE('',*,*,#5610,.F.);
#5610 = EDGE_CURVE('',#5585,#5603,#5611,.T.);
#5611 = LINE('',#5612,#5613);
#5612 = CARTESIAN_POINT('',(181.61,-87.217984,1.51));
#5613 = VECTOR('',#5614,1.);
#5614 = DIRECTION('',(0.998796138402,4.905378592122E-02,0.));
#5615 = PLANE('',#5616);
#5616 = AXIS2_PLACEMENT_3D('',#5617,#5618,#5619);
#5617 = CARTESIAN_POINT('',(181.61,-87.217984,1.51));
#5618 = DIRECTION('',(-4.905378592122E-02,0.998796138402,0.));
#5619 = DIRECTION('',(0.998796138402,4.905378592122E-02,0.));
#5620 = ADVANCED_FACE('',(#5621),#5646,.T.);
#5621 = FACE_BOUND('',#5622,.T.);
#5622 = EDGE_LOOP('',(#5623,#5624,#5632,#5640));
#5623 = ORIENTED_EDGE('',*,*,#5602,.T.);
#5624 = ORIENTED_EDGE('',*,*,#5625,.T.);
#5625 = EDGE_CURVE('',#5595,#5626,#5628,.T.);
#5626 = VERTEX_POINT('',#5627);
#5627 = CARTESIAN_POINT('',(181.709181,-87.209037,1.545));
#5628 = LINE('',#5629,#5630);
#5629 = CARTESIAN_POINT('',(181.681977,-87.214449,1.545));
#5630 = VECTOR('',#5631,1.);
#5631 = DIRECTION('',(0.980779844374,0.195117648793,0.));
#5632 = ORIENTED_EDGE('',*,*,#5633,.F.);
#5633 = EDGE_CURVE('',#5634,#5626,#5636,.T.);
#5634 = VERTEX_POINT('',#5635);
#5635 = CARTESIAN_POINT('',(181.709181,-87.209037,1.51));
#5636 = LINE('',#5637,#5638);
#5637 = CARTESIAN_POINT('',(181.709181,-87.209037,1.51));
#5638 = VECTOR('',#5639,1.);
#5639 = DIRECTION('',(0.,0.,1.));
#5640 = ORIENTED_EDGE('',*,*,#5641,.F.);
#5641 = EDGE_CURVE('',#5603,#5634,#5642,.T.);
#5642 = LINE('',#5643,#5644);
#5643 = CARTESIAN_POINT('',(181.681977,-87.214449,1.51));
#5644 = VECTOR('',#5645,1.);
#5645 = DIRECTION('',(0.980779844374,0.195117648793,0.));
#5646 = PLANE('',#5647);
#5647 = AXIS2_PLACEMENT_3D('',#5648,#5649,#5650);
#5648 = CARTESIAN_POINT('',(181.681977,-87.214449,1.51));
#5649 = DIRECTION('',(-0.195117648793,0.980779844374,0.));
#5650 = DIRECTION('',(0.980779844374,0.195117648793,0.));
#5651 = ADVANCED_FACE('',(#5652),#5677,.T.);
#5652 = FACE_BOUND('',#5653,.T.);
#5653 = EDGE_LOOP('',(#5654,#5655,#5663,#5671));
#5654 = ORIENTED_EDGE('',*,*,#5633,.T.);
#5655 = ORIENTED_EDGE('',*,*,#5656,.T.);
#5656 = EDGE_CURVE('',#5626,#5657,#5659,.T.);
#5657 = VERTEX_POINT('',#5658);
#5658 = CARTESIAN_POINT('',(181.708079,-88.055643,1.545));
#5659 = LINE('',#5660,#5661);
#5660 = CARTESIAN_POINT('',(181.709181,-87.209037,1.545));
#5661 = VECTOR('',#5662,1.);
#5662 = DIRECTION('',(-1.30166696955E-03,-0.999999152831,0.));
#5663 = ORIENTED_EDGE('',*,*,#5664,.F.);
#5664 = EDGE_CURVE('',#5665,#5657,#5667,.T.);
#5665 = VERTEX_POINT('',#5666);
#5666 = CARTESIAN_POINT('',(181.708079,-88.055643,1.51));
#5667 = LINE('',#5668,#5669);
#5668 = CARTESIAN_POINT('',(181.708079,-88.055643,1.51));
#5669 = VECTOR('',#5670,1.);
#5670 = DIRECTION('',(0.,0.,1.));
#5671 = ORIENTED_EDGE('',*,*,#5672,.F.);
#5672 = EDGE_CURVE('',#5634,#5665,#5673,.T.);
#5673 = LINE('',#5674,#5675);
#5674 = CARTESIAN_POINT('',(181.709181,-87.209037,1.51));
#5675 = VECTOR('',#5676,1.);
#5676 = DIRECTION('',(-1.30166696955E-03,-0.999999152831,0.));
#5677 = PLANE('',#5678);
#5678 = AXIS2_PLACEMENT_3D('',#5679,#5680,#5681);
#5679 = CARTESIAN_POINT('',(181.709181,-87.209037,1.51));
#5680 = DIRECTION('',(0.999999152831,-1.30166696955E-03,0.));
#5681 = DIRECTION('',(-1.30166696955E-03,-0.999999152831,0.));
#5682 = ADVANCED_FACE('',(#5683),#5710,.T.);
#5683 = FACE_BOUND('',#5684,.T.);
#5684 = EDGE_LOOP('',(#5685,#5686,#5695,#5703));
#5685 = ORIENTED_EDGE('',*,*,#5664,.T.);
#5686 = ORIENTED_EDGE('',*,*,#5687,.T.);
#5687 = EDGE_CURVE('',#5657,#5688,#5690,.T.);
#5688 = VERTEX_POINT('',#5689);
#5689 = CARTESIAN_POINT('',(181.511921,-88.055643,1.545));
#5690 = CIRCLE('',#5691,0.100000456609);
#5691 = AXIS2_PLACEMENT_3D('',#5692,#5693,#5694);
#5692 = CARTESIAN_POINT('',(181.61,-88.036134,1.545));
#5693 = DIRECTION('',(-0.,0.,-1.));
#5694 = DIRECTION('',(0.980785521645,-0.195089109205,-0.));
#5695 = ORIENTED_EDGE('',*,*,#5696,.F.);
#5696 = EDGE_CURVE('',#5697,#5688,#5699,.T.);
#5697 = VERTEX_POINT('',#5698);
#5698 = CARTESIAN_POINT('',(181.511921,-88.055643,1.51));
#5699 = LINE('',#5700,#5701);
#5700 = CARTESIAN_POINT('',(181.511921,-88.055643,1.51));
#5701 = VECTOR('',#5702,1.);
#5702 = DIRECTION('',(0.,0.,1.));
#5703 = ORIENTED_EDGE('',*,*,#5704,.F.);
#5704 = EDGE_CURVE('',#5665,#5697,#5705,.T.);
#5705 = CIRCLE('',#5706,0.100000456609);
#5706 = AXIS2_PLACEMENT_3D('',#5707,#5708,#5709);
#5707 = CARTESIAN_POINT('',(181.61,-88.036134,1.51));
#5708 = DIRECTION('',(-0.,0.,-1.));
#5709 = DIRECTION('',(0.980785521645,-0.195089109205,-0.));
#5710 = CYLINDRICAL_SURFACE('',#5711,0.100000456609);
#5711 = AXIS2_PLACEMENT_3D('',#5712,#5713,#5714);
#5712 = CARTESIAN_POINT('',(181.61,-88.036134,1.51));
#5713 = DIRECTION('',(-0.,0.,-1.));
#5714 = DIRECTION('',(0.980785521645,-0.195089109205,-0.));
#5715 = ADVANCED_FACE('',(#5716),#5741,.T.);
#5716 = FACE_BOUND('',#5717,.T.);
#5717 = EDGE_LOOP('',(#5718,#5719,#5727,#5735));
#5718 = ORIENTED_EDGE('',*,*,#5696,.T.);
#5719 = ORIENTED_EDGE('',*,*,#5720,.T.);
#5720 = EDGE_CURVE('',#5688,#5721,#5723,.T.);
#5721 = VERTEX_POINT('',#5722);
#5722 = CARTESIAN_POINT('',(181.511921,-87.209257,1.545));
#5723 = LINE('',#5724,#5725);
#5724 = CARTESIAN_POINT('',(181.511921,-88.055643,1.545));
#5725 = VECTOR('',#5726,1.);
#5726 = DIRECTION('',(0.,1.,0.));
#5727 = ORIENTED_EDGE('',*,*,#5728,.F.);
#5728 = EDGE_CURVE('',#5729,#5721,#5731,.T.);
#5729 = VERTEX_POINT('',#5730);
#5730 = CARTESIAN_POINT('',(181.511921,-87.209257,1.51));
#5731 = LINE('',#5732,#5733);
#5732 = CARTESIAN_POINT('',(181.511921,-87.209257,1.51));
#5733 = VECTOR('',#5734,1.);
#5734 = DIRECTION('',(0.,0.,1.));
#5735 = ORIENTED_EDGE('',*,*,#5736,.F.);
#5736 = EDGE_CURVE('',#5697,#5729,#5737,.T.);
#5737 = LINE('',#5738,#5739);
#5738 = CARTESIAN_POINT('',(181.511921,-88.055643,1.51));
#5739 = VECTOR('',#5740,1.);
#5740 = DIRECTION('',(0.,1.,0.));
#5741 = PLANE('',#5742);
#5742 = AXIS2_PLACEMENT_3D('',#5743,#5744,#5745);
#5743 = CARTESIAN_POINT('',(181.511921,-88.055643,1.51));
#5744 = DIRECTION('',(-1.,0.,0.));
#5745 = DIRECTION('',(0.,1.,0.));
#5746 = ADVANCED_FACE('',(#5747),#5772,.T.);
#5747 = FACE_BOUND('',#5748,.T.);
#5748 = EDGE_LOOP('',(#5749,#5750,#5758,#5766));
#5749 = ORIENTED_EDGE('',*,*,#5728,.T.);
#5750 = ORIENTED_EDGE('',*,*,#5751,.T.);
#5751 = EDGE_CURVE('',#5721,#5752,#5754,.T.);
#5752 = VERTEX_POINT('',#5753);
#5753 = CARTESIAN_POINT('',(181.538022,-87.214449,1.545));
#5754 = LINE('',#5755,#5756);
#5755 = CARTESIAN_POINT('',(181.511921,-87.209257,1.545));
#5756 = VECTOR('',#5757,1.);
#5757 = DIRECTION('',(0.980783926519,-0.195097128328,0.));
#5758 = ORIENTED_EDGE('',*,*,#5759,.F.);
#5759 = EDGE_CURVE('',#5760,#5752,#5762,.T.);
#5760 = VERTEX_POINT('',#5761);
#5761 = CARTESIAN_POINT('',(181.538022,-87.214449,1.51));
#5762 = LINE('',#5763,#5764);
#5763 = CARTESIAN_POINT('',(181.538022,-87.214449,1.51));
#5764 = VECTOR('',#5765,1.);
#5765 = DIRECTION('',(0.,0.,1.));
#5766 = ORIENTED_EDGE('',*,*,#5767,.F.);
#5767 = EDGE_CURVE('',#5729,#5760,#5768,.T.);
#5768 = LINE('',#5769,#5770);
#5769 = CARTESIAN_POINT('',(181.511921,-87.209257,1.51));
#5770 = VECTOR('',#5771,1.);
#5771 = DIRECTION('',(0.980783926519,-0.195097128328,0.));
#5772 = PLANE('',#5773);
#5773 = AXIS2_PLACEMENT_3D('',#5774,#5775,#5776);
#5774 = CARTESIAN_POINT('',(181.511921,-87.209257,1.51));
#5775 = DIRECTION('',(0.195097128328,0.980783926519,-0.));
#5776 = DIRECTION('',(0.980783926519,-0.195097128328,0.));
#5777 = ADVANCED_FACE('',(#5778),#5794,.T.);
#5778 = FACE_BOUND('',#5779,.T.);
#5779 = EDGE_LOOP('',(#5780,#5781,#5787,#5788));
#5780 = ORIENTED_EDGE('',*,*,#5759,.T.);
#5781 = ORIENTED_EDGE('',*,*,#5782,.T.);
#5782 = EDGE_CURVE('',#5752,#5587,#5783,.T.);
#5783 = LINE('',#5784,#5785);
#5784 = CARTESIAN_POINT('',(181.538022,-87.214449,1.545));
#5785 = VECTOR('',#5786,1.);
#5786 = DIRECTION('',(0.998796171792,-4.905310605025E-02,0.));
#5787 = ORIENTED_EDGE('',*,*,#5584,.F.);
#5788 = ORIENTED_EDGE('',*,*,#5789,.F.);
#5789 = EDGE_CURVE('',#5760,#5585,#5790,.T.);
#5790 = LINE('',#5791,#5792);
#5791 = CARTESIAN_POINT('',(181.538022,-87.214449,1.51));
#5792 = VECTOR('',#5793,1.);
#5793 = DIRECTION('',(0.998796171792,-4.905310605025E-02,0.));
#5794 = PLANE('',#5795);
#5795 = AXIS2_PLACEMENT_3D('',#5796,#5797,#5798);
#5796 = CARTESIAN_POINT('',(181.538022,-87.214449,1.51));
#5797 = DIRECTION('',(4.905310605025E-02,0.998796171792,-0.));
#5798 = DIRECTION('',(0.998796171792,-4.905310605025E-02,0.));
#5799 = ADVANCED_FACE('',(#5800),#5809,.F.);
#5800 = FACE_BOUND('',#5801,.T.);
#5801 = EDGE_LOOP('',(#5802,#5803,#5804,#5805,#5806,#5807,#5808));
#5802 = ORIENTED_EDGE('',*,*,#5610,.T.);
#5803 = ORIENTED_EDGE('',*,*,#5641,.T.);
#5804 = ORIENTED_EDGE('',*,*,#5672,.T.);
#5805 = ORIENTED_EDGE('',*,*,#5704,.T.);
#5806 = ORIENTED_EDGE('',*,*,#5736,.T.);
#5807 = ORIENTED_EDGE('',*,*,#5767,.T.);
#5808 = ORIENTED_EDGE('',*,*,#5789,.T.);
#5809 = PLANE('',#5810);
#5810 = AXIS2_PLACEMENT_3D('',#5811,#5812,#5813);
#5811 = CARTESIAN_POINT('',(0.,0.,1.51));
#5812 = DIRECTION('',(0.,0.,1.));
#5813 = DIRECTION('',(1.,0.,-0.));
#5814 = ADVANCED_FACE('',(#5815),#5824,.T.);
#5815 = FACE_BOUND('',#5816,.F.);
#5816 = EDGE_LOOP('',(#5817,#5818,#5819,#5820,#5821,#5822,#5823));
#5817 = ORIENTED_EDGE('',*,*,#5594,.T.);
#5818 = ORIENTED_EDGE('',*,*,#5625,.T.);
#5819 = ORIENTED_EDGE('',*,*,#5656,.T.);
#5820 = ORIENTED_EDGE('',*,*,#5687,.T.);
#5821 = ORIENTED_EDGE('',*,*,#5720,.T.);
#5822 = ORIENTED_EDGE('',*,*,#5751,.T.);
#5823 = ORIENTED_EDGE('',*,*,#5782,.T.);
#5824 = PLANE('',#5825);
#5825 = AXIS2_PLACEMENT_3D('',#5826,#5827,#5828);
#5826 = CARTESIAN_POINT('',(0.,0.,1.545));
#5827 = DIRECTION('',(0.,0.,1.));
#5828 = DIRECTION('',(1.,0.,-0.));
#5829 = MANIFOLD_SOLID_BREP('',#5830);
#5830 = CLOSED_SHELL('',(#5831,#5871,#5902,#5935,#5966,#5997,#6028,#6059
    ,#6090,#6121,#6152,#6183,#6205,#6225));
#5831 = ADVANCED_FACE('',(#5832),#5866,.T.);
#5832 = FACE_BOUND('',#5833,.T.);
#5833 = EDGE_LOOP('',(#5834,#5844,#5852,#5860));
#5834 = ORIENTED_EDGE('',*,*,#5835,.T.);
#5835 = EDGE_CURVE('',#5836,#5838,#5840,.T.);
#5836 = VERTEX_POINT('',#5837);
#5837 = CARTESIAN_POINT('',(204.803845,-65.201352,1.51));
#5838 = VERTEX_POINT('',#5839);
#5839 = CARTESIAN_POINT('',(204.803845,-65.201352,1.545));
#5840 = LINE('',#5841,#5842);
#5841 = CARTESIAN_POINT('',(204.803845,-65.201352,1.51));
#5842 = VECTOR('',#5843,1.);
#5843 = DIRECTION('',(0.,0.,1.));
#5844 = ORIENTED_EDGE('',*,*,#5845,.T.);
#5845 = EDGE_CURVE('',#5838,#5846,#5848,.T.);
#5846 = VERTEX_POINT('',#5847);
#5847 = CARTESIAN_POINT('',(204.839893,-65.186421,1.545));
#5848 = LINE('',#5849,#5850);
#5849 = CARTESIAN_POINT('',(204.803845,-65.201352,1.545));
#5850 = VECTOR('',#5851,1.);
#5851 = DIRECTION('',(0.923884701879,0.382670952168,0.));
#5852 = ORIENTED_EDGE('',*,*,#5853,.F.);
#5853 = EDGE_CURVE('',#5854,#5846,#5856,.T.);
#5854 = VERTEX_POINT('',#5855);
#5855 = CARTESIAN_POINT('',(204.839893,-65.186421,1.51));
#5856 = LINE('',#5857,#5858);
#5857 = CARTESIAN_POINT('',(204.839893,-65.186421,1.51));
#5858 = VECTOR('',#5859,1.);
#5859 = DIRECTION('',(0.,0.,1.));
#5860 = ORIENTED_EDGE('',*,*,#5861,.F.);
#5861 = EDGE_CURVE('',#5836,#5854,#5862,.T.);
#5862 = LINE('',#5863,#5864);
#5863 = CARTESIAN_POINT('',(204.803845,-65.201352,1.51));
#5864 = VECTOR('',#5865,1.);
#5865 = DIRECTION('',(0.923884701879,0.382670952168,0.));
#5866 = PLANE('',#5867);
#5867 = AXIS2_PLACEMENT_3D('',#5868,#5869,#5870);
#5868 = CARTESIAN_POINT('',(204.803845,-65.201352,1.51));
#5869 = DIRECTION('',(-0.382670952168,0.923884701879,0.));
#5870 = DIRECTION('',(0.923884701879,0.382670952168,0.));
#5871 = ADVANCED_FACE('',(#5872),#5897,.T.);
#5872 = FACE_BOUND('',#5873,.T.);
#5873 = EDGE_LOOP('',(#5874,#5875,#5883,#5891));
#5874 = ORIENTED_EDGE('',*,*,#5853,.T.);
#5875 = ORIENTED_EDGE('',*,*,#5876,.T.);
#5876 = EDGE_CURVE('',#5846,#5877,#5879,.T.);
#5877 = VERTEX_POINT('',#5878);
#5878 = CARTESIAN_POINT('',(209.894978,-65.186421,1.545));
#5879 = LINE('',#5880,#5881);
#5880 = CARTESIAN_POINT('',(204.839893,-65.186421,1.545));
#5881 = VECTOR('',#5882,1.);
#5882 = DIRECTION('',(1.,0.,0.));
#5883 = ORIENTED_EDGE('',*,*,#5884,.F.);
#5884 = EDGE_CURVE('',#5885,#5877,#5887,.T.);
#5885 = VERTEX_POINT('',#5886);
#5886 = CARTESIAN_POINT('',(209.894978,-65.186421,1.51));
#5887 = LINE('',#5888,#5889);
#5888 = CARTESIAN_POINT('',(209.894978,-65.186421,1.51));
#5889 = VECTOR('',#5890,1.);
#5890 = DIRECTION('',(0.,0.,1.));
#5891 = ORIENTED_EDGE('',*,*,#5892,.F.);
#5892 = EDGE_CURVE('',#5854,#5885,#5893,.T.);
#5893 = LINE('',#5894,#5895);
#5894 = CARTESIAN_POINT('',(204.839893,-65.186421,1.51));
#5895 = VECTOR('',#5896,1.);
#5896 = DIRECTION('',(1.,0.,0.));
#5897 = PLANE('',#5898);
#5898 = AXIS2_PLACEMENT_3D('',#5899,#5900,#5901);
#5899 = CARTESIAN_POINT('',(204.839893,-65.186421,1.51));
#5900 = DIRECTION('',(0.,1.,0.));
#5901 = DIRECTION('',(1.,0.,0.));
#5902 = ADVANCED_FACE('',(#5903),#5930,.F.);
#5903 = FACE_BOUND('',#5904,.T.);
#5904 = EDGE_LOOP('',(#5905,#5906,#5915,#5923));
#5905 = ORIENTED_EDGE('',*,*,#5884,.T.);
#5906 = ORIENTED_EDGE('',*,*,#5907,.T.);
#5907 = EDGE_CURVE('',#5877,#5908,#5910,.T.);
#5908 = VERTEX_POINT('',#5909);
#5909 = CARTESIAN_POINT('',(209.895019,-65.382733,1.545));
#5910 = CIRCLE('',#5911,0.299225006972);
#5911 = AXIS2_PLACEMENT_3D('',#5912,#5913,#5914);
#5912 = CARTESIAN_POINT('',(210.17766615035,-65.28451796451,1.545));
#5913 = DIRECTION('',(0.,0.,1.));
#5914 = DIRECTION('',(-0.944734376359,0.327836785802,0.));
#5915 = ORIENTED_EDGE('',*,*,#5916,.F.);
#5916 = EDGE_CURVE('',#5917,#5908,#5919,.T.);
#5917 = VERTEX_POINT('',#5918);
#5918 = CARTESIAN_POINT('',(209.895019,-65.382733,1.51));
#5919 = LINE('',#5920,#5921);
#5920 = CARTESIAN_POINT('',(209.895019,-65.382733,1.51));
#5921 = VECTOR('',#5922,1.);
#5922 = DIRECTION('',(0.,0.,1.));
#5923 = ORIENTED_EDGE('',*,*,#5924,.F.);
#5924 = EDGE_CURVE('',#5885,#5917,#5925,.T.);
#5925 = CIRCLE('',#5926,0.299225006972);
#5926 = AXIS2_PLACEMENT_3D('',#5927,#5928,#5929);
#5927 = CARTESIAN_POINT('',(210.17766615035,-65.28451796451,1.51));
#5928 = DIRECTION('',(0.,0.,1.));
#5929 = DIRECTION('',(-0.944734376359,0.327836785802,0.));
#5930 = CYLINDRICAL_SURFACE('',#5931,0.299225006972);
#5931 = AXIS2_PLACEMENT_3D('',#5932,#5933,#5934);
#5932 = CARTESIAN_POINT('',(210.17766615035,-65.28451796451,1.51));
#5933 = DIRECTION('',(-0.,-0.,-1.));
#5934 = DIRECTION('',(-0.944734376359,0.327836785802,0.));
#5935 = ADVANCED_FACE('',(#5936),#5961,.T.);
#5936 = FACE_BOUND('',#5937,.T.);
#5937 = EDGE_LOOP('',(#5938,#5939,#5947,#5955));
#5938 = ORIENTED_EDGE('',*,*,#5916,.T.);
#5939 = ORIENTED_EDGE('',*,*,#5940,.T.);
#5940 = EDGE_CURVE('',#5908,#5941,#5943,.T.);
#5941 = VERTEX_POINT('',#5942);
#5942 = CARTESIAN_POINT('',(204.900823,-65.3845,1.545));
#5943 = LINE('',#5944,#5945);
#5944 = CARTESIAN_POINT('',(209.895019,-65.382733,1.545));
#5945 = VECTOR('',#5946,1.);
#5946 = DIRECTION('',(-0.999999937409,-3.538106813194E-04,0.));
#5947 = ORIENTED_EDGE('',*,*,#5948,.F.);
#5948 = EDGE_CURVE('',#5949,#5941,#5951,.T.);
#5949 = VERTEX_POINT('',#5950);
#5950 = CARTESIAN_POINT('',(204.900823,-65.3845,1.51));
#5951 = LINE('',#5952,#5953);
#5952 = CARTESIAN_POINT('',(204.900823,-65.3845,1.51));
#5953 = VECTOR('',#5954,1.);
#5954 = DIRECTION('',(0.,0.,1.));
#5955 = ORIENTED_EDGE('',*,*,#5956,.F.);
#5956 = EDGE_CURVE('',#5917,#5949,#5957,.T.);
#5957 = LINE('',#5958,#5959);
#5958 = CARTESIAN_POINT('',(209.895019,-65.382733,1.51));
#5959 = VECTOR('',#5960,1.);
#5960 = DIRECTION('',(-0.999999937409,-3.538106813194E-04,0.));
#5961 = PLANE('',#5962);
#5962 = AXIS2_PLACEMENT_3D('',#5963,#5964,#5965);
#5963 = CARTESIAN_POINT('',(209.895019,-65.382733,1.51));
#5964 = DIRECTION('',(3.538106813194E-04,-0.999999937409,0.));
#5965 = DIRECTION('',(-0.999999937409,-3.538106813194E-04,0.));
#5966 = ADVANCED_FACE('',(#5967),#5992,.T.);
#5967 = FACE_BOUND('',#5968,.T.);
#5968 = EDGE_LOOP('',(#5969,#5970,#5978,#5986));
#5969 = ORIENTED_EDGE('',*,*,#5948,.T.);
#5970 = ORIENTED_EDGE('',*,*,#5971,.T.);
#5971 = EDGE_CURVE('',#5941,#5972,#5974,.T.);
#5972 = VERTEX_POINT('',#5973);
#5973 = CARTESIAN_POINT('',(183.718959,-86.563647,1.545));
#5974 = LINE('',#5975,#5976);
#5975 = CARTESIAN_POINT('',(204.900823,-65.3845,1.545));
#5976 = VECTOR('',#5977,1.);
#5977 = DIRECTION('',(-0.707152132973,-0.707061426492,0.));
#5978 = ORIENTED_EDGE('',*,*,#5979,.F.);
#5979 = EDGE_CURVE('',#5980,#5972,#5982,.T.);
#5980 = VERTEX_POINT('',#5981);
#5981 = CARTESIAN_POINT('',(183.718959,-86.563647,1.51));
#5982 = LINE('',#5983,#5984);
#5983 = CARTESIAN_POINT('',(183.718959,-86.563647,1.51));
#5984 = VECTOR('',#5985,1.);
#5985 = DIRECTION('',(0.,0.,1.));
#5986 = ORIENTED_EDGE('',*,*,#5987,.F.);
#5987 = EDGE_CURVE('',#5949,#5980,#5988,.T.);
#5988 = LINE('',#5989,#5990);
#5989 = CARTESIAN_POINT('',(204.900823,-65.3845,1.51));
#5990 = VECTOR('',#5991,1.);
#5991 = DIRECTION('',(-0.707152132973,-0.707061426492,0.));
#5992 = PLANE('',#5993);
#5993 = AXIS2_PLACEMENT_3D('',#5994,#5995,#5996);
#5994 = CARTESIAN_POINT('',(204.900823,-65.3845,1.51));
#5995 = DIRECTION('',(0.707061426492,-0.707152132973,0.));
#5996 = DIRECTION('',(-0.707152132973,-0.707061426492,0.));
#5997 = ADVANCED_FACE('',(#5998),#6023,.T.);
#5998 = FACE_BOUND('',#5999,.T.);
#5999 = EDGE_LOOP('',(#6000,#6001,#6009,#6017));
#6000 = ORIENTED_EDGE('',*,*,#5979,.T.);
#6001 = ORIENTED_EDGE('',*,*,#6002,.T.);
#6002 = EDGE_CURVE('',#5972,#6003,#6005,.T.);
#6003 = VERTEX_POINT('',#6004);
#6004 = CARTESIAN_POINT('',(183.682911,-86.578579,1.545));
#6005 = LINE('',#6006,#6007);
#6006 = CARTESIAN_POINT('',(183.718959,-86.563647,1.545));
#6007 = VECTOR('',#6008,1.);
#6008 = DIRECTION('',(-0.923875640631,-0.38269282806,0.));
#6009 = ORIENTED_EDGE('',*,*,#6010,.F.);
#6010 = EDGE_CURVE('',#6011,#6003,#6013,.T.);
#6011 = VERTEX_POINT('',#6012);
#6012 = CARTESIAN_POINT('',(183.682911,-86.578579,1.51));
#6013 = LINE('',#6014,#6015);
#6014 = CARTESIAN_POINT('',(183.682911,-86.578579,1.51));
#6015 = VECTOR('',#6016,1.);
#6016 = DIRECTION('',(0.,0.,1.));
#6017 = ORIENTED_EDGE('',*,*,#6018,.F.);
#6018 = EDGE_CURVE('',#5980,#6011,#6019,.T.);
#6019 = LINE('',#6020,#6021);
#6020 = CARTESIAN_POINT('',(183.718959,-86.563647,1.51));
#6021 = VECTOR('',#6022,1.);
#6022 = DIRECTION('',(-0.923875640631,-0.38269282806,0.));
#6023 = PLANE('',#6024);
#6024 = AXIS2_PLACEMENT_3D('',#6025,#6026,#6027);
#6025 = CARTESIAN_POINT('',(183.718959,-86.563647,1.51));
#6026 = DIRECTION('',(0.38269282806,-0.923875640631,0.));
#6027 = DIRECTION('',(-0.923875640631,-0.38269282806,0.));
#6028 = ADVANCED_FACE('',(#6029),#6054,.T.);
#6029 = FACE_BOUND('',#6030,.T.);
#6030 = EDGE_LOOP('',(#6031,#6032,#6040,#6048));
#6031 = ORIENTED_EDGE('',*,*,#6010,.T.);
#6032 = ORIENTED_EDGE('',*,*,#6033,.T.);
#6033 = EDGE_CURVE('',#6003,#6034,#6036,.T.);
#6034 = VERTEX_POINT('',#6035);
#6035 = CARTESIAN_POINT('',(182.338496,-86.579888,1.545));
#6036 = LINE('',#6037,#6038);
#6037 = CARTESIAN_POINT('',(183.682911,-86.578579,1.545));
#6038 = VECTOR('',#6039,1.);
#6039 = DIRECTION('',(-0.999999525996,-9.736572260205E-04,0.));
#6040 = ORIENTED_EDGE('',*,*,#6041,.F.);
#6041 = EDGE_CURVE('',#6042,#6034,#6044,.T.);
#6042 = VERTEX_POINT('',#6043);
#6043 = CARTESIAN_POINT('',(182.338496,-86.579888,1.51));
#6044 = LINE('',#6045,#6046);
#6045 = CARTESIAN_POINT('',(182.338496,-86.579888,1.51));
#6046 = VECTOR('',#6047,1.);
#6047 = DIRECTION('',(0.,0.,1.));
#6048 = ORIENTED_EDGE('',*,*,#6049,.F.);
#6049 = EDGE_CURVE('',#6011,#6042,#6050,.T.);
#6050 = LINE('',#6051,#6052);
#6051 = CARTESIAN_POINT('',(183.682911,-86.578579,1.51));
#6052 = VECTOR('',#6053,1.);
#6053 = DIRECTION('',(-0.999999525996,-9.736572260205E-04,0.));
#6054 = PLANE('',#6055);
#6055 = AXIS2_PLACEMENT_3D('',#6056,#6057,#6058);
#6056 = CARTESIAN_POINT('',(183.682911,-86.578579,1.51));
#6057 = DIRECTION('',(9.736572260205E-04,-0.999999525996,0.));
#6058 = DIRECTION('',(-0.999999525996,-9.736572260205E-04,0.));
#6059 = ADVANCED_FACE('',(#6060),#6085,.T.);
#6060 = FACE_BOUND('',#6061,.T.);
#6061 = EDGE_LOOP('',(#6062,#6063,#6071,#6079));
#6062 = ORIENTED_EDGE('',*,*,#6041,.T.);
#6063 = ORIENTED_EDGE('',*,*,#6064,.T.);
#6064 = EDGE_CURVE('',#6034,#6065,#6067,.T.);
#6065 = VERTEX_POINT('',#6066);
#6066 = CARTESIAN_POINT('',(182.343889,-86.55278,1.545));
#6067 = LINE('',#6068,#6069);
#6068 = CARTESIAN_POINT('',(182.338496,-86.579888,1.545));
#6069 = VECTOR('',#6070,1.);
#6070 = DIRECTION('',(0.19512107229,0.980779163292,0.));
#6071 = ORIENTED_EDGE('',*,*,#6072,.F.);
#6072 = EDGE_CURVE('',#6073,#6065,#6075,.T.);
#6073 = VERTEX_POINT('',#6074);
#6074 = CARTESIAN_POINT('',(182.343889,-86.55278,1.51));
#6075 = LINE('',#6076,#6077);
#6076 = CARTESIAN_POINT('',(182.343889,-86.55278,1.51));
#6077 = VECTOR('',#6078,1.);
#6078 = DIRECTION('',(0.,0.,1.));
#6079 = ORIENTED_EDGE('',*,*,#6080,.F.);
#6080 = EDGE_CURVE('',#6042,#6073,#6081,.T.);
#6081 = LINE('',#6082,#6083);
#6082 = CARTESIAN_POINT('',(182.338496,-86.579888,1.51));
#6083 = VECTOR('',#6084,1.);
#6084 = DIRECTION('',(0.19512107229,0.980779163292,0.));
#6085 = PLANE('',#6086);
#6086 = AXIS2_PLACEMENT_3D('',#6087,#6088,#6089);
#6087 = CARTESIAN_POINT('',(182.338496,-86.579888,1.51));
#6088 = DIRECTION('',(-0.980779163292,0.19512107229,0.));
#6089 = DIRECTION('',(0.19512107229,0.980779163292,0.));
#6090 = ADVANCED_FACE('',(#6091),#6116,.T.);
#6091 = FACE_BOUND('',#6092,.T.);
#6092 = EDGE_LOOP('',(#6093,#6094,#6102,#6110));
#6093 = ORIENTED_EDGE('',*,*,#6072,.T.);
#6094 = ORIENTED_EDGE('',*,*,#6095,.T.);
#6095 = EDGE_CURVE('',#6065,#6096,#6098,.T.);
#6096 = VERTEX_POINT('',#6097);
#6097 = CARTESIAN_POINT('',(182.343889,-86.408219,1.545));
#6098 = LINE('',#6099,#6100);
#6099 = CARTESIAN_POINT('',(182.343889,-86.55278,1.545));
#6100 = VECTOR('',#6101,1.);
#6101 = DIRECTION('',(0.,1.,0.));
#6102 = ORIENTED_EDGE('',*,*,#6103,.F.);
#6103 = EDGE_CURVE('',#6104,#6096,#6106,.T.);
#6104 = VERTEX_POINT('',#6105);
#6105 = CARTESIAN_POINT('',(182.343889,-86.408219,1.51));
#6106 = LINE('',#6107,#6108);
#6107 = CARTESIAN_POINT('',(182.343889,-86.408219,1.51));
#6108 = VECTOR('',#6109,1.);
#6109 = DIRECTION('',(0.,0.,1.));
#6110 = ORIENTED_EDGE('',*,*,#6111,.F.);
#6111 = EDGE_CURVE('',#6073,#6104,#6112,.T.);
#6112 = LINE('',#6113,#6114);
#6113 = CARTESIAN_POINT('',(182.343889,-86.55278,1.51));
#6114 = VECTOR('',#6115,1.);
#6115 = DIRECTION('',(0.,1.,0.));
#6116 = PLANE('',#6117);
#6117 = AXIS2_PLACEMENT_3D('',#6118,#6119,#6120);
#6118 = CARTESIAN_POINT('',(182.343889,-86.55278,1.51));
#6119 = DIRECTION('',(-1.,0.,0.));
#6120 = DIRECTION('',(0.,1.,0.));
#6121 = ADVANCED_FACE('',(#6122),#6147,.T.);
#6122 = FACE_BOUND('',#6123,.T.);
#6123 = EDGE_LOOP('',(#6124,#6125,#6133,#6141));
#6124 = ORIENTED_EDGE('',*,*,#6103,.T.);
#6125 = ORIENTED_EDGE('',*,*,#6126,.T.);
#6126 = EDGE_CURVE('',#6096,#6127,#6129,.T.);
#6127 = VERTEX_POINT('',#6128);
#6128 = CARTESIAN_POINT('',(182.338616,-86.381713,1.545));
#6129 = LINE('',#6130,#6131);
#6130 = CARTESIAN_POINT('',(182.343889,-86.408219,1.545));
#6131 = VECTOR('',#6132,1.);
#6132 = DIRECTION('',(-0.195112703066,0.98078082827,0.));
#6133 = ORIENTED_EDGE('',*,*,#6134,.F.);
#6134 = EDGE_CURVE('',#6135,#6127,#6137,.T.);
#6135 = VERTEX_POINT('',#6136);
#6136 = CARTESIAN_POINT('',(182.338616,-86.381713,1.51));
#6137 = LINE('',#6138,#6139);
#6138 = CARTESIAN_POINT('',(182.338616,-86.381713,1.51));
#6139 = VECTOR('',#6140,1.);
#6140 = DIRECTION('',(0.,0.,1.));
#6141 = ORIENTED_EDGE('',*,*,#6142,.F.);
#6142 = EDGE_CURVE('',#6104,#6135,#6143,.T.);
#6143 = LINE('',#6144,#6145);
#6144 = CARTESIAN_POINT('',(182.343889,-86.408219,1.51));
#6145 = VECTOR('',#6146,1.);
#6146 = DIRECTION('',(-0.195112703066,0.98078082827,0.));
#6147 = PLANE('',#6148);
#6148 = AXIS2_PLACEMENT_3D('',#6149,#6150,#6151);
#6149 = CARTESIAN_POINT('',(182.343889,-86.408219,1.51));
#6150 = DIRECTION('',(-0.98078082827,-0.195112703066,0.));
#6151 = DIRECTION('',(-0.195112703066,0.98078082827,0.));
#6152 = ADVANCED_FACE('',(#6153),#6178,.T.);
#6153 = FACE_BOUND('',#6154,.T.);
#6154 = EDGE_LOOP('',(#6155,#6156,#6164,#6172));
#6155 = ORIENTED_EDGE('',*,*,#6134,.T.);
#6156 = ORIENTED_EDGE('',*,*,#6157,.T.);
#6157 = EDGE_CURVE('',#6127,#6158,#6160,.T.);
#6158 = VERTEX_POINT('',#6159);
#6159 = CARTESIAN_POINT('',(183.62198,-86.3805,1.545));
#6160 = LINE('',#6161,#6162);
#6161 = CARTESIAN_POINT('',(182.338616,-86.381713,1.545));
#6162 = VECTOR('',#6163,1.);
#6163 = DIRECTION('',(0.999999553325,9.451717970819E-04,0.));
#6164 = ORIENTED_EDGE('',*,*,#6165,.F.);
#6165 = EDGE_CURVE('',#6166,#6158,#6168,.T.);
#6166 = VERTEX_POINT('',#6167);
#6167 = CARTESIAN_POINT('',(183.62198,-86.3805,1.51));
#6168 = LINE('',#6169,#6170);
#6169 = CARTESIAN_POINT('',(183.62198,-86.3805,1.51));
#6170 = VECTOR('',#6171,1.);
#6171 = DIRECTION('',(0.,0.,1.));
#6172 = ORIENTED_EDGE('',*,*,#6173,.F.);
#6173 = EDGE_CURVE('',#6135,#6166,#6174,.T.);
#6174 = LINE('',#6175,#6176);
#6175 = CARTESIAN_POINT('',(182.338616,-86.381713,1.51));
#6176 = VECTOR('',#6177,1.);
#6177 = DIRECTION('',(0.999999553325,9.451717970819E-04,0.));
#6178 = PLANE('',#6179);
#6179 = AXIS2_PLACEMENT_3D('',#6180,#6181,#6182);
#6180 = CARTESIAN_POINT('',(182.338616,-86.381713,1.51));
#6181 = DIRECTION('',(-9.451717970819E-04,0.999999553325,0.));
#6182 = DIRECTION('',(0.999999553325,9.451717970819E-04,0.));
#6183 = ADVANCED_FACE('',(#6184),#6200,.T.);
#6184 = FACE_BOUND('',#6185,.T.);
#6185 = EDGE_LOOP('',(#6186,#6187,#6193,#6194));
#6186 = ORIENTED_EDGE('',*,*,#6165,.T.);
#6187 = ORIENTED_EDGE('',*,*,#6188,.T.);
#6188 = EDGE_CURVE('',#6158,#5838,#6189,.T.);
#6189 = LINE('',#6190,#6191);
#6190 = CARTESIAN_POINT('',(183.62198,-86.3805,1.545));
#6191 = VECTOR('',#6192,1.);
#6192 = DIRECTION('',(0.70715213297,0.707061426494,0.));
#6193 = ORIENTED_EDGE('',*,*,#5835,.F.);
#6194 = ORIENTED_EDGE('',*,*,#6195,.F.);
#6195 = EDGE_CURVE('',#6166,#5836,#6196,.T.);
#6196 = LINE('',#6197,#6198);
#6197 = CARTESIAN_POINT('',(183.62198,-86.3805,1.51));
#6198 = VECTOR('',#6199,1.);
#6199 = DIRECTION('',(0.70715213297,0.707061426494,0.));
#6200 = PLANE('',#6201);
#6201 = AXIS2_PLACEMENT_3D('',#6202,#6203,#6204);
#6202 = CARTESIAN_POINT('',(183.62198,-86.3805,1.51));
#6203 = DIRECTION('',(-0.707061426494,0.70715213297,0.));
#6204 = DIRECTION('',(0.70715213297,0.707061426494,0.));
#6205 = ADVANCED_FACE('',(#6206),#6220,.F.);
#6206 = FACE_BOUND('',#6207,.T.);
#6207 = EDGE_LOOP('',(#6208,#6209,#6210,#6211,#6212,#6213,#6214,#6215,
    #6216,#6217,#6218,#6219));
#6208 = ORIENTED_EDGE('',*,*,#5861,.T.);
#6209 = ORIENTED_EDGE('',*,*,#5892,.T.);
#6210 = ORIENTED_EDGE('',*,*,#5924,.T.);
#6211 = ORIENTED_EDGE('',*,*,#5956,.T.);
#6212 = ORIENTED_EDGE('',*,*,#5987,.T.);
#6213 = ORIENTED_EDGE('',*,*,#6018,.T.);
#6214 = ORIENTED_EDGE('',*,*,#6049,.T.);
#6215 = ORIENTED_EDGE('',*,*,#6080,.T.);
#6216 = ORIENTED_EDGE('',*,*,#6111,.T.);
#6217 = ORIENTED_EDGE('',*,*,#6142,.T.);
#6218 = ORIENTED_EDGE('',*,*,#6173,.T.);
#6219 = ORIENTED_EDGE('',*,*,#6195,.T.);
#6220 = PLANE('',#6221);
#6221 = AXIS2_PLACEMENT_3D('',#6222,#6223,#6224);
#6222 = CARTESIAN_POINT('',(0.,0.,1.51));
#6223 = DIRECTION('',(0.,0.,1.));
#6224 = DIRECTION('',(1.,0.,-0.));
#6225 = ADVANCED_FACE('',(#6226),#6240,.T.);
#6226 = FACE_BOUND('',#6227,.F.);
#6227 = EDGE_LOOP('',(#6228,#6229,#6230,#6231,#6232,#6233,#6234,#6235,
    #6236,#6237,#6238,#6239));
#6228 = ORIENTED_EDGE('',*,*,#5845,.T.);
#6229 = ORIENTED_EDGE('',*,*,#5876,.T.);
#6230 = ORIENTED_EDGE('',*,*,#5907,.T.);
#6231 = ORIENTED_EDGE('',*,*,#5940,.T.);
#6232 = ORIENTED_EDGE('',*,*,#5971,.T.);
#6233 = ORIENTED_EDGE('',*,*,#6002,.T.);
#6234 = ORIENTED_EDGE('',*,*,#6033,.T.);
#6235 = ORIENTED_EDGE('',*,*,#6064,.T.);
#6236 = ORIENTED_EDGE('',*,*,#6095,.T.);
#6237 = ORIENTED_EDGE('',*,*,#6126,.T.);
#6238 = ORIENTED_EDGE('',*,*,#6157,.T.);
#6239 = ORIENTED_EDGE('',*,*,#6188,.T.);
#6240 = PLANE('',#6241);
#6241 = AXIS2_PLACEMENT_3D('',#6242,#6243,#6244);
#6242 = CARTESIAN_POINT('',(0.,0.,1.545));
#6243 = DIRECTION('',(0.,0.,1.));
#6244 = DIRECTION('',(1.,0.,-0.));
#6245 = ( GEOMETRIC_REPRESENTATION_CONTEXT(3) 
GLOBAL_UNCERTAINTY_ASSIGNED_CONTEXT((#6249)) 
GLOBAL_UNIT_ASSIGNED_CONTEXT((#6246,#6247,#6248)) REPRESENTATION_CONTEXT
('Context #1','3D Context with UNIT and UNCERTAINTY') );
#6246 = ( LENGTH_UNIT() NAMED_UNIT(*) SI_UNIT(.MILLI.,.METRE.) );
#6247 = ( NAMED_UNIT(*) PLANE_ANGLE_UNIT() SI_UNIT($,.RADIAN.) );
#6248 = ( NAMED_UNIT(*) SI_UNIT($,.STERADIAN.) SOLID_ANGLE_UNIT() );
#6249 = UNCERTAINTY_MEASURE_WITH_UNIT(LENGTH_MEASURE(1.E-07),#6246,
  'distance_accuracy_value','confusion accuracy');
#6250 = CONTEXT_DEPENDENT_SHAPE_REPRESENTATION(#6251,#6253);
#6251 = ( REPRESENTATION_RELATIONSHIP('','',#44,#10) 
REPRESENTATION_RELATIONSHIP_WITH_TRANSFORMATION(#6252) 
SHAPE_REPRESENTATION_RELATIONSHIP() );
#6252 = ITEM_DEFINED_TRANSFORMATION('','',#11,#15);
#6253 = PRODUCT_DEFINITION_SHAPE('Placement','Placement of an item',
  #6254);
#6254 = NEXT_ASSEMBLY_USAGE_OCCURRENCE('1','=>[0:1:1:2]','',#5,#39,$);
#6255 = PRODUCT_RELATED_PRODUCT_CATEGORY('part',$,(#41));
#6256 = SHAPE_DEFINITION_REPRESENTATION(#6257,#6263);
#6257 = PRODUCT_DEFINITION_SHAPE('','',#6258);
#6258 = PRODUCT_DEFINITION('design','',#6259,#6262);
#6259 = PRODUCT_DEFINITION_FORMATION('','',#6260);
#6260 = PRODUCT('HacAAB0_pad','HacAAB0_pad','',(#6261));
#6261 = PRODUCT_CONTEXT('',#2,'mechanical');
#6262 = PRODUCT_DEFINITION_CONTEXT('part definition',#2,'design');
#6263 = SHAPE_REPRESENTATION('',(#11,#6264,#6414,#6564,#6656,#6748,#6840
    ,#6932,#7024,#7116,#7208,#7300,#7392,#7484,#7576,#7668,#7818,#7968,
    #8361,#8453,#8545,#8637,#8787,#8937,#9087,#9179,#9271,#9363,#9756,
    #9848,#9940,#10032,#10124,#10216,#10308,#10701,#10793,#10885,#10977,
    #11069,#11161,#11253,#11646,#11738,#11830,#11922,#12014,#12106,
    #12198,#12290,#12382,#12474,#12867,#13017,#13109,#13201,#13293,
    #13686,#13778,#13870,#13962,#14355,#14748,#14840,#14932,#15024,
    #15417,#15509,#15601,#15693,#16086,#16178,#16270,#16362,#16755,
    #16847,#16939,#17031,#17424,#17516,#17608,#17700,#18093,#18185,
    #18277,#18369,#18461,#18553,#18645),#19038);
#6264 = MANIFOLD_SOLID_BREP('',#6265);
#6265 = CLOSED_SHELL('',(#6266,#6306,#6337,#6368,#6390,#6402));
#6266 = ADVANCED_FACE('',(#6267),#6301,.T.);
#6267 = FACE_BOUND('',#6268,.T.);
#6268 = EDGE_LOOP('',(#6269,#6279,#6287,#6295));
#6269 = ORIENTED_EDGE('',*,*,#6270,.T.);
#6270 = EDGE_CURVE('',#6271,#6273,#6275,.T.);
#6271 = VERTEX_POINT('',#6272);
#6272 = CARTESIAN_POINT('',(147.099,-64.3275,1.51));
#6273 = VERTEX_POINT('',#6274);
#6274 = CARTESIAN_POINT('',(147.099,-64.3275,1.55));
#6275 = LINE('',#6276,#6277);
#6276 = CARTESIAN_POINT('',(147.099,-64.3275,1.51));
#6277 = VECTOR('',#6278,1.);
#6278 = DIRECTION('',(0.,0.,1.));
#6279 = ORIENTED_EDGE('',*,*,#6280,.T.);
#6280 = EDGE_CURVE('',#6273,#6281,#6283,.T.);
#6281 = VERTEX_POINT('',#6282);
#6282 = CARTESIAN_POINT('',(147.099,-63.4775,1.55));
#6283 = LINE('',#6284,#6285);
#6284 = CARTESIAN_POINT('',(147.099,-64.3275,1.55));
#6285 = VECTOR('',#6286,1.);
#6286 = DIRECTION('',(0.,1.,0.));
#6287 = ORIENTED_EDGE('',*,*,#6288,.F.);
#6288 = EDGE_CURVE('',#6289,#6281,#6291,.T.);
#6289 = VERTEX_POINT('',#6290);
#6290 = CARTESIAN_POINT('',(147.099,-63.4775,1.51));
#6291 = LINE('',#6292,#6293);
#6292 = CARTESIAN_POINT('',(147.099,-63.4775,1.51));
#6293 = VECTOR('',#6294,1.);
#6294 = DIRECTION('',(0.,0.,1.));
#6295 = ORIENTED_EDGE('',*,*,#6296,.F.);
#6296 = EDGE_CURVE('',#6271,#6289,#6297,.T.);
#6297 = LINE('',#6298,#6299);
#6298 = CARTESIAN_POINT('',(147.099,-64.3275,1.51));
#6299 = VECTOR('',#6300,1.);
#6300 = DIRECTION('',(0.,1.,0.));
#6301 = PLANE('',#6302);
#6302 = AXIS2_PLACEMENT_3D('',#6303,#6304,#6305);
#6303 = CARTESIAN_POINT('',(147.099,-64.3275,1.51));
#6304 = DIRECTION('',(-1.,0.,0.));
#6305 = DIRECTION('',(0.,1.,0.));
#6306 = ADVANCED_FACE('',(#6307),#6332,.T.);
#6307 = FACE_BOUND('',#6308,.T.);
#6308 = EDGE_LOOP('',(#6309,#6310,#6318,#6326));
#6309 = ORIENTED_EDGE('',*,*,#6288,.T.);
#6310 = ORIENTED_EDGE('',*,*,#6311,.T.);
#6311 = EDGE_CURVE('',#6281,#6312,#6314,.T.);
#6312 = VERTEX_POINT('',#6313);
#6313 = CARTESIAN_POINT('',(148.699,-63.4775,1.55));
#6314 = LINE('',#6315,#6316);
#6315 = CARTESIAN_POINT('',(147.099,-63.4775,1.55));
#6316 = VECTOR('',#6317,1.);
#6317 = DIRECTION('',(1.,0.,0.));
#6318 = ORIENTED_EDGE('',*,*,#6319,.F.);
#6319 = EDGE_CURVE('',#6320,#6312,#6322,.T.);
#6320 = VERTEX_POINT('',#6321);
#6321 = CARTESIAN_POINT('',(148.699,-63.4775,1.51));
#6322 = LINE('',#6323,#6324);
#6323 = CARTESIAN_POINT('',(148.699,-63.4775,1.51));
#6324 = VECTOR('',#6325,1.);
#6325 = DIRECTION('',(0.,0.,1.));
#6326 = ORIENTED_EDGE('',*,*,#6327,.F.);
#6327 = EDGE_CURVE('',#6289,#6320,#6328,.T.);
#6328 = LINE('',#6329,#6330);
#6329 = CARTESIAN_POINT('',(147.099,-63.4775,1.51));
#6330 = VECTOR('',#6331,1.);
#6331 = DIRECTION('',(1.,0.,0.));
#6332 = PLANE('',#6333);
#6333 = AXIS2_PLACEMENT_3D('',#6334,#6335,#6336);
#6334 = CARTESIAN_POINT('',(147.099,-63.4775,1.51));
#6335 = DIRECTION('',(0.,1.,0.));
#6336 = DIRECTION('',(1.,0.,0.));
#6337 = ADVANCED_FACE('',(#6338),#6363,.T.);
#6338 = FACE_BOUND('',#6339,.T.);
#6339 = EDGE_LOOP('',(#6340,#6341,#6349,#6357));
#6340 = ORIENTED_EDGE('',*,*,#6319,.T.);
#6341 = ORIENTED_EDGE('',*,*,#6342,.T.);
#6342 = EDGE_CURVE('',#6312,#6343,#6345,.T.);
#6343 = VERTEX_POINT('',#6344);
#6344 = CARTESIAN_POINT('',(148.699,-64.3275,1.55));
#6345 = LINE('',#6346,#6347);
#6346 = CARTESIAN_POINT('',(148.699,-63.4775,1.55));
#6347 = VECTOR('',#6348,1.);
#6348 = DIRECTION('',(0.,-1.,0.));
#6349 = ORIENTED_EDGE('',*,*,#6350,.F.);
#6350 = EDGE_CURVE('',#6351,#6343,#6353,.T.);
#6351 = VERTEX_POINT('',#6352);
#6352 = CARTESIAN_POINT('',(148.699,-64.3275,1.51));
#6353 = LINE('',#6354,#6355);
#6354 = CARTESIAN_POINT('',(148.699,-64.3275,1.51));
#6355 = VECTOR('',#6356,1.);
#6356 = DIRECTION('',(0.,0.,1.));
#6357 = ORIENTED_EDGE('',*,*,#6358,.F.);
#6358 = EDGE_CURVE('',#6320,#6351,#6359,.T.);
#6359 = LINE('',#6360,#6361);
#6360 = CARTESIAN_POINT('',(148.699,-63.4775,1.51));
#6361 = VECTOR('',#6362,1.);
#6362 = DIRECTION('',(0.,-1.,0.));
#6363 = PLANE('',#6364);
#6364 = AXIS2_PLACEMENT_3D('',#6365,#6366,#6367);
#6365 = CARTESIAN_POINT('',(148.699,-63.4775,1.51));
#6366 = DIRECTION('',(1.,0.,-0.));
#6367 = DIRECTION('',(0.,-1.,0.));
#6368 = ADVANCED_FACE('',(#6369),#6385,.T.);
#6369 = FACE_BOUND('',#6370,.T.);
#6370 = EDGE_LOOP('',(#6371,#6372,#6378,#6379));
#6371 = ORIENTED_EDGE('',*,*,#6350,.T.);
#6372 = ORIENTED_EDGE('',*,*,#6373,.T.);
#6373 = EDGE_CURVE('',#6343,#6273,#6374,.T.);
#6374 = LINE('',#6375,#6376);
#6375 = CARTESIAN_POINT('',(148.699,-64.3275,1.55));
#6376 = VECTOR('',#6377,1.);
#6377 = DIRECTION('',(-1.,0.,0.));
#6378 = ORIENTED_EDGE('',*,*,#6270,.F.);
#6379 = ORIENTED_EDGE('',*,*,#6380,.F.);
#6380 = EDGE_CURVE('',#6351,#6271,#6381,.T.);
#6381 = LINE('',#6382,#6383);
#6382 = CARTESIAN_POINT('',(148.699,-64.3275,1.51));
#6383 = VECTOR('',#6384,1.);
#6384 = DIRECTION('',(-1.,0.,0.));
#6385 = PLANE('',#6386);
#6386 = AXIS2_PLACEMENT_3D('',#6387,#6388,#6389);
#6387 = CARTESIAN_POINT('',(148.699,-64.3275,1.51));
#6388 = DIRECTION('',(0.,-1.,0.));
#6389 = DIRECTION('',(-1.,0.,0.));
#6390 = ADVANCED_FACE('',(#6391),#6397,.F.);
#6391 = FACE_BOUND('',#6392,.T.);
#6392 = EDGE_LOOP('',(#6393,#6394,#6395,#6396));
#6393 = ORIENTED_EDGE('',*,*,#6296,.T.);
#6394 = ORIENTED_EDGE('',*,*,#6327,.T.);
#6395 = ORIENTED_EDGE('',*,*,#6358,.T.);
#6396 = ORIENTED_EDGE('',*,*,#6380,.T.);
#6397 = PLANE('',#6398);
#6398 = AXIS2_PLACEMENT_3D('',#6399,#6400,#6401);
#6399 = CARTESIAN_POINT('',(0.,0.,1.51));
#6400 = DIRECTION('',(0.,0.,1.));
#6401 = DIRECTION('',(1.,0.,-0.));
#6402 = ADVANCED_FACE('',(#6403),#6409,.T.);
#6403 = FACE_BOUND('',#6404,.F.);
#6404 = EDGE_LOOP('',(#6405,#6406,#6407,#6408));
#6405 = ORIENTED_EDGE('',*,*,#6280,.T.);
#6406 = ORIENTED_EDGE('',*,*,#6311,.T.);
#6407 = ORIENTED_EDGE('',*,*,#6342,.T.);
#6408 = ORIENTED_EDGE('',*,*,#6373,.T.);
#6409 = PLANE('',#6410);
#6410 = AXIS2_PLACEMENT_3D('',#6411,#6412,#6413);
#6411 = CARTESIAN_POINT('',(0.,0.,1.55));
#6412 = DIRECTION('',(0.,0.,1.));
#6413 = DIRECTION('',(1.,0.,-0.));
#6414 = MANIFOLD_SOLID_BREP('',#6415);
#6415 = CLOSED_SHELL('',(#6416,#6456,#6487,#6518,#6540,#6552));
#6416 = ADVANCED_FACE('',(#6417),#6451,.T.);
#6417 = FACE_BOUND('',#6418,.T.);
#6418 = EDGE_LOOP('',(#6419,#6429,#6437,#6445));
#6419 = ORIENTED_EDGE('',*,*,#6420,.T.);
#6420 = EDGE_CURVE('',#6421,#6423,#6425,.T.);
#6421 = VERTEX_POINT('',#6422);
#6422 = CARTESIAN_POINT('',(185.608,-64.0595,1.51));
#6423 = VERTEX_POINT('',#6424);
#6424 = CARTESIAN_POINT('',(185.608,-64.0595,1.55));
#6425 = LINE('',#6426,#6427);
#6426 = CARTESIAN_POINT('',(185.608,-64.0595,1.51));
#6427 = VECTOR('',#6428,1.);
#6428 = DIRECTION('',(0.,0.,1.));
#6429 = ORIENTED_EDGE('',*,*,#6430,.T.);
#6430 = EDGE_CURVE('',#6423,#6431,#6433,.T.);
#6431 = VERTEX_POINT('',#6432);
#6432 = CARTESIAN_POINT('',(185.608,-63.2095,1.55));
#6433 = LINE('',#6434,#6435);
#6434 = CARTESIAN_POINT('',(185.608,-64.0595,1.55));
#6435 = VECTOR('',#6436,1.);
#6436 = DIRECTION('',(0.,1.,0.));
#6437 = ORIENTED_EDGE('',*,*,#6438,.F.);
#6438 = EDGE_CURVE('',#6439,#6431,#6441,.T.);
#6439 = VERTEX_POINT('',#6440);
#6440 = CARTESIAN_POINT('',(185.608,-63.2095,1.51));
#6441 = LINE('',#6442,#6443);
#6442 = CARTESIAN_POINT('',(185.608,-63.2095,1.51));
#6443 = VECTOR('',#6444,1.);
#6444 = DIRECTION('',(0.,0.,1.));
#6445 = ORIENTED_EDGE('',*,*,#6446,.F.);
#6446 = EDGE_CURVE('',#6421,#6439,#6447,.T.);
#6447 = LINE('',#6448,#6449);
#6448 = CARTESIAN_POINT('',(185.608,-64.0595,1.51));
#6449 = VECTOR('',#6450,1.);
#6450 = DIRECTION('',(0.,1.,0.));
#6451 = PLANE('',#6452);
#6452 = AXIS2_PLACEMENT_3D('',#6453,#6454,#6455);
#6453 = CARTESIAN_POINT('',(185.608,-64.0595,1.51));
#6454 = DIRECTION('',(-1.,0.,0.));
#6455 = DIRECTION('',(0.,1.,0.));
#6456 = ADVANCED_FACE('',(#6457),#6482,.T.);
#6457 = FACE_BOUND('',#6458,.T.);
#6458 = EDGE_LOOP('',(#6459,#6460,#6468,#6476));
#6459 = ORIENTED_EDGE('',*,*,#6438,.T.);
#6460 = ORIENTED_EDGE('',*,*,#6461,.T.);
#6461 = EDGE_CURVE('',#6431,#6462,#6464,.T.);
#6462 = VERTEX_POINT('',#6463);
#6463 = CARTESIAN_POINT('',(187.208,-63.2095,1.55));
#6464 = LINE('',#6465,#6466);
#6465 = CARTESIAN_POINT('',(185.608,-63.2095,1.55));
#6466 = VECTOR('',#6467,1.);
#6467 = DIRECTION('',(1.,0.,0.));
#6468 = ORIENTED_EDGE('',*,*,#6469,.F.);
#6469 = EDGE_CURVE('',#6470,#6462,#6472,.T.);
#6470 = VERTEX_POINT('',#6471);
#6471 = CARTESIAN_POINT('',(187.208,-63.2095,1.51));
#6472 = LINE('',#6473,#6474);
#6473 = CARTESIAN_POINT('',(187.208,-63.2095,1.51));
#6474 = VECTOR('',#6475,1.);
#6475 = DIRECTION('',(0.,0.,1.));
#6476 = ORIENTED_EDGE('',*,*,#6477,.F.);
#6477 = EDGE_CURVE('',#6439,#6470,#6478,.T.);
#6478 = LINE('',#6479,#6480);
#6479 = CARTESIAN_POINT('',(185.608,-63.2095,1.51));
#6480 = VECTOR('',#6481,1.);
#6481 = DIRECTION('',(1.,0.,0.));
#6482 = PLANE('',#6483);
#6483 = AXIS2_PLACEMENT_3D('',#6484,#6485,#6486);
#6484 = CARTESIAN_POINT('',(185.608,-63.2095,1.51));
#6485 = DIRECTION('',(0.,1.,0.));
#6486 = DIRECTION('',(1.,0.,0.));
#6487 = ADVANCED_FACE('',(#6488),#6513,.T.);
#6488 = FACE_BOUND('',#6489,.T.);
#6489 = EDGE_LOOP('',(#6490,#6491,#6499,#6507));
#6490 = ORIENTED_EDGE('',*,*,#6469,.T.);
#6491 = ORIENTED_EDGE('',*,*,#6492,.T.);
#6492 = EDGE_CURVE('',#6462,#6493,#6495,.T.);
#6493 = VERTEX_POINT('',#6494);
#6494 = CARTESIAN_POINT('',(187.208,-64.0595,1.55));
#6495 = LINE('',#6496,#6497);
#6496 = CARTESIAN_POINT('',(187.208,-63.2095,1.55));
#6497 = VECTOR('',#6498,1.);
#6498 = DIRECTION('',(0.,-1.,0.));
#6499 = ORIENTED_EDGE('',*,*,#6500,.F.);
#6500 = EDGE_CURVE('',#6501,#6493,#6503,.T.);
#6501 = VERTEX_POINT('',#6502);
#6502 = CARTESIAN_POINT('',(187.208,-64.0595,1.51));
#6503 = LINE('',#6504,#6505);
#6504 = CARTESIAN_POINT('',(187.208,-64.0595,1.51));
#6505 = VECTOR('',#6506,1.);
#6506 = DIRECTION('',(0.,0.,1.));
#6507 = ORIENTED_EDGE('',*,*,#6508,.F.);
#6508 = EDGE_CURVE('',#6470,#6501,#6509,.T.);
#6509 = LINE('',#6510,#6511);
#6510 = CARTESIAN_POINT('',(187.208,-63.2095,1.51));
#6511 = VECTOR('',#6512,1.);
#6512 = DIRECTION('',(0.,-1.,0.));
#6513 = PLANE('',#6514);
#6514 = AXIS2_PLACEMENT_3D('',#6515,#6516,#6517);
#6515 = CARTESIAN_POINT('',(187.208,-63.2095,1.51));
#6516 = DIRECTION('',(1.,0.,-0.));
#6517 = DIRECTION('',(0.,-1.,0.));
#6518 = ADVANCED_FACE('',(#6519),#6535,.T.);
#6519 = FACE_BOUND('',#6520,.T.);
#6520 = EDGE_LOOP('',(#6521,#6522,#6528,#6529));
#6521 = ORIENTED_EDGE('',*,*,#6500,.T.);
#6522 = ORIENTED_EDGE('',*,*,#6523,.T.);
#6523 = EDGE_CURVE('',#6493,#6423,#6524,.T.);
#6524 = LINE('',#6525,#6526);
#6525 = CARTESIAN_POINT('',(187.208,-64.0595,1.55));
#6526 = VECTOR('',#6527,1.);
#6527 = DIRECTION('',(-1.,0.,0.));
#6528 = ORIENTED_EDGE('',*,*,#6420,.F.);
#6529 = ORIENTED_EDGE('',*,*,#6530,.F.);
#6530 = EDGE_CURVE('',#6501,#6421,#6531,.T.);
#6531 = LINE('',#6532,#6533);
#6532 = CARTESIAN_POINT('',(187.208,-64.0595,1.51));
#6533 = VECTOR('',#6534,1.);
#6534 = DIRECTION('',(-1.,0.,0.));
#6535 = PLANE('',#6536);
#6536 = AXIS2_PLACEMENT_3D('',#6537,#6538,#6539);
#6537 = CARTESIAN_POINT('',(187.208,-64.0595,1.51));
#6538 = DIRECTION('',(0.,-1.,0.));
#6539 = DIRECTION('',(-1.,0.,0.));
#6540 = ADVANCED_FACE('',(#6541),#6547,.F.);
#6541 = FACE_BOUND('',#6542,.T.);
#6542 = EDGE_LOOP('',(#6543,#6544,#6545,#6546));
#6543 = ORIENTED_EDGE('',*,*,#6446,.T.);
#6544 = ORIENTED_EDGE('',*,*,#6477,.T.);
#6545 = ORIENTED_EDGE('',*,*,#6508,.T.);
#6546 = ORIENTED_EDGE('',*,*,#6530,.T.);
#6547 = PLANE('',#6548);
#6548 = AXIS2_PLACEMENT_3D('',#6549,#6550,#6551);
#6549 = CARTESIAN_POINT('',(0.,0.,1.51));
#6550 = DIRECTION('',(0.,0.,1.));
#6551 = DIRECTION('',(1.,0.,-0.));
#6552 = ADVANCED_FACE('',(#6553),#6559,.T.);
#6553 = FACE_BOUND('',#6554,.F.);
#6554 = EDGE_LOOP('',(#6555,#6556,#6557,#6558));
#6555 = ORIENTED_EDGE('',*,*,#6430,.T.);
#6556 = ORIENTED_EDGE('',*,*,#6461,.T.);
#6557 = ORIENTED_EDGE('',*,*,#6492,.T.);
#6558 = ORIENTED_EDGE('',*,*,#6523,.T.);
#6559 = PLANE('',#6560);
#6560 = AXIS2_PLACEMENT_3D('',#6561,#6562,#6563);
#6561 = CARTESIAN_POINT('',(0.,0.,1.55));
#6562 = DIRECTION('',(0.,0.,1.));
#6563 = DIRECTION('',(1.,0.,-0.));
#6564 = MANIFOLD_SOLID_BREP('',#6565);
#6565 = CLOSED_SHELL('',(#6566,#6599,#6619,#6639));
#6566 = ADVANCED_FACE('',(#6567),#6594,.T.);
#6567 = FACE_BOUND('',#6568,.F.);
#6568 = EDGE_LOOP('',(#6569,#6579,#6586,#6587));
#6569 = ORIENTED_EDGE('',*,*,#6570,.T.);
#6570 = EDGE_CURVE('',#6571,#6573,#6575,.T.);
#6571 = VERTEX_POINT('',#6572);
#6572 = CARTESIAN_POINT('',(180.17,-80.1305,1.51));
#6573 = VERTEX_POINT('',#6574);
#6574 = CARTESIAN_POINT('',(180.17,-80.1305,1.55));
#6575 = LINE('',#6576,#6577);
#6576 = CARTESIAN_POINT('',(180.17,-80.1305,1.51));
#6577 = VECTOR('',#6578,1.);
#6578 = DIRECTION('',(0.,0.,1.));
#6579 = ORIENTED_EDGE('',*,*,#6580,.T.);
#6580 = EDGE_CURVE('',#6573,#6573,#6581,.T.);
#6581 = CIRCLE('',#6582,1.1);
#6582 = AXIS2_PLACEMENT_3D('',#6583,#6584,#6585);
#6583 = CARTESIAN_POINT('',(179.07,-80.1305,1.55));
#6584 = DIRECTION('',(0.,0.,1.));
#6585 = DIRECTION('',(1.,0.,-0.));
#6586 = ORIENTED_EDGE('',*,*,#6570,.F.);
#6587 = ORIENTED_EDGE('',*,*,#6588,.F.);
#6588 = EDGE_CURVE('',#6571,#6571,#6589,.T.);
#6589 = CIRCLE('',#6590,1.1);
#6590 = AXIS2_PLACEMENT_3D('',#6591,#6592,#6593);
#6591 = CARTESIAN_POINT('',(179.07,-80.1305,1.51));
#6592 = DIRECTION('',(0.,0.,1.));
#6593 = DIRECTION('',(1.,0.,-0.));
#6594 = CYLINDRICAL_SURFACE('',#6595,1.1);
#6595 = AXIS2_PLACEMENT_3D('',#6596,#6597,#6598);
#6596 = CARTESIAN_POINT('',(179.07,-80.1305,1.51));
#6597 = DIRECTION('',(-0.,-0.,-1.));
#6598 = DIRECTION('',(1.,0.,-0.));
#6599 = ADVANCED_FACE('',(#6600,#6603),#6614,.F.);
#6600 = FACE_BOUND('',#6601,.F.);
#6601 = EDGE_LOOP('',(#6602));
#6602 = ORIENTED_EDGE('',*,*,#6588,.T.);
#6603 = FACE_BOUND('',#6604,.F.);
#6604 = EDGE_LOOP('',(#6605));
#6605 = ORIENTED_EDGE('',*,*,#6606,.T.);
#6606 = EDGE_CURVE('',#6607,#6607,#6609,.T.);
#6607 = VERTEX_POINT('',#6608);
#6608 = CARTESIAN_POINT('',(179.07,-80.8555,1.51));
#6609 = CIRCLE('',#6610,0.725);
#6610 = AXIS2_PLACEMENT_3D('',#6611,#6612,#6613);
#6611 = CARTESIAN_POINT('',(179.07,-80.1305,1.51));
#6612 = DIRECTION('',(-0.,0.,-1.));
#6613 = DIRECTION('',(-0.,-1.,0.));
#6614 = PLANE('',#6615);
#6615 = AXIS2_PLACEMENT_3D('',#6616,#6617,#6618);
#6616 = CARTESIAN_POINT('',(0.,0.,1.51));
#6617 = DIRECTION('',(0.,0.,1.));
#6618 = DIRECTION('',(1.,0.,-0.));
#6619 = ADVANCED_FACE('',(#6620,#6623),#6634,.T.);
#6620 = FACE_BOUND('',#6621,.T.);
#6621 = EDGE_LOOP('',(#6622));
#6622 = ORIENTED_EDGE('',*,*,#6580,.T.);
#6623 = FACE_BOUND('',#6624,.T.);
#6624 = EDGE_LOOP('',(#6625));
#6625 = ORIENTED_EDGE('',*,*,#6626,.T.);
#6626 = EDGE_CURVE('',#6627,#6627,#6629,.T.);
#6627 = VERTEX_POINT('',#6628);
#6628 = CARTESIAN_POINT('',(179.07,-80.8555,1.55));
#6629 = CIRCLE('',#6630,0.725);
#6630 = AXIS2_PLACEMENT_3D('',#6631,#6632,#6633);
#6631 = CARTESIAN_POINT('',(179.07,-80.1305,1.55));
#6632 = DIRECTION('',(-0.,0.,-1.));
#6633 = DIRECTION('',(-0.,-1.,0.));
#6634 = PLANE('',#6635);
#6635 = AXIS2_PLACEMENT_3D('',#6636,#6637,#6638);
#6636 = CARTESIAN_POINT('',(0.,0.,1.55));
#6637 = DIRECTION('',(0.,0.,1.));
#6638 = DIRECTION('',(1.,0.,-0.));
#6639 = ADVANCED_FACE('',(#6640),#6651,.F.);
#6640 = FACE_BOUND('',#6641,.T.);
#6641 = EDGE_LOOP('',(#6642,#6643,#6649,#6650));
#6642 = ORIENTED_EDGE('',*,*,#6606,.T.);
#6643 = ORIENTED_EDGE('',*,*,#6644,.T.);
#6644 = EDGE_CURVE('',#6607,#6627,#6645,.T.);
#6645 = LINE('',#6646,#6647);
#6646 = CARTESIAN_POINT('',(179.07,-80.8555,-4.6E-02));
#6647 = VECTOR('',#6648,1.);
#6648 = DIRECTION('',(0.,0.,1.));
#6649 = ORIENTED_EDGE('',*,*,#6626,.F.);
#6650 = ORIENTED_EDGE('',*,*,#6644,.F.);
#6651 = CYLINDRICAL_SURFACE('',#6652,0.725);
#6652 = AXIS2_PLACEMENT_3D('',#6653,#6654,#6655);
#6653 = CARTESIAN_POINT('',(179.07,-80.1305,-4.6E-02));
#6654 = DIRECTION('',(-0.,-0.,-1.));
#6655 = DIRECTION('',(-0.,-1.,0.));
#6656 = MANIFOLD_SOLID_BREP('',#6657);
#6657 = CLOSED_SHELL('',(#6658,#6691,#6711,#6731));
#6658 = ADVANCED_FACE('',(#6659),#6686,.T.);
#6659 = FACE_BOUND('',#6660,.T.);
#6660 = EDGE_LOOP('',(#6661,#6671,#6678,#6679));
#6661 = ORIENTED_EDGE('',*,*,#6662,.T.);
#6662 = EDGE_CURVE('',#6663,#6665,#6667,.T.);
#6663 = VERTEX_POINT('',#6664);
#6664 = CARTESIAN_POINT('',(180.17,-80.1305,0.));
#6665 = VERTEX_POINT('',#6666);
#6666 = CARTESIAN_POINT('',(180.17,-80.1305,-4.E-02));
#6667 = LINE('',#6668,#6669);
#6668 = CARTESIAN_POINT('',(180.17,-80.1305,0.));
#6669 = VECTOR('',#6670,1.);
#6670 = DIRECTION('',(0.,0.,-1.));
#6671 = ORIENTED_EDGE('',*,*,#6672,.T.);
#6672 = EDGE_CURVE('',#6665,#6665,#6673,.T.);
#6673 = CIRCLE('',#6674,1.1);
#6674 = AXIS2_PLACEMENT_3D('',#6675,#6676,#6677);
#6675 = CARTESIAN_POINT('',(179.07,-80.1305,-4.E-02));
#6676 = DIRECTION('',(0.,0.,1.));
#6677 = DIRECTION('',(1.,0.,-0.));
#6678 = ORIENTED_EDGE('',*,*,#6662,.F.);
#6679 = ORIENTED_EDGE('',*,*,#6680,.F.);
#6680 = EDGE_CURVE('',#6663,#6663,#6681,.T.);
#6681 = CIRCLE('',#6682,1.1);
#6682 = AXIS2_PLACEMENT_3D('',#6683,#6684,#6685);
#6683 = CARTESIAN_POINT('',(179.07,-80.1305,0.));
#6684 = DIRECTION('',(0.,0.,1.));
#6685 = DIRECTION('',(1.,0.,-0.));
#6686 = CYLINDRICAL_SURFACE('',#6687,1.1);
#6687 = AXIS2_PLACEMENT_3D('',#6688,#6689,#6690);
#6688 = CARTESIAN_POINT('',(179.07,-80.1305,0.));
#6689 = DIRECTION('',(0.,0.,1.));
#6690 = DIRECTION('',(1.,0.,-0.));
#6691 = ADVANCED_FACE('',(#6692,#6695),#6706,.F.);
#6692 = FACE_BOUND('',#6693,.F.);
#6693 = EDGE_LOOP('',(#6694));
#6694 = ORIENTED_EDGE('',*,*,#6680,.F.);
#6695 = FACE_BOUND('',#6696,.F.);
#6696 = EDGE_LOOP('',(#6697));
#6697 = ORIENTED_EDGE('',*,*,#6698,.F.);
#6698 = EDGE_CURVE('',#6699,#6699,#6701,.T.);
#6699 = VERTEX_POINT('',#6700);
#6700 = CARTESIAN_POINT('',(179.07,-80.8555,0.));
#6701 = CIRCLE('',#6702,0.725);
#6702 = AXIS2_PLACEMENT_3D('',#6703,#6704,#6705);
#6703 = CARTESIAN_POINT('',(179.07,-80.1305,0.));
#6704 = DIRECTION('',(-0.,0.,-1.));
#6705 = DIRECTION('',(-0.,-1.,0.));
#6706 = PLANE('',#6707);
#6707 = AXIS2_PLACEMENT_3D('',#6708,#6709,#6710);
#6708 = CARTESIAN_POINT('',(0.,0.,0.));
#6709 = DIRECTION('',(-0.,-0.,-1.));
#6710 = DIRECTION('',(-1.,0.,0.));
#6711 = ADVANCED_FACE('',(#6712,#6715),#6726,.T.);
#6712 = FACE_BOUND('',#6713,.T.);
#6713 = EDGE_LOOP('',(#6714));
#6714 = ORIENTED_EDGE('',*,*,#6672,.F.);
#6715 = FACE_BOUND('',#6716,.T.);
#6716 = EDGE_LOOP('',(#6717));
#6717 = ORIENTED_EDGE('',*,*,#6718,.F.);
#6718 = EDGE_CURVE('',#6719,#6719,#6721,.T.);
#6719 = VERTEX_POINT('',#6720);
#6720 = CARTESIAN_POINT('',(179.07,-80.8555,-4.E-02));
#6721 = CIRCLE('',#6722,0.725);
#6722 = AXIS2_PLACEMENT_3D('',#6723,#6724,#6725);
#6723 = CARTESIAN_POINT('',(179.07,-80.1305,-4.E-02));
#6724 = DIRECTION('',(-0.,0.,-1.));
#6725 = DIRECTION('',(-0.,-1.,0.));
#6726 = PLANE('',#6727);
#6727 = AXIS2_PLACEMENT_3D('',#6728,#6729,#6730);
#6728 = CARTESIAN_POINT('',(0.,0.,-4.E-02));
#6729 = DIRECTION('',(-0.,-0.,-1.));
#6730 = DIRECTION('',(-1.,0.,0.));
#6731 = ADVANCED_FACE('',(#6732),#6743,.F.);
#6732 = FACE_BOUND('',#6733,.T.);
#6733 = EDGE_LOOP('',(#6734,#6735,#6741,#6742));
#6734 = ORIENTED_EDGE('',*,*,#6718,.T.);
#6735 = ORIENTED_EDGE('',*,*,#6736,.T.);
#6736 = EDGE_CURVE('',#6719,#6699,#6737,.T.);
#6737 = LINE('',#6738,#6739);
#6738 = CARTESIAN_POINT('',(179.07,-80.8555,-4.6E-02));
#6739 = VECTOR('',#6740,1.);
#6740 = DIRECTION('',(0.,0.,1.));
#6741 = ORIENTED_EDGE('',*,*,#6698,.F.);
#6742 = ORIENTED_EDGE('',*,*,#6736,.F.);
#6743 = CYLINDRICAL_SURFACE('',#6744,0.725);
#6744 = AXIS2_PLACEMENT_3D('',#6745,#6746,#6747);
#6745 = CARTESIAN_POINT('',(179.07,-80.1305,-4.6E-02));
#6746 = DIRECTION('',(-0.,-0.,-1.));
#6747 = DIRECTION('',(-0.,-1.,0.));
#6748 = MANIFOLD_SOLID_BREP('',#6749);
#6749 = CLOSED_SHELL('',(#6750,#6783,#6803,#6823));
#6750 = ADVANCED_FACE('',(#6751),#6778,.T.);
#6751 = FACE_BOUND('',#6752,.F.);
#6752 = EDGE_LOOP('',(#6753,#6763,#6770,#6771));
#6753 = ORIENTED_EDGE('',*,*,#6754,.T.);
#6754 = EDGE_CURVE('',#6755,#6757,#6759,.T.);
#6755 = VERTEX_POINT('',#6756);
#6756 = CARTESIAN_POINT('',(179.07,-80.8805,-4.E-02));
#6757 = VERTEX_POINT('',#6758);
#6758 = CARTESIAN_POINT('',(179.07,-80.8805,1.55));
#6759 = LINE('',#6760,#6761);
#6760 = CARTESIAN_POINT('',(179.07,-80.8805,-4.E-02));
#6761 = VECTOR('',#6762,1.);
#6762 = DIRECTION('',(0.,0.,1.));
#6763 = ORIENTED_EDGE('',*,*,#6764,.T.);
#6764 = EDGE_CURVE('',#6757,#6757,#6765,.T.);
#6765 = CIRCLE('',#6766,0.75);
#6766 = AXIS2_PLACEMENT_3D('',#6767,#6768,#6769);
#6767 = CARTESIAN_POINT('',(179.07,-80.1305,1.55));
#6768 = DIRECTION('',(0.,0.,1.));
#6769 = DIRECTION('',(-0.,-1.,0.));
#6770 = ORIENTED_EDGE('',*,*,#6754,.F.);
#6771 = ORIENTED_EDGE('',*,*,#6772,.F.);
#6772 = EDGE_CURVE('',#6755,#6755,#6773,.T.);
#6773 = CIRCLE('',#6774,0.75);
#6774 = AXIS2_PLACEMENT_3D('',#6775,#6776,#6777);
#6775 = CARTESIAN_POINT('',(179.07,-80.1305,-4.E-02));
#6776 = DIRECTION('',(0.,0.,1.));
#6777 = DIRECTION('',(-0.,-1.,0.));
#6778 = CYLINDRICAL_SURFACE('',#6779,0.75);
#6779 = AXIS2_PLACEMENT_3D('',#6780,#6781,#6782);
#6780 = CARTESIAN_POINT('',(179.07,-80.1305,-4.E-02));
#6781 = DIRECTION('',(-0.,-0.,-1.));
#6782 = DIRECTION('',(-0.,-1.,0.));
#6783 = ADVANCED_FACE('',(#6784,#6787),#6798,.F.);
#6784 = FACE_BOUND('',#6785,.F.);
#6785 = EDGE_LOOP('',(#6786));
#6786 = ORIENTED_EDGE('',*,*,#6772,.T.);
#6787 = FACE_BOUND('',#6788,.F.);
#6788 = EDGE_LOOP('',(#6789));
#6789 = ORIENTED_EDGE('',*,*,#6790,.T.);
#6790 = EDGE_CURVE('',#6791,#6791,#6793,.T.);
#6791 = VERTEX_POINT('',#6792);
#6792 = CARTESIAN_POINT('',(179.07,-80.8555,-4.E-02));
#6793 = CIRCLE('',#6794,0.725);
#6794 = AXIS2_PLACEMENT_3D('',#6795,#6796,#6797);
#6795 = CARTESIAN_POINT('',(179.07,-80.1305,-4.E-02));
#6796 = DIRECTION('',(-0.,0.,-1.));
#6797 = DIRECTION('',(-0.,-1.,0.));
#6798 = PLANE('',#6799);
#6799 = AXIS2_PLACEMENT_3D('',#6800,#6801,#6802);
#6800 = CARTESIAN_POINT('',(179.07,-80.8805,-4.E-02));
#6801 = DIRECTION('',(0.,0.,1.));
#6802 = DIRECTION('',(1.,0.,-0.));
#6803 = ADVANCED_FACE('',(#6804,#6807),#6818,.T.);
#6804 = FACE_BOUND('',#6805,.T.);
#6805 = EDGE_LOOP('',(#6806));
#6806 = ORIENTED_EDGE('',*,*,#6764,.T.);
#6807 = FACE_BOUND('',#6808,.T.);
#6808 = EDGE_LOOP('',(#6809));
#6809 = ORIENTED_EDGE('',*,*,#6810,.T.);
#6810 = EDGE_CURVE('',#6811,#6811,#6813,.T.);
#6811 = VERTEX_POINT('',#6812);
#6812 = CARTESIAN_POINT('',(179.07,-80.8555,1.55));
#6813 = CIRCLE('',#6814,0.725);
#6814 = AXIS2_PLACEMENT_3D('',#6815,#6816,#6817);
#6815 = CARTESIAN_POINT('',(179.07,-80.1305,1.55));
#6816 = DIRECTION('',(-0.,0.,-1.));
#6817 = DIRECTION('',(-0.,-1.,0.));
#6818 = PLANE('',#6819);
#6819 = AXIS2_PLACEMENT_3D('',#6820,#6821,#6822);
#6820 = CARTESIAN_POINT('',(179.07,-80.8805,1.55));
#6821 = DIRECTION('',(0.,0.,1.));
#6822 = DIRECTION('',(1.,0.,-0.));
#6823 = ADVANCED_FACE('',(#6824),#6835,.F.);
#6824 = FACE_BOUND('',#6825,.T.);
#6825 = EDGE_LOOP('',(#6826,#6827,#6833,#6834));
#6826 = ORIENTED_EDGE('',*,*,#6790,.T.);
#6827 = ORIENTED_EDGE('',*,*,#6828,.T.);
#6828 = EDGE_CURVE('',#6791,#6811,#6829,.T.);
#6829 = LINE('',#6830,#6831);
#6830 = CARTESIAN_POINT('',(179.07,-80.8555,-4.6E-02));
#6831 = VECTOR('',#6832,1.);
#6832 = DIRECTION('',(0.,0.,1.));
#6833 = ORIENTED_EDGE('',*,*,#6810,.F.);
#6834 = ORIENTED_EDGE('',*,*,#6828,.F.);
#6835 = CYLINDRICAL_SURFACE('',#6836,0.725);
#6836 = AXIS2_PLACEMENT_3D('',#6837,#6838,#6839);
#6837 = CARTESIAN_POINT('',(179.07,-80.1305,-4.6E-02));
#6838 = DIRECTION('',(-0.,-0.,-1.));
#6839 = DIRECTION('',(-0.,-1.,0.));
#6840 = MANIFOLD_SOLID_BREP('',#6841);
#6841 = CLOSED_SHELL('',(#6842,#6875,#6895,#6915));
#6842 = ADVANCED_FACE('',(#6843),#6870,.T.);
#6843 = FACE_BOUND('',#6844,.F.);
#6844 = EDGE_LOOP('',(#6845,#6855,#6862,#6863));
#6845 = ORIENTED_EDGE('',*,*,#6846,.T.);
#6846 = EDGE_CURVE('',#6847,#6849,#6851,.T.);
#6847 = VERTEX_POINT('',#6848);
#6848 = CARTESIAN_POINT('',(161.12,-60.9535,1.51));
#6849 = VERTEX_POINT('',#6850);
#6850 = CARTESIAN_POINT('',(161.12,-60.9535,1.55));
#6851 = LINE('',#6852,#6853);
#6852 = CARTESIAN_POINT('',(161.12,-60.9535,1.51));
#6853 = VECTOR('',#6854,1.);
#6854 = DIRECTION('',(0.,0.,1.));
#6855 = ORIENTED_EDGE('',*,*,#6856,.T.);
#6856 = EDGE_CURVE('',#6849,#6849,#6857,.T.);
#6857 = CIRCLE('',#6858,1.1);
#6858 = AXIS2_PLACEMENT_3D('',#6859,#6860,#6861);
#6859 = CARTESIAN_POINT('',(160.02,-60.9535,1.55));
#6860 = DIRECTION('',(0.,0.,1.));
#6861 = DIRECTION('',(1.,0.,-0.));
#6862 = ORIENTED_EDGE('',*,*,#6846,.F.);
#6863 = ORIENTED_EDGE('',*,*,#6864,.F.);
#6864 = EDGE_CURVE('',#6847,#6847,#6865,.T.);
#6865 = CIRCLE('',#6866,1.1);
#6866 = AXIS2_PLACEMENT_3D('',#6867,#6868,#6869);
#6867 = CARTESIAN_POINT('',(160.02,-60.9535,1.51));
#6868 = DIRECTION('',(0.,0.,1.));
#6869 = DIRECTION('',(1.,0.,-0.));
#6870 = CYLINDRICAL_SURFACE('',#6871,1.1);
#6871 = AXIS2_PLACEMENT_3D('',#6872,#6873,#6874);
#6872 = CARTESIAN_POINT('',(160.02,-60.9535,1.51));
#6873 = DIRECTION('',(-0.,-0.,-1.));
#6874 = DIRECTION('',(1.,0.,-0.));
#6875 = ADVANCED_FACE('',(#6876,#6879),#6890,.F.);
#6876 = FACE_BOUND('',#6877,.F.);
#6877 = EDGE_LOOP('',(#6878));
#6878 = ORIENTED_EDGE('',*,*,#6864,.T.);
#6879 = FACE_BOUND('',#6880,.F.);
#6880 = EDGE_LOOP('',(#6881));
#6881 = ORIENTED_EDGE('',*,*,#6882,.T.);
#6882 = EDGE_CURVE('',#6883,#6883,#6885,.T.);
#6883 = VERTEX_POINT('',#6884);
#6884 = CARTESIAN_POINT('',(160.02,-61.6785,1.51));
#6885 = CIRCLE('',#6886,0.725);
#6886 = AXIS2_PLACEMENT_3D('',#6887,#6888,#6889);
#6887 = CARTESIAN_POINT('',(160.02,-60.9535,1.51));
#6888 = DIRECTION('',(-0.,0.,-1.));
#6889 = DIRECTION('',(3.920235783504E-14,-1.,-0.));
#6890 = PLANE('',#6891);
#6891 = AXIS2_PLACEMENT_3D('',#6892,#6893,#6894);
#6892 = CARTESIAN_POINT('',(0.,0.,1.51));
#6893 = DIRECTION('',(0.,0.,1.));
#6894 = DIRECTION('',(1.,0.,-0.));
#6895 = ADVANCED_FACE('',(#6896,#6899),#6910,.T.);
#6896 = FACE_BOUND('',#6897,.T.);
#6897 = EDGE_LOOP('',(#6898));
#6898 = ORIENTED_EDGE('',*,*,#6856,.T.);
#6899 = FACE_BOUND('',#6900,.T.);
#6900 = EDGE_LOOP('',(#6901));
#6901 = ORIENTED_EDGE('',*,*,#6902,.T.);
#6902 = EDGE_CURVE('',#6903,#6903,#6905,.T.);
#6903 = VERTEX_POINT('',#6904);
#6904 = CARTESIAN_POINT('',(160.02,-61.6785,1.55));
#6905 = CIRCLE('',#6906,0.725);
#6906 = AXIS2_PLACEMENT_3D('',#6907,#6908,#6909);
#6907 = CARTESIAN_POINT('',(160.02,-60.9535,1.55));
#6908 = DIRECTION('',(-0.,0.,-1.));
#6909 = DIRECTION('',(3.920235783504E-14,-1.,-0.));
#6910 = PLANE('',#6911);
#6911 = AXIS2_PLACEMENT_3D('',#6912,#6913,#6914);
#6912 = CARTESIAN_POINT('',(0.,0.,1.55));
#6913 = DIRECTION('',(0.,0.,1.));
#6914 = DIRECTION('',(1.,0.,-0.));
#6915 = ADVANCED_FACE('',(#6916),#6927,.F.);
#6916 = FACE_BOUND('',#6917,.T.);
#6917 = EDGE_LOOP('',(#6918,#6919,#6925,#6926));
#6918 = ORIENTED_EDGE('',*,*,#6882,.T.);
#6919 = ORIENTED_EDGE('',*,*,#6920,.T.);
#6920 = EDGE_CURVE('',#6883,#6903,#6921,.T.);
#6921 = LINE('',#6922,#6923);
#6922 = CARTESIAN_POINT('',(160.02,-61.6785,-4.6E-02));
#6923 = VECTOR('',#6924,1.);
#6924 = DIRECTION('',(0.,0.,1.));
#6925 = ORIENTED_EDGE('',*,*,#6902,.F.);
#6926 = ORIENTED_EDGE('',*,*,#6920,.F.);
#6927 = CYLINDRICAL_SURFACE('',#6928,0.725);
#6928 = AXIS2_PLACEMENT_3D('',#6929,#6930,#6931);
#6929 = CARTESIAN_POINT('',(160.02,-60.9535,-4.6E-02));
#6930 = DIRECTION('',(-0.,0.,-1.));
#6931 = DIRECTION('',(3.920235783504E-14,-1.,-0.));
#6932 = MANIFOLD_SOLID_BREP('',#6933);
#6933 = CLOSED_SHELL('',(#6934,#6967,#6987,#7007));
#6934 = ADVANCED_FACE('',(#6935),#6962,.T.);
#6935 = FACE_BOUND('',#6936,.T.);
#6936 = EDGE_LOOP('',(#6937,#6947,#6954,#6955));
#6937 = ORIENTED_EDGE('',*,*,#6938,.T.);
#6938 = EDGE_CURVE('',#6939,#6941,#6943,.T.);
#6939 = VERTEX_POINT('',#6940);
#6940 = CARTESIAN_POINT('',(161.12,-60.9535,0.));
#6941 = VERTEX_POINT('',#6942);
#6942 = CARTESIAN_POINT('',(161.12,-60.9535,-4.E-02));
#6943 = LINE('',#6944,#6945);
#6944 = CARTESIAN_POINT('',(161.12,-60.9535,0.));
#6945 = VECTOR('',#6946,1.);
#6946 = DIRECTION('',(0.,0.,-1.));
#6947 = ORIENTED_EDGE('',*,*,#6948,.T.);
#6948 = EDGE_CURVE('',#6941,#6941,#6949,.T.);
#6949 = CIRCLE('',#6950,1.1);
#6950 = AXIS2_PLACEMENT_3D('',#6951,#6952,#6953);
#6951 = CARTESIAN_POINT('',(160.02,-60.9535,-4.E-02));
#6952 = DIRECTION('',(0.,0.,1.));
#6953 = DIRECTION('',(1.,0.,-0.));
#6954 = ORIENTED_EDGE('',*,*,#6938,.F.);
#6955 = ORIENTED_EDGE('',*,*,#6956,.F.);
#6956 = EDGE_CURVE('',#6939,#6939,#6957,.T.);
#6957 = CIRCLE('',#6958,1.1);
#6958 = AXIS2_PLACEMENT_3D('',#6959,#6960,#6961);
#6959 = CARTESIAN_POINT('',(160.02,-60.9535,0.));
#6960 = DIRECTION('',(0.,0.,1.));
#6961 = DIRECTION('',(1.,0.,-0.));
#6962 = CYLINDRICAL_SURFACE('',#6963,1.1);
#6963 = AXIS2_PLACEMENT_3D('',#6964,#6965,#6966);
#6964 = CARTESIAN_POINT('',(160.02,-60.9535,0.));
#6965 = DIRECTION('',(0.,0.,1.));
#6966 = DIRECTION('',(1.,0.,-0.));
#6967 = ADVANCED_FACE('',(#6968,#6971),#6982,.F.);
#6968 = FACE_BOUND('',#6969,.F.);
#6969 = EDGE_LOOP('',(#6970));
#6970 = ORIENTED_EDGE('',*,*,#6956,.F.);
#6971 = FACE_BOUND('',#6972,.F.);
#6972 = EDGE_LOOP('',(#6973));
#6973 = ORIENTED_EDGE('',*,*,#6974,.F.);
#6974 = EDGE_CURVE('',#6975,#6975,#6977,.T.);
#6975 = VERTEX_POINT('',#6976);
#6976 = CARTESIAN_POINT('',(160.02,-61.6785,0.));
#6977 = CIRCLE('',#6978,0.725);
#6978 = AXIS2_PLACEMENT_3D('',#6979,#6980,#6981);
#6979 = CARTESIAN_POINT('',(160.02,-60.9535,0.));
#6980 = DIRECTION('',(-0.,0.,-1.));
#6981 = DIRECTION('',(3.920235783504E-14,-1.,-0.));
#6982 = PLANE('',#6983);
#6983 = AXIS2_PLACEMENT_3D('',#6984,#6985,#6986);
#6984 = CARTESIAN_POINT('',(0.,0.,0.));
#6985 = DIRECTION('',(-0.,-0.,-1.));
#6986 = DIRECTION('',(-1.,0.,0.));
#6987 = ADVANCED_FACE('',(#6988,#6991),#7002,.T.);
#6988 = FACE_BOUND('',#6989,.T.);
#6989 = EDGE_LOOP('',(#6990));
#6990 = ORIENTED_EDGE('',*,*,#6948,.F.);
#6991 = FACE_BOUND('',#6992,.T.);
#6992 = EDGE_LOOP('',(#6993));
#6993 = ORIENTED_EDGE('',*,*,#6994,.F.);
#6994 = EDGE_CURVE('',#6995,#6995,#6997,.T.);
#6995 = VERTEX_POINT('',#6996);
#6996 = CARTESIAN_POINT('',(160.02,-61.6785,-4.E-02));
#6997 = CIRCLE('',#6998,0.725);
#6998 = AXIS2_PLACEMENT_3D('',#6999,#7000,#7001);
#6999 = CARTESIAN_POINT('',(160.02,-60.9535,-4.E-02));
#7000 = DIRECTION('',(-0.,0.,-1.));
#7001 = DIRECTION('',(3.920235783504E-14,-1.,-0.));
#7002 = PLANE('',#7003);
#7003 = AXIS2_PLACEMENT_3D('',#7004,#7005,#7006);
#7004 = CARTESIAN_POINT('',(0.,0.,-4.E-02));
#7005 = DIRECTION('',(-0.,-0.,-1.));
#7006 = DIRECTION('',(-1.,0.,0.));
#7007 = ADVANCED_FACE('',(#7008),#7019,.F.);
#7008 = FACE_BOUND('',#7009,.T.);
#7009 = EDGE_LOOP('',(#7010,#7011,#7017,#7018));
#7010 = ORIENTED_EDGE('',*,*,#6994,.T.);
#7011 = ORIENTED_EDGE('',*,*,#7012,.T.);
#7012 = EDGE_CURVE('',#6995,#6975,#7013,.T.);
#7013 = LINE('',#7014,#7015);
#7014 = CARTESIAN_POINT('',(160.02,-61.6785,-4.6E-02));
#7015 = VECTOR('',#7016,1.);
#7016 = DIRECTION('',(0.,0.,1.));
#7017 = ORIENTED_EDGE('',*,*,#6974,.F.);
#7018 = ORIENTED_EDGE('',*,*,#7012,.F.);
#7019 = CYLINDRICAL_SURFACE('',#7020,0.725);
#7020 = AXIS2_PLACEMENT_3D('',#7021,#7022,#7023);
#7021 = CARTESIAN_POINT('',(160.02,-60.9535,-4.6E-02));
#7022 = DIRECTION('',(-0.,0.,-1.));
#7023 = DIRECTION('',(3.920235783504E-14,-1.,-0.));
#7024 = MANIFOLD_SOLID_BREP('',#7025);
#7025 = CLOSED_SHELL('',(#7026,#7059,#7079,#7099));
#7026 = ADVANCED_FACE('',(#7027),#7054,.T.);
#7027 = FACE_BOUND('',#7028,.F.);
#7028 = EDGE_LOOP('',(#7029,#7039,#7046,#7047));
#7029 = ORIENTED_EDGE('',*,*,#7030,.T.);
#7030 = EDGE_CURVE('',#7031,#7033,#7035,.T.);
#7031 = VERTEX_POINT('',#7032);
#7032 = CARTESIAN_POINT('',(160.02,-61.7035,-4.E-02));
#7033 = VERTEX_POINT('',#7034);
#7034 = CARTESIAN_POINT('',(160.02,-61.7035,1.55));
#7035 = LINE('',#7036,#7037);
#7036 = CARTESIAN_POINT('',(160.02,-61.7035,-4.E-02));
#7037 = VECTOR('',#7038,1.);
#7038 = DIRECTION('',(0.,0.,1.));
#7039 = ORIENTED_EDGE('',*,*,#7040,.T.);
#7040 = EDGE_CURVE('',#7033,#7033,#7041,.T.);
#7041 = CIRCLE('',#7042,0.75);
#7042 = AXIS2_PLACEMENT_3D('',#7043,#7044,#7045);
#7043 = CARTESIAN_POINT('',(160.02,-60.9535,1.55));
#7044 = DIRECTION('',(0.,0.,1.));
#7045 = DIRECTION('',(-0.,-1.,0.));
#7046 = ORIENTED_EDGE('',*,*,#7030,.F.);
#7047 = ORIENTED_EDGE('',*,*,#7048,.F.);
#7048 = EDGE_CURVE('',#7031,#7031,#7049,.T.);
#7049 = CIRCLE('',#7050,0.75);
#7050 = AXIS2_PLACEMENT_3D('',#7051,#7052,#7053);
#7051 = CARTESIAN_POINT('',(160.02,-60.9535,-4.E-02));
#7052 = DIRECTION('',(0.,0.,1.));
#7053 = DIRECTION('',(-0.,-1.,0.));
#7054 = CYLINDRICAL_SURFACE('',#7055,0.75);
#7055 = AXIS2_PLACEMENT_3D('',#7056,#7057,#7058);
#7056 = CARTESIAN_POINT('',(160.02,-60.9535,-4.E-02));
#7057 = DIRECTION('',(-0.,-0.,-1.));
#7058 = DIRECTION('',(-0.,-1.,0.));
#7059 = ADVANCED_FACE('',(#7060,#7063),#7074,.F.);
#7060 = FACE_BOUND('',#7061,.F.);
#7061 = EDGE_LOOP('',(#7062));
#7062 = ORIENTED_EDGE('',*,*,#7048,.T.);
#7063 = FACE_BOUND('',#7064,.F.);
#7064 = EDGE_LOOP('',(#7065));
#7065 = ORIENTED_EDGE('',*,*,#7066,.T.);
#7066 = EDGE_CURVE('',#7067,#7067,#7069,.T.);
#7067 = VERTEX_POINT('',#7068);
#7068 = CARTESIAN_POINT('',(160.02,-61.6785,-4.E-02));
#7069 = CIRCLE('',#7070,0.725);
#7070 = AXIS2_PLACEMENT_3D('',#7071,#7072,#7073);
#7071 = CARTESIAN_POINT('',(160.02,-60.9535,-4.E-02));
#7072 = DIRECTION('',(-0.,0.,-1.));
#7073 = DIRECTION('',(3.920235783504E-14,-1.,-0.));
#7074 = PLANE('',#7075);
#7075 = AXIS2_PLACEMENT_3D('',#7076,#7077,#7078);
#7076 = CARTESIAN_POINT('',(160.02,-61.7035,-4.E-02));
#7077 = DIRECTION('',(0.,0.,1.));
#7078 = DIRECTION('',(1.,0.,-0.));
#7079 = ADVANCED_FACE('',(#7080,#7083),#7094,.T.);
#7080 = FACE_BOUND('',#7081,.T.);
#7081 = EDGE_LOOP('',(#7082));
#7082 = ORIENTED_EDGE('',*,*,#7040,.T.);
#7083 = FACE_BOUND('',#7084,.T.);
#7084 = EDGE_LOOP('',(#7085));
#7085 = ORIENTED_EDGE('',*,*,#7086,.T.);
#7086 = EDGE_CURVE('',#7087,#7087,#7089,.T.);
#7087 = VERTEX_POINT('',#7088);
#7088 = CARTESIAN_POINT('',(160.02,-61.6785,1.55));
#7089 = CIRCLE('',#7090,0.725);
#7090 = AXIS2_PLACEMENT_3D('',#7091,#7092,#7093);
#7091 = CARTESIAN_POINT('',(160.02,-60.9535,1.55));
#7092 = DIRECTION('',(-0.,0.,-1.));
#7093 = DIRECTION('',(3.920235783504E-14,-1.,-0.));
#7094 = PLANE('',#7095);
#7095 = AXIS2_PLACEMENT_3D('',#7096,#7097,#7098);
#7096 = CARTESIAN_POINT('',(160.02,-61.7035,1.55));
#7097 = DIRECTION('',(0.,0.,1.));
#7098 = DIRECTION('',(1.,0.,-0.));
#7099 = ADVANCED_FACE('',(#7100),#7111,.F.);
#7100 = FACE_BOUND('',#7101,.T.);
#7101 = EDGE_LOOP('',(#7102,#7103,#7109,#7110));
#7102 = ORIENTED_EDGE('',*,*,#7066,.T.);
#7103 = ORIENTED_EDGE('',*,*,#7104,.T.);
#7104 = EDGE_CURVE('',#7067,#7087,#7105,.T.);
#7105 = LINE('',#7106,#7107);
#7106 = CARTESIAN_POINT('',(160.02,-61.6785,-4.6E-02));
#7107 = VECTOR('',#7108,1.);
#7108 = DIRECTION('',(0.,0.,1.));
#7109 = ORIENTED_EDGE('',*,*,#7086,.F.);
#7110 = ORIENTED_EDGE('',*,*,#7104,.F.);
#7111 = CYLINDRICAL_SURFACE('',#7112,0.725);
#7112 = AXIS2_PLACEMENT_3D('',#7113,#7114,#7115);
#7113 = CARTESIAN_POINT('',(160.02,-60.9535,-4.6E-02));
#7114 = DIRECTION('',(-0.,0.,-1.));
#7115 = DIRECTION('',(3.920235783504E-14,-1.,-0.));
#7116 = MANIFOLD_SOLID_BREP('',#7117);
#7117 = CLOSED_SHELL('',(#7118,#7151,#7171,#7191));
#7118 = ADVANCED_FACE('',(#7119),#7146,.T.);
#7119 = FACE_BOUND('',#7120,.F.);
#7120 = EDGE_LOOP('',(#7121,#7131,#7138,#7139));
#7121 = ORIENTED_EDGE('',*,*,#7122,.T.);
#7122 = EDGE_CURVE('',#7123,#7125,#7127,.T.);
#7123 = VERTEX_POINT('',#7124);
#7124 = CARTESIAN_POINT('',(141.825,-80.145,1.51));
#7125 = VERTEX_POINT('',#7126);
#7126 = CARTESIAN_POINT('',(141.825,-80.145,1.55));
#7127 = LINE('',#7128,#7129);
#7128 = CARTESIAN_POINT('',(141.825,-80.145,1.51));
#7129 = VECTOR('',#7130,1.);
#7130 = DIRECTION('',(0.,0.,1.));
#7131 = ORIENTED_EDGE('',*,*,#7132,.T.);
#7132 = EDGE_CURVE('',#7125,#7125,#7133,.T.);
#7133 = CIRCLE('',#7134,1.1);
#7134 = AXIS2_PLACEMENT_3D('',#7135,#7136,#7137);
#7135 = CARTESIAN_POINT('',(140.725,-80.145,1.55));
#7136 = DIRECTION('',(0.,0.,1.));
#7137 = DIRECTION('',(1.,0.,-0.));
#7138 = ORIENTED_EDGE('',*,*,#7122,.F.);
#7139 = ORIENTED_EDGE('',*,*,#7140,.F.);
#7140 = EDGE_CURVE('',#7123,#7123,#7141,.T.);
#7141 = CIRCLE('',#7142,1.1);
#7142 = AXIS2_PLACEMENT_3D('',#7143,#7144,#7145);
#7143 = CARTESIAN_POINT('',(140.725,-80.145,1.51));
#7144 = DIRECTION('',(0.,0.,1.));
#7145 = DIRECTION('',(1.,0.,-0.));
#7146 = CYLINDRICAL_SURFACE('',#7147,1.1);
#7147 = AXIS2_PLACEMENT_3D('',#7148,#7149,#7150);
#7148 = CARTESIAN_POINT('',(140.725,-80.145,1.51));
#7149 = DIRECTION('',(-0.,-0.,-1.));
#7150 = DIRECTION('',(1.,0.,-0.));
#7151 = ADVANCED_FACE('',(#7152,#7155),#7166,.F.);
#7152 = FACE_BOUND('',#7153,.F.);
#7153 = EDGE_LOOP('',(#7154));
#7154 = ORIENTED_EDGE('',*,*,#7140,.T.);
#7155 = FACE_BOUND('',#7156,.F.);
#7156 = EDGE_LOOP('',(#7157));
#7157 = ORIENTED_EDGE('',*,*,#7158,.T.);
#7158 = EDGE_CURVE('',#7159,#7159,#7161,.T.);
#7159 = VERTEX_POINT('',#7160);
#7160 = CARTESIAN_POINT('',(140.725,-80.87,1.51));
#7161 = CIRCLE('',#7162,0.725);
#7162 = AXIS2_PLACEMENT_3D('',#7163,#7164,#7165);
#7163 = CARTESIAN_POINT('',(140.725,-80.145,1.51));
#7164 = DIRECTION('',(-0.,0.,-1.));
#7165 = DIRECTION('',(-0.,-1.,0.));
#7166 = PLANE('',#7167);
#7167 = AXIS2_PLACEMENT_3D('',#7168,#7169,#7170);
#7168 = CARTESIAN_POINT('',(0.,0.,1.51));
#7169 = DIRECTION('',(0.,0.,1.));
#7170 = DIRECTION('',(1.,0.,-0.));
#7171 = ADVANCED_FACE('',(#7172,#7175),#7186,.T.);
#7172 = FACE_BOUND('',#7173,.T.);
#7173 = EDGE_LOOP('',(#7174));
#7174 = ORIENTED_EDGE('',*,*,#7132,.T.);
#7175 = FACE_BOUND('',#7176,.T.);
#7176 = EDGE_LOOP('',(#7177));
#7177 = ORIENTED_EDGE('',*,*,#7178,.T.);
#7178 = EDGE_CURVE('',#7179,#7179,#7181,.T.);
#7179 = VERTEX_POINT('',#7180);
#7180 = CARTESIAN_POINT('',(140.725,-80.87,1.55));
#7181 = CIRCLE('',#7182,0.725);
#7182 = AXIS2_PLACEMENT_3D('',#7183,#7184,#7185);
#7183 = CARTESIAN_POINT('',(140.725,-80.145,1.55));
#7184 = DIRECTION('',(-0.,0.,-1.));
#7185 = DIRECTION('',(-0.,-1.,0.));
#7186 = PLANE('',#7187);
#7187 = AXIS2_PLACEMENT_3D('',#7188,#7189,#7190);
#7188 = CARTESIAN_POINT('',(0.,0.,1.55));
#7189 = DIRECTION('',(0.,0.,1.));
#7190 = DIRECTION('',(1.,0.,-0.));
#7191 = ADVANCED_FACE('',(#7192),#7203,.F.);
#7192 = FACE_BOUND('',#7193,.T.);
#7193 = EDGE_LOOP('',(#7194,#7195,#7201,#7202));
#7194 = ORIENTED_EDGE('',*,*,#7158,.T.);
#7195 = ORIENTED_EDGE('',*,*,#7196,.T.);
#7196 = EDGE_CURVE('',#7159,#7179,#7197,.T.);
#7197 = LINE('',#7198,#7199);
#7198 = CARTESIAN_POINT('',(140.725,-80.87,-4.6E-02));
#7199 = VECTOR('',#7200,1.);
#7200 = DIRECTION('',(0.,0.,1.));
#7201 = ORIENTED_EDGE('',*,*,#7178,.F.);
#7202 = ORIENTED_EDGE('',*,*,#7196,.F.);
#7203 = CYLINDRICAL_SURFACE('',#7204,0.725);
#7204 = AXIS2_PLACEMENT_3D('',#7205,#7206,#7207);
#7205 = CARTESIAN_POINT('',(140.725,-80.145,-4.6E-02));
#7206 = DIRECTION('',(-0.,-0.,-1.));
#7207 = DIRECTION('',(-0.,-1.,0.));
#7208 = MANIFOLD_SOLID_BREP('',#7209);
#7209 = CLOSED_SHELL('',(#7210,#7243,#7263,#7283));
#7210 = ADVANCED_FACE('',(#7211),#7238,.T.);
#7211 = FACE_BOUND('',#7212,.T.);
#7212 = EDGE_LOOP('',(#7213,#7223,#7230,#7231));
#7213 = ORIENTED_EDGE('',*,*,#7214,.T.);
#7214 = EDGE_CURVE('',#7215,#7217,#7219,.T.);
#7215 = VERTEX_POINT('',#7216);
#7216 = CARTESIAN_POINT('',(141.825,-80.145,0.));
#7217 = VERTEX_POINT('',#7218);
#7218 = CARTESIAN_POINT('',(141.825,-80.145,-4.E-02));
#7219 = LINE('',#7220,#7221);
#7220 = CARTESIAN_POINT('',(141.825,-80.145,0.));
#7221 = VECTOR('',#7222,1.);
#7222 = DIRECTION('',(0.,0.,-1.));
#7223 = ORIENTED_EDGE('',*,*,#7224,.T.);
#7224 = EDGE_CURVE('',#7217,#7217,#7225,.T.);
#7225 = CIRCLE('',#7226,1.1);
#7226 = AXIS2_PLACEMENT_3D('',#7227,#7228,#7229);
#7227 = CARTESIAN_POINT('',(140.725,-80.145,-4.E-02));
#7228 = DIRECTION('',(0.,0.,1.));
#7229 = DIRECTION('',(1.,0.,-0.));
#7230 = ORIENTED_EDGE('',*,*,#7214,.F.);
#7231 = ORIENTED_EDGE('',*,*,#7232,.F.);
#7232 = EDGE_CURVE('',#7215,#7215,#7233,.T.);
#7233 = CIRCLE('',#7234,1.1);
#7234 = AXIS2_PLACEMENT_3D('',#7235,#7236,#7237);
#7235 = CARTESIAN_POINT('',(140.725,-80.145,0.));
#7236 = DIRECTION('',(0.,0.,1.));
#7237 = DIRECTION('',(1.,0.,-0.));
#7238 = CYLINDRICAL_SURFACE('',#7239,1.1);
#7239 = AXIS2_PLACEMENT_3D('',#7240,#7241,#7242);
#7240 = CARTESIAN_POINT('',(140.725,-80.145,0.));
#7241 = DIRECTION('',(0.,0.,1.));
#7242 = DIRECTION('',(1.,0.,-0.));
#7243 = ADVANCED_FACE('',(#7244,#7247),#7258,.F.);
#7244 = FACE_BOUND('',#7245,.F.);
#7245 = EDGE_LOOP('',(#7246));
#7246 = ORIENTED_EDGE('',*,*,#7232,.F.);
#7247 = FACE_BOUND('',#7248,.F.);
#7248 = EDGE_LOOP('',(#7249));
#7249 = ORIENTED_EDGE('',*,*,#7250,.F.);
#7250 = EDGE_CURVE('',#7251,#7251,#7253,.T.);
#7251 = VERTEX_POINT('',#7252);
#7252 = CARTESIAN_POINT('',(140.725,-80.87,0.));
#7253 = CIRCLE('',#7254,0.725);
#7254 = AXIS2_PLACEMENT_3D('',#7255,#7256,#7257);
#7255 = CARTESIAN_POINT('',(140.725,-80.145,0.));
#7256 = DIRECTION('',(-0.,0.,-1.));
#7257 = DIRECTION('',(-0.,-1.,0.));
#7258 = PLANE('',#7259);
#7259 = AXIS2_PLACEMENT_3D('',#7260,#7261,#7262);
#7260 = CARTESIAN_POINT('',(0.,0.,0.));
#7261 = DIRECTION('',(-0.,-0.,-1.));
#7262 = DIRECTION('',(-1.,0.,0.));
#7263 = ADVANCED_FACE('',(#7264,#7267),#7278,.T.);
#7264 = FACE_BOUND('',#7265,.T.);
#7265 = EDGE_LOOP('',(#7266));
#7266 = ORIENTED_EDGE('',*,*,#7224,.F.);
#7267 = FACE_BOUND('',#7268,.T.);
#7268 = EDGE_LOOP('',(#7269));
#7269 = ORIENTED_EDGE('',*,*,#7270,.F.);
#7270 = EDGE_CURVE('',#7271,#7271,#7273,.T.);
#7271 = VERTEX_POINT('',#7272);
#7272 = CARTESIAN_POINT('',(140.725,-80.87,-4.E-02));
#7273 = CIRCLE('',#7274,0.725);
#7274 = AXIS2_PLACEMENT_3D('',#7275,#7276,#7277);
#7275 = CARTESIAN_POINT('',(140.725,-80.145,-4.E-02));
#7276 = DIRECTION('',(-0.,0.,-1.));
#7277 = DIRECTION('',(-0.,-1.,0.));
#7278 = PLANE('',#7279);
#7279 = AXIS2_PLACEMENT_3D('',#7280,#7281,#7282);
#7280 = CARTESIAN_POINT('',(0.,0.,-4.E-02));
#7281 = DIRECTION('',(-0.,-0.,-1.));
#7282 = DIRECTION('',(-1.,0.,0.));
#7283 = ADVANCED_FACE('',(#7284),#7295,.F.);
#7284 = FACE_BOUND('',#7285,.T.);
#7285 = EDGE_LOOP('',(#7286,#7287,#7293,#7294));
#7286 = ORIENTED_EDGE('',*,*,#7270,.T.);
#7287 = ORIENTED_EDGE('',*,*,#7288,.T.);
#7288 = EDGE_CURVE('',#7271,#7251,#7289,.T.);
#7289 = LINE('',#7290,#7291);
#7290 = CARTESIAN_POINT('',(140.725,-80.87,-4.6E-02));
#7291 = VECTOR('',#7292,1.);
#7292 = DIRECTION('',(0.,0.,1.));
#7293 = ORIENTED_EDGE('',*,*,#7250,.F.);
#7294 = ORIENTED_EDGE('',*,*,#7288,.F.);
#7295 = CYLINDRICAL_SURFACE('',#7296,0.725);
#7296 = AXIS2_PLACEMENT_3D('',#7297,#7298,#7299);
#7297 = CARTESIAN_POINT('',(140.725,-80.145,-4.6E-02));
#7298 = DIRECTION('',(-0.,-0.,-1.));
#7299 = DIRECTION('',(-0.,-1.,0.));
#7300 = MANIFOLD_SOLID_BREP('',#7301);
#7301 = CLOSED_SHELL('',(#7302,#7335,#7355,#7375));
#7302 = ADVANCED_FACE('',(#7303),#7330,.T.);
#7303 = FACE_BOUND('',#7304,.F.);
#7304 = EDGE_LOOP('',(#7305,#7315,#7322,#7323));
#7305 = ORIENTED_EDGE('',*,*,#7306,.T.);
#7306 = EDGE_CURVE('',#7307,#7309,#7311,.T.);
#7307 = VERTEX_POINT('',#7308);
#7308 = CARTESIAN_POINT('',(140.725,-80.895,-4.E-02));
#7309 = VERTEX_POINT('',#7310);
#7310 = CARTESIAN_POINT('',(140.725,-80.895,1.55));
#7311 = LINE('',#7312,#7313);
#7312 = CARTESIAN_POINT('',(140.725,-80.895,-4.E-02));
#7313 = VECTOR('',#7314,1.);
#7314 = DIRECTION('',(0.,0.,1.));
#7315 = ORIENTED_EDGE('',*,*,#7316,.T.);
#7316 = EDGE_CURVE('',#7309,#7309,#7317,.T.);
#7317 = CIRCLE('',#7318,0.75);
#7318 = AXIS2_PLACEMENT_3D('',#7319,#7320,#7321);
#7319 = CARTESIAN_POINT('',(140.725,-80.145,1.55));
#7320 = DIRECTION('',(0.,0.,1.));
#7321 = DIRECTION('',(-0.,-1.,0.));
#7322 = ORIENTED_EDGE('',*,*,#7306,.F.);
#7323 = ORIENTED_EDGE('',*,*,#7324,.F.);
#7324 = EDGE_CURVE('',#7307,#7307,#7325,.T.);
#7325 = CIRCLE('',#7326,0.75);
#7326 = AXIS2_PLACEMENT_3D('',#7327,#7328,#7329);
#7327 = CARTESIAN_POINT('',(140.725,-80.145,-4.E-02));
#7328 = DIRECTION('',(0.,0.,1.));
#7329 = DIRECTION('',(-0.,-1.,0.));
#7330 = CYLINDRICAL_SURFACE('',#7331,0.75);
#7331 = AXIS2_PLACEMENT_3D('',#7332,#7333,#7334);
#7332 = CARTESIAN_POINT('',(140.725,-80.145,-4.E-02));
#7333 = DIRECTION('',(-0.,-0.,-1.));
#7334 = DIRECTION('',(-0.,-1.,0.));
#7335 = ADVANCED_FACE('',(#7336,#7339),#7350,.F.);
#7336 = FACE_BOUND('',#7337,.F.);
#7337 = EDGE_LOOP('',(#7338));
#7338 = ORIENTED_EDGE('',*,*,#7324,.T.);
#7339 = FACE_BOUND('',#7340,.F.);
#7340 = EDGE_LOOP('',(#7341));
#7341 = ORIENTED_EDGE('',*,*,#7342,.T.);
#7342 = EDGE_CURVE('',#7343,#7343,#7345,.T.);
#7343 = VERTEX_POINT('',#7344);
#7344 = CARTESIAN_POINT('',(140.725,-80.87,-4.E-02));
#7345 = CIRCLE('',#7346,0.725);
#7346 = AXIS2_PLACEMENT_3D('',#7347,#7348,#7349);
#7347 = CARTESIAN_POINT('',(140.725,-80.145,-4.E-02));
#7348 = DIRECTION('',(-0.,0.,-1.));
#7349 = DIRECTION('',(-0.,-1.,0.));
#7350 = PLANE('',#7351);
#7351 = AXIS2_PLACEMENT_3D('',#7352,#7353,#7354);
#7352 = CARTESIAN_POINT('',(140.725,-80.895,-4.E-02));
#7353 = DIRECTION('',(0.,0.,1.));
#7354 = DIRECTION('',(1.,0.,-0.));
#7355 = ADVANCED_FACE('',(#7356,#7359),#7370,.T.);
#7356 = FACE_BOUND('',#7357,.T.);
#7357 = EDGE_LOOP('',(#7358));
#7358 = ORIENTED_EDGE('',*,*,#7316,.T.);
#7359 = FACE_BOUND('',#7360,.T.);
#7360 = EDGE_LOOP('',(#7361));
#7361 = ORIENTED_EDGE('',*,*,#7362,.T.);
#7362 = EDGE_CURVE('',#7363,#7363,#7365,.T.);
#7363 = VERTEX_POINT('',#7364);
#7364 = CARTESIAN_POINT('',(140.725,-80.87,1.55));
#7365 = CIRCLE('',#7366,0.725);
#7366 = AXIS2_PLACEMENT_3D('',#7367,#7368,#7369);
#7367 = CARTESIAN_POINT('',(140.725,-80.145,1.55));
#7368 = DIRECTION('',(-0.,0.,-1.));
#7369 = DIRECTION('',(-0.,-1.,0.));
#7370 = PLANE('',#7371);
#7371 = AXIS2_PLACEMENT_3D('',#7372,#7373,#7374);
#7372 = CARTESIAN_POINT('',(140.725,-80.895,1.55));
#7373 = DIRECTION('',(0.,0.,1.));
#7374 = DIRECTION('',(1.,0.,-0.));
#7375 = ADVANCED_FACE('',(#7376),#7387,.F.);
#7376 = FACE_BOUND('',#7377,.T.);
#7377 = EDGE_LOOP('',(#7378,#7379,#7385,#7386));
#7378 = ORIENTED_EDGE('',*,*,#7342,.T.);
#7379 = ORIENTED_EDGE('',*,*,#7380,.T.);
#7380 = EDGE_CURVE('',#7343,#7363,#7381,.T.);
#7381 = LINE('',#7382,#7383);
#7382 = CARTESIAN_POINT('',(140.725,-80.87,-4.6E-02));
#7383 = VECTOR('',#7384,1.);
#7384 = DIRECTION('',(0.,0.,1.));
#7385 = ORIENTED_EDGE('',*,*,#7362,.F.);
#7386 = ORIENTED_EDGE('',*,*,#7380,.F.);
#7387 = CYLINDRICAL_SURFACE('',#7388,0.725);
#7388 = AXIS2_PLACEMENT_3D('',#7389,#7390,#7391);
#7389 = CARTESIAN_POINT('',(140.725,-80.145,-4.6E-02));
#7390 = DIRECTION('',(-0.,-0.,-1.));
#7391 = DIRECTION('',(-0.,-1.,0.));
#7392 = MANIFOLD_SOLID_BREP('',#7393);
#7393 = CLOSED_SHELL('',(#7394,#7427,#7447,#7467));
#7394 = ADVANCED_FACE('',(#7395),#7422,.T.);
#7395 = FACE_BOUND('',#7396,.F.);
#7396 = EDGE_LOOP('',(#7397,#7407,#7414,#7415));
#7397 = ORIENTED_EDGE('',*,*,#7398,.T.);
#7398 = EDGE_CURVE('',#7399,#7401,#7403,.T.);
#7399 = VERTEX_POINT('',#7400);
#7400 = CARTESIAN_POINT('',(161.015,-80.1475,1.51));
#7401 = VERTEX_POINT('',#7402);
#7402 = CARTESIAN_POINT('',(161.015,-80.1475,1.55));
#7403 = LINE('',#7404,#7405);
#7404 = CARTESIAN_POINT('',(161.015,-80.1475,1.51));
#7405 = VECTOR('',#7406,1.);
#7406 = DIRECTION('',(0.,0.,1.));
#7407 = ORIENTED_EDGE('',*,*,#7408,.T.);
#7408 = EDGE_CURVE('',#7401,#7401,#7409,.T.);
#7409 = CIRCLE('',#7410,1.1);
#7410 = AXIS2_PLACEMENT_3D('',#7411,#7412,#7413);
#7411 = CARTESIAN_POINT('',(159.915,-80.1475,1.55));
#7412 = DIRECTION('',(0.,0.,1.));
#7413 = DIRECTION('',(1.,0.,-0.));
#7414 = ORIENTED_EDGE('',*,*,#7398,.F.);
#7415 = ORIENTED_EDGE('',*,*,#7416,.F.);
#7416 = EDGE_CURVE('',#7399,#7399,#7417,.T.);
#7417 = CIRCLE('',#7418,1.1);
#7418 = AXIS2_PLACEMENT_3D('',#7419,#7420,#7421);
#7419 = CARTESIAN_POINT('',(159.915,-80.1475,1.51));
#7420 = DIRECTION('',(0.,0.,1.));
#7421 = DIRECTION('',(1.,0.,-0.));
#7422 = CYLINDRICAL_SURFACE('',#7423,1.1);
#7423 = AXIS2_PLACEMENT_3D('',#7424,#7425,#7426);
#7424 = CARTESIAN_POINT('',(159.915,-80.1475,1.51));
#7425 = DIRECTION('',(-0.,-0.,-1.));
#7426 = DIRECTION('',(1.,0.,-0.));
#7427 = ADVANCED_FACE('',(#7428,#7431),#7442,.F.);
#7428 = FACE_BOUND('',#7429,.F.);
#7429 = EDGE_LOOP('',(#7430));
#7430 = ORIENTED_EDGE('',*,*,#7416,.T.);
#7431 = FACE_BOUND('',#7432,.F.);
#7432 = EDGE_LOOP('',(#7433));
#7433 = ORIENTED_EDGE('',*,*,#7434,.T.);
#7434 = EDGE_CURVE('',#7435,#7435,#7437,.T.);
#7435 = VERTEX_POINT('',#7436);
#7436 = CARTESIAN_POINT('',(159.915,-80.8725,1.51));
#7437 = CIRCLE('',#7438,0.725);
#7438 = AXIS2_PLACEMENT_3D('',#7439,#7440,#7441);
#7439 = CARTESIAN_POINT('',(159.915,-80.1475,1.51));
#7440 = DIRECTION('',(-0.,0.,-1.));
#7441 = DIRECTION('',(-0.,-1.,0.));
#7442 = PLANE('',#7443);
#7443 = AXIS2_PLACEMENT_3D('',#7444,#7445,#7446);
#7444 = CARTESIAN_POINT('',(0.,0.,1.51));
#7445 = DIRECTION('',(0.,0.,1.));
#7446 = DIRECTION('',(1.,0.,-0.));
#7447 = ADVANCED_FACE('',(#7448,#7451),#7462,.T.);
#7448 = FACE_BOUND('',#7449,.T.);
#7449 = EDGE_LOOP('',(#7450));
#7450 = ORIENTED_EDGE('',*,*,#7408,.T.);
#7451 = FACE_BOUND('',#7452,.T.);
#7452 = EDGE_LOOP('',(#7453));
#7453 = ORIENTED_EDGE('',*,*,#7454,.T.);
#7454 = EDGE_CURVE('',#7455,#7455,#7457,.T.);
#7455 = VERTEX_POINT('',#7456);
#7456 = CARTESIAN_POINT('',(159.915,-80.8725,1.55));
#7457 = CIRCLE('',#7458,0.725);
#7458 = AXIS2_PLACEMENT_3D('',#7459,#7460,#7461);
#7459 = CARTESIAN_POINT('',(159.915,-80.1475,1.55));
#7460 = DIRECTION('',(-0.,0.,-1.));
#7461 = DIRECTION('',(-0.,-1.,0.));
#7462 = PLANE('',#7463);
#7463 = AXIS2_PLACEMENT_3D('',#7464,#7465,#7466);
#7464 = CARTESIAN_POINT('',(0.,0.,1.55));
#7465 = DIRECTION('',(0.,0.,1.));
#7466 = DIRECTION('',(1.,0.,-0.));
#7467 = ADVANCED_FACE('',(#7468),#7479,.F.);
#7468 = FACE_BOUND('',#7469,.T.);
#7469 = EDGE_LOOP('',(#7470,#7471,#7477,#7478));
#7470 = ORIENTED_EDGE('',*,*,#7434,.T.);
#7471 = ORIENTED_EDGE('',*,*,#7472,.T.);
#7472 = EDGE_CURVE('',#7435,#7455,#7473,.T.);
#7473 = LINE('',#7474,#7475);
#7474 = CARTESIAN_POINT('',(159.915,-80.8725,-4.6E-02));
#7475 = VECTOR('',#7476,1.);
#7476 = DIRECTION('',(0.,0.,1.));
#7477 = ORIENTED_EDGE('',*,*,#7454,.F.);
#7478 = ORIENTED_EDGE('',*,*,#7472,.F.);
#7479 = CYLINDRICAL_SURFACE('',#7480,0.725);
#7480 = AXIS2_PLACEMENT_3D('',#7481,#7482,#7483);
#7481 = CARTESIAN_POINT('',(159.915,-80.1475,-4.6E-02));
#7482 = DIRECTION('',(-0.,-0.,-1.));
#7483 = DIRECTION('',(-0.,-1.,0.));
#7484 = MANIFOLD_SOLID_BREP('',#7485);
#7485 = CLOSED_SHELL('',(#7486,#7519,#7539,#7559));
#7486 = ADVANCED_FACE('',(#7487),#7514,.T.);
#7487 = FACE_BOUND('',#7488,.T.);
#7488 = EDGE_LOOP('',(#7489,#7499,#7506,#7507));
#7489 = ORIENTED_EDGE('',*,*,#7490,.T.);
#7490 = EDGE_CURVE('',#7491,#7493,#7495,.T.);
#7491 = VERTEX_POINT('',#7492);
#7492 = CARTESIAN_POINT('',(161.015,-80.1475,0.));
#7493 = VERTEX_POINT('',#7494);
#7494 = CARTESIAN_POINT('',(161.015,-80.1475,-4.E-02));
#7495 = LINE('',#7496,#7497);
#7496 = CARTESIAN_POINT('',(161.015,-80.1475,0.));
#7497 = VECTOR('',#7498,1.);
#7498 = DIRECTION('',(0.,0.,-1.));
#7499 = ORIENTED_EDGE('',*,*,#7500,.T.);
#7500 = EDGE_CURVE('',#7493,#7493,#7501,.T.);
#7501 = CIRCLE('',#7502,1.1);
#7502 = AXIS2_PLACEMENT_3D('',#7503,#7504,#7505);
#7503 = CARTESIAN_POINT('',(159.915,-80.1475,-4.E-02));
#7504 = DIRECTION('',(0.,0.,1.));
#7505 = DIRECTION('',(1.,0.,-0.));
#7506 = ORIENTED_EDGE('',*,*,#7490,.F.);
#7507 = ORIENTED_EDGE('',*,*,#7508,.F.);
#7508 = EDGE_CURVE('',#7491,#7491,#7509,.T.);
#7509 = CIRCLE('',#7510,1.1);
#7510 = AXIS2_PLACEMENT_3D('',#7511,#7512,#7513);
#7511 = CARTESIAN_POINT('',(159.915,-80.1475,0.));
#7512 = DIRECTION('',(0.,0.,1.));
#7513 = DIRECTION('',(1.,0.,-0.));
#7514 = CYLINDRICAL_SURFACE('',#7515,1.1);
#7515 = AXIS2_PLACEMENT_3D('',#7516,#7517,#7518);
#7516 = CARTESIAN_POINT('',(159.915,-80.1475,0.));
#7517 = DIRECTION('',(0.,0.,1.));
#7518 = DIRECTION('',(1.,0.,-0.));
#7519 = ADVANCED_FACE('',(#7520,#7523),#7534,.F.);
#7520 = FACE_BOUND('',#7521,.F.);
#7521 = EDGE_LOOP('',(#7522));
#7522 = ORIENTED_EDGE('',*,*,#7508,.F.);
#7523 = FACE_BOUND('',#7524,.F.);
#7524 = EDGE_LOOP('',(#7525));
#7525 = ORIENTED_EDGE('',*,*,#7526,.F.);
#7526 = EDGE_CURVE('',#7527,#7527,#7529,.T.);
#7527 = VERTEX_POINT('',#7528);
#7528 = CARTESIAN_POINT('',(159.915,-80.8725,0.));
#7529 = CIRCLE('',#7530,0.725);
#7530 = AXIS2_PLACEMENT_3D('',#7531,#7532,#7533);
#7531 = CARTESIAN_POINT('',(159.915,-80.1475,0.));
#7532 = DIRECTION('',(-0.,0.,-1.));
#7533 = DIRECTION('',(-0.,-1.,0.));
#7534 = PLANE('',#7535);
#7535 = AXIS2_PLACEMENT_3D('',#7536,#7537,#7538);
#7536 = CARTESIAN_POINT('',(0.,0.,0.));
#7537 = DIRECTION('',(-0.,-0.,-1.));
#7538 = DIRECTION('',(-1.,0.,0.));
#7539 = ADVANCED_FACE('',(#7540,#7543),#7554,.T.);
#7540 = FACE_BOUND('',#7541,.T.);
#7541 = EDGE_LOOP('',(#7542));
#7542 = ORIENTED_EDGE('',*,*,#7500,.F.);
#7543 = FACE_BOUND('',#7544,.T.);
#7544 = EDGE_LOOP('',(#7545));
#7545 = ORIENTED_EDGE('',*,*,#7546,.F.);
#7546 = EDGE_CURVE('',#7547,#7547,#7549,.T.);
#7547 = VERTEX_POINT('',#7548);
#7548 = CARTESIAN_POINT('',(159.915,-80.8725,-4.E-02));
#7549 = CIRCLE('',#7550,0.725);
#7550 = AXIS2_PLACEMENT_3D('',#7551,#7552,#7553);
#7551 = CARTESIAN_POINT('',(159.915,-80.1475,-4.E-02));
#7552 = DIRECTION('',(-0.,0.,-1.));
#7553 = DIRECTION('',(-0.,-1.,0.));
#7554 = PLANE('',#7555);
#7555 = AXIS2_PLACEMENT_3D('',#7556,#7557,#7558);
#7556 = CARTESIAN_POINT('',(0.,0.,-4.E-02));
#7557 = DIRECTION('',(-0.,-0.,-1.));
#7558 = DIRECTION('',(-1.,0.,0.));
#7559 = ADVANCED_FACE('',(#7560),#7571,.F.);
#7560 = FACE_BOUND('',#7561,.T.);
#7561 = EDGE_LOOP('',(#7562,#7563,#7569,#7570));
#7562 = ORIENTED_EDGE('',*,*,#7546,.T.);
#7563 = ORIENTED_EDGE('',*,*,#7564,.T.);
#7564 = EDGE_CURVE('',#7547,#7527,#7565,.T.);
#7565 = LINE('',#7566,#7567);
#7566 = CARTESIAN_POINT('',(159.915,-80.8725,-4.6E-02));
#7567 = VECTOR('',#7568,1.);
#7568 = DIRECTION('',(0.,0.,1.));
#7569 = ORIENTED_EDGE('',*,*,#7526,.F.);
#7570 = ORIENTED_EDGE('',*,*,#7564,.F.);
#7571 = CYLINDRICAL_SURFACE('',#7572,0.725);
#7572 = AXIS2_PLACEMENT_3D('',#7573,#7574,#7575);
#7573 = CARTESIAN_POINT('',(159.915,-80.1475,-4.6E-02));
#7574 = DIRECTION('',(-0.,-0.,-1.));
#7575 = DIRECTION('',(-0.,-1.,0.));
#7576 = MANIFOLD_SOLID_BREP('',#7577);
#7577 = CLOSED_SHELL('',(#7578,#7611,#7631,#7651));
#7578 = ADVANCED_FACE('',(#7579),#7606,.T.);
#7579 = FACE_BOUND('',#7580,.F.);
#7580 = EDGE_LOOP('',(#7581,#7591,#7598,#7599));
#7581 = ORIENTED_EDGE('',*,*,#7582,.T.);
#7582 = EDGE_CURVE('',#7583,#7585,#7587,.T.);
#7583 = VERTEX_POINT('',#7584);
#7584 = CARTESIAN_POINT('',(159.915,-80.8975,-4.E-02));
#7585 = VERTEX_POINT('',#7586);
#7586 = CARTESIAN_POINT('',(159.915,-80.8975,1.55));
#7587 = LINE('',#7588,#7589);
#7588 = CARTESIAN_POINT('',(159.915,-80.8975,-4.E-02));
#7589 = VECTOR('',#7590,1.);
#7590 = DIRECTION('',(0.,0.,1.));
#7591 = ORIENTED_EDGE('',*,*,#7592,.T.);
#7592 = EDGE_CURVE('',#7585,#7585,#7593,.T.);
#7593 = CIRCLE('',#7594,0.75);
#7594 = AXIS2_PLACEMENT_3D('',#7595,#7596,#7597);
#7595 = CARTESIAN_POINT('',(159.915,-80.1475,1.55));
#7596 = DIRECTION('',(0.,0.,1.));
#7597 = DIRECTION('',(-0.,-1.,0.));
#7598 = ORIENTED_EDGE('',*,*,#7582,.F.);
#7599 = ORIENTED_EDGE('',*,*,#7600,.F.);
#7600 = EDGE_CURVE('',#7583,#7583,#7601,.T.);
#7601 = CIRCLE('',#7602,0.75);
#7602 = AXIS2_PLACEMENT_3D('',#7603,#7604,#7605);
#7603 = CARTESIAN_POINT('',(159.915,-80.1475,-4.E-02));
#7604 = DIRECTION('',(0.,0.,1.));
#7605 = DIRECTION('',(-0.,-1.,0.));
#7606 = CYLINDRICAL_SURFACE('',#7607,0.75);
#7607 = AXIS2_PLACEMENT_3D('',#7608,#7609,#7610);
#7608 = CARTESIAN_POINT('',(159.915,-80.1475,-4.E-02));
#7609 = DIRECTION('',(-0.,-0.,-1.));
#7610 = DIRECTION('',(-0.,-1.,0.));
#7611 = ADVANCED_FACE('',(#7612,#7615),#7626,.F.);
#7612 = FACE_BOUND('',#7613,.F.);
#7613 = EDGE_LOOP('',(#7614));
#7614 = ORIENTED_EDGE('',*,*,#7600,.T.);
#7615 = FACE_BOUND('',#7616,.F.);
#7616 = EDGE_LOOP('',(#7617));
#7617 = ORIENTED_EDGE('',*,*,#7618,.T.);
#7618 = EDGE_CURVE('',#7619,#7619,#7621,.T.);
#7619 = VERTEX_POINT('',#7620);
#7620 = CARTESIAN_POINT('',(159.915,-80.8725,-4.E-02));
#7621 = CIRCLE('',#7622,0.725);
#7622 = AXIS2_PLACEMENT_3D('',#7623,#7624,#7625);
#7623 = CARTESIAN_POINT('',(159.915,-80.1475,-4.E-02));
#7624 = DIRECTION('',(-0.,0.,-1.));
#7625 = DIRECTION('',(-0.,-1.,0.));
#7626 = PLANE('',#7627);
#7627 = AXIS2_PLACEMENT_3D('',#7628,#7629,#7630);
#7628 = CARTESIAN_POINT('',(159.915,-80.8975,-4.E-02));
#7629 = DIRECTION('',(0.,0.,1.));
#7630 = DIRECTION('',(1.,0.,-0.));
#7631 = ADVANCED_FACE('',(#7632,#7635),#7646,.T.);
#7632 = FACE_BOUND('',#7633,.T.);
#7633 = EDGE_LOOP('',(#7634));
#7634 = ORIENTED_EDGE('',*,*,#7592,.T.);
#7635 = FACE_BOUND('',#7636,.T.);
#7636 = EDGE_LOOP('',(#7637));
#7637 = ORIENTED_EDGE('',*,*,#7638,.T.);
#7638 = EDGE_CURVE('',#7639,#7639,#7641,.T.);
#7639 = VERTEX_POINT('',#7640);
#7640 = CARTESIAN_POINT('',(159.915,-80.8725,1.55));
#7641 = CIRCLE('',#7642,0.725);
#7642 = AXIS2_PLACEMENT_3D('',#7643,#7644,#7645);
#7643 = CARTESIAN_POINT('',(159.915,-80.1475,1.55));
#7644 = DIRECTION('',(-0.,0.,-1.));
#7645 = DIRECTION('',(-0.,-1.,0.));
#7646 = PLANE('',#7647);
#7647 = AXIS2_PLACEMENT_3D('',#7648,#7649,#7650);
#7648 = CARTESIAN_POINT('',(159.915,-80.8975,1.55));
#7649 = DIRECTION('',(0.,0.,1.));
#7650 = DIRECTION('',(1.,0.,-0.));
#7651 = ADVANCED_FACE('',(#7652),#7663,.F.);
#7652 = FACE_BOUND('',#7653,.T.);
#7653 = EDGE_LOOP('',(#7654,#7655,#7661,#7662));
#7654 = ORIENTED_EDGE('',*,*,#7618,.T.);
#7655 = ORIENTED_EDGE('',*,*,#7656,.T.);
#7656 = EDGE_CURVE('',#7619,#7639,#7657,.T.);
#7657 = LINE('',#7658,#7659);
#7658 = CARTESIAN_POINT('',(159.915,-80.8725,-4.6E-02));
#7659 = VECTOR('',#7660,1.);
#7660 = DIRECTION('',(0.,0.,1.));
#7661 = ORIENTED_EDGE('',*,*,#7638,.F.);
#7662 = ORIENTED_EDGE('',*,*,#7656,.F.);
#7663 = CYLINDRICAL_SURFACE('',#7664,0.725);
#7664 = AXIS2_PLACEMENT_3D('',#7665,#7666,#7667);
#7665 = CARTESIAN_POINT('',(159.915,-80.1475,-4.6E-02));
#7666 = DIRECTION('',(-0.,-0.,-1.));
#7667 = DIRECTION('',(-0.,-1.,0.));
#7668 = MANIFOLD_SOLID_BREP('',#7669);
#7669 = CLOSED_SHELL('',(#7670,#7710,#7741,#7772,#7794,#7806));
#7670 = ADVANCED_FACE('',(#7671),#7705,.T.);
#7671 = FACE_BOUND('',#7672,.T.);
#7672 = EDGE_LOOP('',(#7673,#7683,#7691,#7699));
#7673 = ORIENTED_EDGE('',*,*,#7674,.T.);
#7674 = EDGE_CURVE('',#7675,#7677,#7679,.T.);
#7675 = VERTEX_POINT('',#7676);
#7676 = CARTESIAN_POINT('',(143.599,-66.0775,1.51));
#7677 = VERTEX_POINT('',#7678);
#7678 = CARTESIAN_POINT('',(143.599,-66.0775,1.55));
#7679 = LINE('',#7680,#7681);
#7680 = CARTESIAN_POINT('',(143.599,-66.0775,1.51));
#7681 = VECTOR('',#7682,1.);
#7682 = DIRECTION('',(0.,0.,1.));
#7683 = ORIENTED_EDGE('',*,*,#7684,.T.);
#7684 = EDGE_CURVE('',#7677,#7685,#7687,.T.);
#7685 = VERTEX_POINT('',#7686);
#7686 = CARTESIAN_POINT('',(143.599,-65.2275,1.55));
#7687 = LINE('',#7688,#7689);
#7688 = CARTESIAN_POINT('',(143.599,-66.0775,1.55));
#7689 = VECTOR('',#7690,1.);
#7690 = DIRECTION('',(0.,1.,0.));
#7691 = ORIENTED_EDGE('',*,*,#7692,.F.);
#7692 = EDGE_CURVE('',#7693,#7685,#7695,.T.);
#7693 = VERTEX_POINT('',#7694);
#7694 = CARTESIAN_POINT('',(143.599,-65.2275,1.51));
#7695 = LINE('',#7696,#7697);
#7696 = CARTESIAN_POINT('',(143.599,-65.2275,1.51));
#7697 = VECTOR('',#7698,1.);
#7698 = DIRECTION('',(0.,0.,1.));
#7699 = ORIENTED_EDGE('',*,*,#7700,.F.);
#7700 = EDGE_CURVE('',#7675,#7693,#7701,.T.);
#7701 = LINE('',#7702,#7703);
#7702 = CARTESIAN_POINT('',(143.599,-66.0775,1.51));
#7703 = VECTOR('',#7704,1.);
#7704 = DIRECTION('',(0.,1.,0.));
#7705 = PLANE('',#7706);
#7706 = AXIS2_PLACEMENT_3D('',#7707,#7708,#7709);
#7707 = CARTESIAN_POINT('',(143.599,-66.0775,1.51));
#7708 = DIRECTION('',(-1.,0.,0.));
#7709 = DIRECTION('',(0.,1.,0.));
#7710 = ADVANCED_FACE('',(#7711),#7736,.T.);
#7711 = FACE_BOUND('',#7712,.T.);
#7712 = EDGE_LOOP('',(#7713,#7714,#7722,#7730));
#7713 = ORIENTED_EDGE('',*,*,#7692,.T.);
#7714 = ORIENTED_EDGE('',*,*,#7715,.T.);
#7715 = EDGE_CURVE('',#7685,#7716,#7718,.T.);
#7716 = VERTEX_POINT('',#7717);
#7717 = CARTESIAN_POINT('',(145.199,-65.2275,1.55));
#7718 = LINE('',#7719,#7720);
#7719 = CARTESIAN_POINT('',(143.599,-65.2275,1.55));
#7720 = VECTOR('',#7721,1.);
#7721 = DIRECTION('',(1.,0.,0.));
#7722 = ORIENTED_EDGE('',*,*,#7723,.F.);
#7723 = EDGE_CURVE('',#7724,#7716,#7726,.T.);
#7724 = VERTEX_POINT('',#7725);
#7725 = CARTESIAN_POINT('',(145.199,-65.2275,1.51));
#7726 = LINE('',#7727,#7728);
#7727 = CARTESIAN_POINT('',(145.199,-65.2275,1.51));
#7728 = VECTOR('',#7729,1.);
#7729 = DIRECTION('',(0.,0.,1.));
#7730 = ORIENTED_EDGE('',*,*,#7731,.F.);
#7731 = EDGE_CURVE('',#7693,#7724,#7732,.T.);
#7732 = LINE('',#7733,#7734);
#7733 = CARTESIAN_POINT('',(143.599,-65.2275,1.51));
#7734 = VECTOR('',#7735,1.);
#7735 = DIRECTION('',(1.,0.,0.));
#7736 = PLANE('',#7737);
#7737 = AXIS2_PLACEMENT_3D('',#7738,#7739,#7740);
#7738 = CARTESIAN_POINT('',(143.599,-65.2275,1.51));
#7739 = DIRECTION('',(0.,1.,0.));
#7740 = DIRECTION('',(1.,0.,0.));
#7741 = ADVANCED_FACE('',(#7742),#7767,.T.);
#7742 = FACE_BOUND('',#7743,.T.);
#7743 = EDGE_LOOP('',(#7744,#7745,#7753,#7761));
#7744 = ORIENTED_EDGE('',*,*,#7723,.T.);
#7745 = ORIENTED_EDGE('',*,*,#7746,.T.);
#7746 = EDGE_CURVE('',#7716,#7747,#7749,.T.);
#7747 = VERTEX_POINT('',#7748);
#7748 = CARTESIAN_POINT('',(145.199,-66.0775,1.55));
#7749 = LINE('',#7750,#7751);
#7750 = CARTESIAN_POINT('',(145.199,-65.2275,1.55));
#7751 = VECTOR('',#7752,1.);
#7752 = DIRECTION('',(0.,-1.,0.));
#7753 = ORIENTED_EDGE('',*,*,#7754,.F.);
#7754 = EDGE_CURVE('',#7755,#7747,#7757,.T.);
#7755 = VERTEX_POINT('',#7756);
#7756 = CARTESIAN_POINT('',(145.199,-66.0775,1.51));
#7757 = LINE('',#7758,#7759);
#7758 = CARTESIAN_POINT('',(145.199,-66.0775,1.51));
#7759 = VECTOR('',#7760,1.);
#7760 = DIRECTION('',(0.,0.,1.));
#7761 = ORIENTED_EDGE('',*,*,#7762,.F.);
#7762 = EDGE_CURVE('',#7724,#7755,#7763,.T.);
#7763 = LINE('',#7764,#7765);
#7764 = CARTESIAN_POINT('',(145.199,-65.2275,1.51));
#7765 = VECTOR('',#7766,1.);
#7766 = DIRECTION('',(0.,-1.,0.));
#7767 = PLANE('',#7768);
#7768 = AXIS2_PLACEMENT_3D('',#7769,#7770,#7771);
#7769 = CARTESIAN_POINT('',(145.199,-65.2275,1.51));
#7770 = DIRECTION('',(1.,0.,-0.));
#7771 = DIRECTION('',(0.,-1.,0.));
#7772 = ADVANCED_FACE('',(#7773),#7789,.T.);
#7773 = FACE_BOUND('',#7774,.T.);
#7774 = EDGE_LOOP('',(#7775,#7776,#7782,#7783));
#7775 = ORIENTED_EDGE('',*,*,#7754,.T.);
#7776 = ORIENTED_EDGE('',*,*,#7777,.T.);
#7777 = EDGE_CURVE('',#7747,#7677,#7778,.T.);
#7778 = LINE('',#7779,#7780);
#7779 = CARTESIAN_POINT('',(145.199,-66.0775,1.55));
#7780 = VECTOR('',#7781,1.);
#7781 = DIRECTION('',(-1.,0.,0.));
#7782 = ORIENTED_EDGE('',*,*,#7674,.F.);
#7783 = ORIENTED_EDGE('',*,*,#7784,.F.);
#7784 = EDGE_CURVE('',#7755,#7675,#7785,.T.);
#7785 = LINE('',#7786,#7787);
#7786 = CARTESIAN_POINT('',(145.199,-66.0775,1.51));
#7787 = VECTOR('',#7788,1.);
#7788 = DIRECTION('',(-1.,0.,0.));
#7789 = PLANE('',#7790);
#7790 = AXIS2_PLACEMENT_3D('',#7791,#7792,#7793);
#7791 = CARTESIAN_POINT('',(145.199,-66.0775,1.51));
#7792 = DIRECTION('',(0.,-1.,0.));
#7793 = DIRECTION('',(-1.,0.,0.));
#7794 = ADVANCED_FACE('',(#7795),#7801,.F.);
#7795 = FACE_BOUND('',#7796,.T.);
#7796 = EDGE_LOOP('',(#7797,#7798,#7799,#7800));
#7797 = ORIENTED_EDGE('',*,*,#7700,.T.);
#7798 = ORIENTED_EDGE('',*,*,#7731,.T.);
#7799 = ORIENTED_EDGE('',*,*,#7762,.T.);
#7800 = ORIENTED_EDGE('',*,*,#7784,.T.);
#7801 = PLANE('',#7802);
#7802 = AXIS2_PLACEMENT_3D('',#7803,#7804,#7805);
#7803 = CARTESIAN_POINT('',(0.,0.,1.51));
#7804 = DIRECTION('',(0.,0.,1.));
#7805 = DIRECTION('',(1.,0.,-0.));
#7806 = ADVANCED_FACE('',(#7807),#7813,.T.);
#7807 = FACE_BOUND('',#7808,.F.);
#7808 = EDGE_LOOP('',(#7809,#7810,#7811,#7812));
#7809 = ORIENTED_EDGE('',*,*,#7684,.T.);
#7810 = ORIENTED_EDGE('',*,*,#7715,.T.);
#7811 = ORIENTED_EDGE('',*,*,#7746,.T.);
#7812 = ORIENTED_EDGE('',*,*,#7777,.T.);
#7813 = PLANE('',#7814);
#7814 = AXIS2_PLACEMENT_3D('',#7815,#7816,#7817);
#7815 = CARTESIAN_POINT('',(0.,0.,1.55));
#7816 = DIRECTION('',(0.,0.,1.));
#7817 = DIRECTION('',(1.,0.,-0.));
#7818 = MANIFOLD_SOLID_BREP('',#7819);
#7819 = CLOSED_SHELL('',(#7820,#7860,#7891,#7922,#7944,#7956));
#7820 = ADVANCED_FACE('',(#7821),#7855,.T.);
#7821 = FACE_BOUND('',#7822,.T.);
#7822 = EDGE_LOOP('',(#7823,#7833,#7841,#7849));
#7823 = ORIENTED_EDGE('',*,*,#7824,.T.);
#7824 = EDGE_CURVE('',#7825,#7827,#7829,.T.);
#7825 = VERTEX_POINT('',#7826);
#7826 = CARTESIAN_POINT('',(182.108,-65.8095,1.51));
#7827 = VERTEX_POINT('',#7828);
#7828 = CARTESIAN_POINT('',(182.108,-65.8095,1.55));
#7829 = LINE('',#7830,#7831);
#7830 = CARTESIAN_POINT('',(182.108,-65.8095,1.51));
#7831 = VECTOR('',#7832,1.);
#7832 = DIRECTION('',(0.,0.,1.));
#7833 = ORIENTED_EDGE('',*,*,#7834,.T.);
#7834 = EDGE_CURVE('',#7827,#7835,#7837,.T.);
#7835 = VERTEX_POINT('',#7836);
#7836 = CARTESIAN_POINT('',(182.108,-64.9595,1.55));
#7837 = LINE('',#7838,#7839);
#7838 = CARTESIAN_POINT('',(182.108,-65.8095,1.55));
#7839 = VECTOR('',#7840,1.);
#7840 = DIRECTION('',(0.,1.,0.));
#7841 = ORIENTED_EDGE('',*,*,#7842,.F.);
#7842 = EDGE_CURVE('',#7843,#7835,#7845,.T.);
#7843 = VERTEX_POINT('',#7844);
#7844 = CARTESIAN_POINT('',(182.108,-64.9595,1.51));
#7845 = LINE('',#7846,#7847);
#7846 = CARTESIAN_POINT('',(182.108,-64.9595,1.51));
#7847 = VECTOR('',#7848,1.);
#7848 = DIRECTION('',(0.,0.,1.));
#7849 = ORIENTED_EDGE('',*,*,#7850,.F.);
#7850 = EDGE_CURVE('',#7825,#7843,#7851,.T.);
#7851 = LINE('',#7852,#7853);
#7852 = CARTESIAN_POINT('',(182.108,-65.8095,1.51));
#7853 = VECTOR('',#7854,1.);
#7854 = DIRECTION('',(0.,1.,0.));
#7855 = PLANE('',#7856);
#7856 = AXIS2_PLACEMENT_3D('',#7857,#7858,#7859);
#7857 = CARTESIAN_POINT('',(182.108,-65.8095,1.51));
#7858 = DIRECTION('',(-1.,0.,0.));
#7859 = DIRECTION('',(0.,1.,0.));
#7860 = ADVANCED_FACE('',(#7861),#7886,.T.);
#7861 = FACE_BOUND('',#7862,.T.);
#7862 = EDGE_LOOP('',(#7863,#7864,#7872,#7880));
#7863 = ORIENTED_EDGE('',*,*,#7842,.T.);
#7864 = ORIENTED_EDGE('',*,*,#7865,.T.);
#7865 = EDGE_CURVE('',#7835,#7866,#7868,.T.);
#7866 = VERTEX_POINT('',#7867);
#7867 = CARTESIAN_POINT('',(183.708,-64.9595,1.55));
#7868 = LINE('',#7869,#7870);
#7869 = CARTESIAN_POINT('',(182.108,-64.9595,1.55));
#7870 = VECTOR('',#7871,1.);
#7871 = DIRECTION('',(1.,0.,0.));
#7872 = ORIENTED_EDGE('',*,*,#7873,.F.);
#7873 = EDGE_CURVE('',#7874,#7866,#7876,.T.);
#7874 = VERTEX_POINT('',#7875);
#7875 = CARTESIAN_POINT('',(183.708,-64.9595,1.51));
#7876 = LINE('',#7877,#7878);
#7877 = CARTESIAN_POINT('',(183.708,-64.9595,1.51));
#7878 = VECTOR('',#7879,1.);
#7879 = DIRECTION('',(0.,0.,1.));
#7880 = ORIENTED_EDGE('',*,*,#7881,.F.);
#7881 = EDGE_CURVE('',#7843,#7874,#7882,.T.);
#7882 = LINE('',#7883,#7884);
#7883 = CARTESIAN_POINT('',(182.108,-64.9595,1.51));
#7884 = VECTOR('',#7885,1.);
#7885 = DIRECTION('',(1.,0.,0.));
#7886 = PLANE('',#7887);
#7887 = AXIS2_PLACEMENT_3D('',#7888,#7889,#7890);
#7888 = CARTESIAN_POINT('',(182.108,-64.9595,1.51));
#7889 = DIRECTION('',(0.,1.,0.));
#7890 = DIRECTION('',(1.,0.,0.));
#7891 = ADVANCED_FACE('',(#7892),#7917,.T.);
#7892 = FACE_BOUND('',#7893,.T.);
#7893 = EDGE_LOOP('',(#7894,#7895,#7903,#7911));
#7894 = ORIENTED_EDGE('',*,*,#7873,.T.);
#7895 = ORIENTED_EDGE('',*,*,#7896,.T.);
#7896 = EDGE_CURVE('',#7866,#7897,#7899,.T.);
#7897 = VERTEX_POINT('',#7898);
#7898 = CARTESIAN_POINT('',(183.708,-65.8095,1.55));
#7899 = LINE('',#7900,#7901);
#7900 = CARTESIAN_POINT('',(183.708,-64.9595,1.55));
#7901 = VECTOR('',#7902,1.);
#7902 = DIRECTION('',(0.,-1.,0.));
#7903 = ORIENTED_EDGE('',*,*,#7904,.F.);
#7904 = EDGE_CURVE('',#7905,#7897,#7907,.T.);
#7905 = VERTEX_POINT('',#7906);
#7906 = CARTESIAN_POINT('',(183.708,-65.8095,1.51));
#7907 = LINE('',#7908,#7909);
#7908 = CARTESIAN_POINT('',(183.708,-65.8095,1.51));
#7909 = VECTOR('',#7910,1.);
#7910 = DIRECTION('',(0.,0.,1.));
#7911 = ORIENTED_EDGE('',*,*,#7912,.F.);
#7912 = EDGE_CURVE('',#7874,#7905,#7913,.T.);
#7913 = LINE('',#7914,#7915);
#7914 = CARTESIAN_POINT('',(183.708,-64.9595,1.51));
#7915 = VECTOR('',#7916,1.);
#7916 = DIRECTION('',(0.,-1.,0.));
#7917 = PLANE('',#7918);
#7918 = AXIS2_PLACEMENT_3D('',#7919,#7920,#7921);
#7919 = CARTESIAN_POINT('',(183.708,-64.9595,1.51));
#7920 = DIRECTION('',(1.,0.,-0.));
#7921 = DIRECTION('',(0.,-1.,0.));
#7922 = ADVANCED_FACE('',(#7923),#7939,.T.);
#7923 = FACE_BOUND('',#7924,.T.);
#7924 = EDGE_LOOP('',(#7925,#7926,#7932,#7933));
#7925 = ORIENTED_EDGE('',*,*,#7904,.T.);
#7926 = ORIENTED_EDGE('',*,*,#7927,.T.);
#7927 = EDGE_CURVE('',#7897,#7827,#7928,.T.);
#7928 = LINE('',#7929,#7930);
#7929 = CARTESIAN_POINT('',(183.708,-65.8095,1.55));
#7930 = VECTOR('',#7931,1.);
#7931 = DIRECTION('',(-1.,0.,0.));
#7932 = ORIENTED_EDGE('',*,*,#7824,.F.);
#7933 = ORIENTED_EDGE('',*,*,#7934,.F.);
#7934 = EDGE_CURVE('',#7905,#7825,#7935,.T.);
#7935 = LINE('',#7936,#7937);
#7936 = CARTESIAN_POINT('',(183.708,-65.8095,1.51));
#7937 = VECTOR('',#7938,1.);
#7938 = DIRECTION('',(-1.,0.,0.));
#7939 = PLANE('',#7940);
#7940 = AXIS2_PLACEMENT_3D('',#7941,#7942,#7943);
#7941 = CARTESIAN_POINT('',(183.708,-65.8095,1.51));
#7942 = DIRECTION('',(0.,-1.,0.));
#7943 = DIRECTION('',(-1.,0.,0.));
#7944 = ADVANCED_FACE('',(#7945),#7951,.F.);
#7945 = FACE_BOUND('',#7946,.T.);
#7946 = EDGE_LOOP('',(#7947,#7948,#7949,#7950));
#7947 = ORIENTED_EDGE('',*,*,#7850,.T.);
#7948 = ORIENTED_EDGE('',*,*,#7881,.T.);
#7949 = ORIENTED_EDGE('',*,*,#7912,.T.);
#7950 = ORIENTED_EDGE('',*,*,#7934,.T.);
#7951 = PLANE('',#7952);
#7952 = AXIS2_PLACEMENT_3D('',#7953,#7954,#7955);
#7953 = CARTESIAN_POINT('',(0.,0.,1.51));
#7954 = DIRECTION('',(0.,0.,1.));
#7955 = DIRECTION('',(1.,0.,-0.));
#7956 = ADVANCED_FACE('',(#7957),#7963,.T.);
#7957 = FACE_BOUND('',#7958,.F.);
#7958 = EDGE_LOOP('',(#7959,#7960,#7961,#7962));
#7959 = ORIENTED_EDGE('',*,*,#7834,.T.);
#7960 = ORIENTED_EDGE('',*,*,#7865,.T.);
#7961 = ORIENTED_EDGE('',*,*,#7896,.T.);
#7962 = ORIENTED_EDGE('',*,*,#7927,.T.);
#7963 = PLANE('',#7964);
#7964 = AXIS2_PLACEMENT_3D('',#7965,#7966,#7967);
#7965 = CARTESIAN_POINT('',(0.,0.,1.55));
#7966 = DIRECTION('',(0.,0.,1.));
#7967 = DIRECTION('',(1.,0.,-0.));
#7968 = MANIFOLD_SOLID_BREP('',#7969);
#7969 = CLOSED_SHELL('',(#7970,#8012,#8043,#8074,#8152,#8230,#8247,#8264
    ,#8281,#8298,#8315,#8332,#8349));
#7970 = ADVANCED_FACE('',(#7971),#8007,.T.);
#7971 = FACE_BOUND('',#7972,.T.);
#7972 = EDGE_LOOP('',(#7973,#7983,#7992,#8000));
#7973 = ORIENTED_EDGE('',*,*,#7974,.T.);
#7974 = EDGE_CURVE('',#7975,#7977,#7979,.T.);
#7975 = VERTEX_POINT('',#7976);
#7976 = CARTESIAN_POINT('',(193.021,-64.6749,1.51));
#7977 = VERTEX_POINT('',#7978);
#7978 = CARTESIAN_POINT('',(193.021,-64.6749,1.55));
#7979 = LINE('',#7980,#7981);
#7980 = CARTESIAN_POINT('',(193.021,-64.6749,1.51));
#7981 = VECTOR('',#7982,1.);
#7982 = DIRECTION('',(0.,0.,1.));
#7983 = ORIENTED_EDGE('',*,*,#7984,.T.);
#7984 = EDGE_CURVE('',#7977,#7985,#7987,.T.);
#7985 = VERTEX_POINT('',#7986);
#7986 = CARTESIAN_POINT('',(193.1734,-64.5225,1.55));
#7987 = CIRCLE('',#7988,0.152400250784);
#7988 = AXIS2_PLACEMENT_3D('',#7989,#7990,#7991);
#7989 = CARTESIAN_POINT('',(193.17340025078,-64.67490025078,1.55));
#7990 = DIRECTION('',(0.,0.,-1.));
#7991 = DIRECTION('',(-0.999999999999,1.645562888996E-06,0.));
#7992 = ORIENTED_EDGE('',*,*,#7993,.F.);
#7993 = EDGE_CURVE('',#7994,#7985,#7996,.T.);
#7994 = VERTEX_POINT('',#7995);
#7995 = CARTESIAN_POINT('',(193.1734,-64.5225,1.51));
#7996 = LINE('',#7997,#7998);
#7997 = CARTESIAN_POINT('',(193.1734,-64.5225,1.51));
#7998 = VECTOR('',#7999,1.);
#7999 = DIRECTION('',(0.,0.,1.));
#8000 = ORIENTED_EDGE('',*,*,#8001,.F.);
#8001 = EDGE_CURVE('',#7975,#7994,#8002,.T.);
#8002 = CIRCLE('',#8003,0.152400250784);
#8003 = AXIS2_PLACEMENT_3D('',#8004,#8005,#8006);
#8004 = CARTESIAN_POINT('',(193.17340025078,-64.67490025078,1.51));
#8005 = DIRECTION('',(0.,0.,-1.));
#8006 = DIRECTION('',(-0.999999999999,1.645562888996E-06,0.));
#8007 = CYLINDRICAL_SURFACE('',#8008,0.152400250784);
#8008 = AXIS2_PLACEMENT_3D('',#8009,#8010,#8011);
#8009 = CARTESIAN_POINT('',(193.17340025078,-64.67490025078,1.51));
#8010 = DIRECTION('',(0.,0.,-1.));
#8011 = DIRECTION('',(-0.999999999999,1.645562888996E-06,0.));
#8012 = ADVANCED_FACE('',(#8013),#8038,.T.);
#8013 = FACE_BOUND('',#8014,.T.);
#8014 = EDGE_LOOP('',(#8015,#8025,#8031,#8032));
#8015 = ORIENTED_EDGE('',*,*,#8016,.T.);
#8016 = EDGE_CURVE('',#8017,#8019,#8021,.T.);
#8017 = VERTEX_POINT('',#8018);
#8018 = CARTESIAN_POINT('',(193.021,-65.8941,1.51));
#8019 = VERTEX_POINT('',#8020);
#8020 = CARTESIAN_POINT('',(193.021,-65.8941,1.55));
#8021 = LINE('',#8022,#8023);
#8022 = CARTESIAN_POINT('',(193.021,-65.8941,1.51));
#8023 = VECTOR('',#8024,1.);
#8024 = DIRECTION('',(0.,0.,1.));
#8025 = ORIENTED_EDGE('',*,*,#8026,.T.);
#8026 = EDGE_CURVE('',#8019,#7977,#8027,.T.);
#8027 = LINE('',#8028,#8029);
#8028 = CARTESIAN_POINT('',(193.021,-65.8941,1.55));
#8029 = VECTOR('',#8030,1.);
#8030 = DIRECTION('',(0.,1.,0.));
#8031 = ORIENTED_EDGE('',*,*,#7974,.F.);
#8032 = ORIENTED_EDGE('',*,*,#8033,.F.);
#8033 = EDGE_CURVE('',#8017,#7975,#8034,.T.);
#8034 = LINE('',#8035,#8036);
#8035 = CARTESIAN_POINT('',(193.021,-65.8941,1.51));
#8036 = VECTOR('',#8037,1.);
#8037 = DIRECTION('',(0.,1.,0.));
#8038 = PLANE('',#8039);
#8039 = AXIS2_PLACEMENT_3D('',#8040,#8041,#8042);
#8040 = CARTESIAN_POINT('',(193.021,-65.8941,1.51));
#8041 = DIRECTION('',(-1.,0.,0.));
#8042 = DIRECTION('',(0.,1.,0.));
#8043 = ADVANCED_FACE('',(#8044),#8069,.T.);
#8044 = FACE_BOUND('',#8045,.T.);
#8045 = EDGE_LOOP('',(#8046,#8047,#8055,#8063));
#8046 = ORIENTED_EDGE('',*,*,#7993,.T.);
#8047 = ORIENTED_EDGE('',*,*,#8048,.T.);
#8048 = EDGE_CURVE('',#7985,#8049,#8051,.T.);
#8049 = VERTEX_POINT('',#8050);
#8050 = CARTESIAN_POINT('',(195.3006,-64.5225,1.55));
#8051 = LINE('',#8052,#8053);
#8052 = CARTESIAN_POINT('',(193.1734,-64.5225,1.55));
#8053 = VECTOR('',#8054,1.);
#8054 = DIRECTION('',(1.,0.,0.));
#8055 = ORIENTED_EDGE('',*,*,#8056,.F.);
#8056 = EDGE_CURVE('',#8057,#8049,#8059,.T.);
#8057 = VERTEX_POINT('',#8058);
#8058 = CARTESIAN_POINT('',(195.3006,-64.5225,1.51));
#8059 = LINE('',#8060,#8061);
#8060 = CARTESIAN_POINT('',(195.3006,-64.5225,1.51));
#8061 = VECTOR('',#8062,1.);
#8062 = DIRECTION('',(0.,0.,1.));
#8063 = ORIENTED_EDGE('',*,*,#8064,.F.);
#8064 = EDGE_CURVE('',#7994,#8057,#8065,.T.);
#8065 = LINE('',#8066,#8067);
#8066 = CARTESIAN_POINT('',(193.1734,-64.5225,1.51));
#8067 = VECTOR('',#8068,1.);
#8068 = DIRECTION('',(1.,0.,0.));
#8069 = PLANE('',#8070);
#8070 = AXIS2_PLACEMENT_3D('',#8071,#8072,#8073);
#8071 = CARTESIAN_POINT('',(193.1734,-64.5225,1.51));
#8072 = DIRECTION('',(0.,1.,0.));
#8073 = DIRECTION('',(1.,0.,0.));
#8074 = ADVANCED_FACE('',(#8075),#8147,.F.);
#8075 = FACE_BOUND('',#8076,.F.);
#8076 = EDGE_LOOP('',(#8077,#8078,#8079,#8088,#8096,#8105,#8113,#8122,
    #8131,#8139,#8146));
#8077 = ORIENTED_EDGE('',*,*,#8001,.F.);
#8078 = ORIENTED_EDGE('',*,*,#8033,.F.);
#8079 = ORIENTED_EDGE('',*,*,#8080,.F.);
#8080 = EDGE_CURVE('',#8081,#8017,#8083,.T.);
#8081 = VERTEX_POINT('',#8082);
#8082 = CARTESIAN_POINT('',(193.1734,-66.0465,1.51));
#8083 = CIRCLE('',#8084,0.152400250784);
#8084 = AXIS2_PLACEMENT_3D('',#8085,#8086,#8087);
#8085 = CARTESIAN_POINT('',(193.17340025078,-65.89409974921,1.51));
#8086 = DIRECTION('',(0.,0.,-1.));
#8087 = DIRECTION('',(-1.64556279575E-06,-0.999999999999,-0.));
#8088 = ORIENTED_EDGE('',*,*,#8089,.F.);
#8089 = EDGE_CURVE('',#8090,#8081,#8092,.T.);
#8090 = VERTEX_POINT('',#8091);
#8091 = CARTESIAN_POINT('',(195.3006,-66.0465,1.51));
#8092 = LINE('',#8093,#8094);
#8093 = CARTESIAN_POINT('',(195.3006,-66.0465,1.51));
#8094 = VECTOR('',#8095,1.);
#8095 = DIRECTION('',(-1.,0.,0.));
#8096 = ORIENTED_EDGE('',*,*,#8097,.F.);
#8097 = EDGE_CURVE('',#8098,#8090,#8100,.T.);
#8098 = VERTEX_POINT('',#8099);
#8099 = CARTESIAN_POINT('',(195.453,-65.8941,1.51));
#8100 = CIRCLE('',#8101,0.152400250784);
#8101 = AXIS2_PLACEMENT_3D('',#8102,#8103,#8104);
#8102 = CARTESIAN_POINT('',(195.30059974921,-65.89409974921,1.51));
#8103 = DIRECTION('',(0.,0.,-1.));
#8104 = DIRECTION('',(0.999999999999,-1.645562329516E-06,0.));
#8105 = ORIENTED_EDGE('',*,*,#8106,.F.);
#8106 = EDGE_CURVE('',#8107,#8098,#8109,.T.);
#8107 = VERTEX_POINT('',#8108);
#8108 = CARTESIAN_POINT('',(195.453,-65.46005412273,1.51));
#8109 = LINE('',#8110,#8111);
#8110 = CARTESIAN_POINT('',(195.453,-64.6749,1.51));
#8111 = VECTOR('',#8112,1.);
#8112 = DIRECTION('',(0.,-1.,0.));
#8113 = ORIENTED_EDGE('',*,*,#8114,.T.);
#8114 = EDGE_CURVE('',#8107,#8115,#8117,.T.);
#8115 = VERTEX_POINT('',#8116);
#8116 = CARTESIAN_POINT('',(195.072,-65.704,1.51));
#8117 = CIRCLE('',#8118,0.4195);
#8118 = AXIS2_PLACEMENT_3D('',#8119,#8120,#8121);
#8119 = CARTESIAN_POINT('',(195.072,-65.2845,1.51));
#8120 = DIRECTION('',(-0.,0.,-1.));
#8121 = DIRECTION('',(-0.,-1.,0.));
#8122 = ORIENTED_EDGE('',*,*,#8123,.T.);
#8123 = EDGE_CURVE('',#8115,#8124,#8126,.T.);
#8124 = VERTEX_POINT('',#8125);
#8125 = CARTESIAN_POINT('',(195.453,-65.10894587726,1.51));
#8126 = CIRCLE('',#8127,0.4195);
#8127 = AXIS2_PLACEMENT_3D('',#8128,#8129,#8130);
#8128 = CARTESIAN_POINT('',(195.072,-65.2845,1.51));
#8129 = DIRECTION('',(-0.,0.,-1.));
#8130 = DIRECTION('',(-0.,-1.,0.));
#8131 = ORIENTED_EDGE('',*,*,#8132,.F.);
#8132 = EDGE_CURVE('',#8133,#8124,#8135,.T.);
#8133 = VERTEX_POINT('',#8134);
#8134 = CARTESIAN_POINT('',(195.453,-64.6749,1.51));
#8135 = LINE('',#8136,#8137);
#8136 = CARTESIAN_POINT('',(195.453,-64.6749,1.51));
#8137 = VECTOR('',#8138,1.);
#8138 = DIRECTION('',(0.,-1.,0.));
#8139 = ORIENTED_EDGE('',*,*,#8140,.F.);
#8140 = EDGE_CURVE('',#8057,#8133,#8141,.T.);
#8141 = CIRCLE('',#8142,0.152400250784);
#8142 = AXIS2_PLACEMENT_3D('',#8143,#8144,#8145);
#8143 = CARTESIAN_POINT('',(195.30059974921,-64.67490025078,1.51));
#8144 = DIRECTION('',(0.,0.,-1.));
#8145 = DIRECTION('',(1.645562422763E-06,0.999999999999,0.));
#8146 = ORIENTED_EDGE('',*,*,#8064,.F.);
#8147 = PLANE('',#8148);
#8148 = AXIS2_PLACEMENT_3D('',#8149,#8150,#8151);
#8149 = CARTESIAN_POINT('',(0.,0.,1.51));
#8150 = DIRECTION('',(0.,0.,1.));
#8151 = DIRECTION('',(1.,0.,-0.));
#8152 = ADVANCED_FACE('',(#8153),#8225,.T.);
#8153 = FACE_BOUND('',#8154,.T.);
#8154 = EDGE_LOOP('',(#8155,#8156,#8157,#8166,#8174,#8183,#8191,#8200,
    #8209,#8217,#8224));
#8155 = ORIENTED_EDGE('',*,*,#7984,.F.);
#8156 = ORIENTED_EDGE('',*,*,#8026,.F.);
#8157 = ORIENTED_EDGE('',*,*,#8158,.F.);
#8158 = EDGE_CURVE('',#8159,#8019,#8161,.T.);
#8159 = VERTEX_POINT('',#8160);
#8160 = CARTESIAN_POINT('',(193.1734,-66.0465,1.55));
#8161 = CIRCLE('',#8162,0.152400250784);
#8162 = AXIS2_PLACEMENT_3D('',#8163,#8164,#8165);
#8163 = CARTESIAN_POINT('',(193.17340025078,-65.89409974921,1.55));
#8164 = DIRECTION('',(0.,0.,-1.));
#8165 = DIRECTION('',(-1.64556279575E-06,-0.999999999999,-0.));
#8166 = ORIENTED_EDGE('',*,*,#8167,.F.);
#8167 = EDGE_CURVE('',#8168,#8159,#8170,.T.);
#8168 = VERTEX_POINT('',#8169);
#8169 = CARTESIAN_POINT('',(195.3006,-66.0465,1.55));
#8170 = LINE('',#8171,#8172);
#8171 = CARTESIAN_POINT('',(195.3006,-66.0465,1.55));
#8172 = VECTOR('',#8173,1.);
#8173 = DIRECTION('',(-1.,0.,0.));
#8174 = ORIENTED_EDGE('',*,*,#8175,.F.);
#8175 = EDGE_CURVE('',#8176,#8168,#8178,.T.);
#8176 = VERTEX_POINT('',#8177);
#8177 = CARTESIAN_POINT('',(195.453,-65.8941,1.55));
#8178 = CIRCLE('',#8179,0.152400250784);
#8179 = AXIS2_PLACEMENT_3D('',#8180,#8181,#8182);
#8180 = CARTESIAN_POINT('',(195.30059974921,-65.89409974921,1.55));
#8181 = DIRECTION('',(0.,0.,-1.));
#8182 = DIRECTION('',(0.999999999999,-1.645562329516E-06,0.));
#8183 = ORIENTED_EDGE('',*,*,#8184,.F.);
#8184 = EDGE_CURVE('',#8185,#8176,#8187,.T.);
#8185 = VERTEX_POINT('',#8186);
#8186 = CARTESIAN_POINT('',(195.453,-65.46005412273,1.55));
#8187 = LINE('',#8188,#8189);
#8188 = CARTESIAN_POINT('',(195.453,-64.6749,1.55));
#8189 = VECTOR('',#8190,1.);
#8190 = DIRECTION('',(0.,-1.,0.));
#8191 = ORIENTED_EDGE('',*,*,#8192,.T.);
#8192 = EDGE_CURVE('',#8185,#8193,#8195,.T.);
#8193 = VERTEX_POINT('',#8194);
#8194 = CARTESIAN_POINT('',(195.072,-65.704,1.55));
#8195 = CIRCLE('',#8196,0.4195);
#8196 = AXIS2_PLACEMENT_3D('',#8197,#8198,#8199);
#8197 = CARTESIAN_POINT('',(195.072,-65.2845,1.55));
#8198 = DIRECTION('',(-0.,0.,-1.));
#8199 = DIRECTION('',(-0.,-1.,0.));
#8200 = ORIENTED_EDGE('',*,*,#8201,.T.);
#8201 = EDGE_CURVE('',#8193,#8202,#8204,.T.);
#8202 = VERTEX_POINT('',#8203);
#8203 = CARTESIAN_POINT('',(195.453,-65.10894587726,1.55));
#8204 = CIRCLE('',#8205,0.4195);
#8205 = AXIS2_PLACEMENT_3D('',#8206,#8207,#8208);
#8206 = CARTESIAN_POINT('',(195.072,-65.2845,1.55));
#8207 = DIRECTION('',(-0.,0.,-1.));
#8208 = DIRECTION('',(-0.,-1.,0.));
#8209 = ORIENTED_EDGE('',*,*,#8210,.F.);
#8210 = EDGE_CURVE('',#8211,#8202,#8213,.T.);
#8211 = VERTEX_POINT('',#8212);
#8212 = CARTESIAN_POINT('',(195.453,-64.6749,1.55));
#8213 = LINE('',#8214,#8215);
#8214 = CARTESIAN_POINT('',(195.453,-64.6749,1.55));
#8215 = VECTOR('',#8216,1.);
#8216 = DIRECTION('',(0.,-1.,0.));
#8217 = ORIENTED_EDGE('',*,*,#8218,.F.);
#8218 = EDGE_CURVE('',#8049,#8211,#8219,.T.);
#8219 = CIRCLE('',#8220,0.152400250784);
#8220 = AXIS2_PLACEMENT_3D('',#8221,#8222,#8223);
#8221 = CARTESIAN_POINT('',(195.30059974921,-64.67490025078,1.55));
#8222 = DIRECTION('',(0.,0.,-1.));
#8223 = DIRECTION('',(1.645562422763E-06,0.999999999999,0.));
#8224 = ORIENTED_EDGE('',*,*,#8048,.F.);
#8225 = PLANE('',#8226);
#8226 = AXIS2_PLACEMENT_3D('',#8227,#8228,#8229);
#8227 = CARTESIAN_POINT('',(0.,0.,1.55));
#8228 = DIRECTION('',(0.,0.,1.));
#8229 = DIRECTION('',(1.,0.,-0.));
#8230 = ADVANCED_FACE('',(#8231),#8242,.T.);
#8231 = FACE_BOUND('',#8232,.T.);
#8232 = EDGE_LOOP('',(#8233,#8239,#8240,#8241));
#8233 = ORIENTED_EDGE('',*,*,#8234,.T.);
#8234 = EDGE_CURVE('',#8081,#8159,#8235,.T.);
#8235 = LINE('',#8236,#8237);
#8236 = CARTESIAN_POINT('',(193.1734,-66.0465,1.51));
#8237 = VECTOR('',#8238,1.);
#8238 = DIRECTION('',(0.,0.,1.));
#8239 = ORIENTED_EDGE('',*,*,#8158,.T.);
#8240 = ORIENTED_EDGE('',*,*,#8016,.F.);
#8241 = ORIENTED_EDGE('',*,*,#8080,.F.);
#8242 = CYLINDRICAL_SURFACE('',#8243,0.152400250784);
#8243 = AXIS2_PLACEMENT_3D('',#8244,#8245,#8246);
#8244 = CARTESIAN_POINT('',(193.17340025078,-65.89409974921,1.51));
#8245 = DIRECTION('',(0.,0.,-1.));
#8246 = DIRECTION('',(-1.64556279575E-06,-0.999999999999,-0.));
#8247 = ADVANCED_FACE('',(#8248),#8259,.T.);
#8248 = FACE_BOUND('',#8249,.T.);
#8249 = EDGE_LOOP('',(#8250,#8251,#8252,#8258));
#8250 = ORIENTED_EDGE('',*,*,#8056,.T.);
#8251 = ORIENTED_EDGE('',*,*,#8218,.T.);
#8252 = ORIENTED_EDGE('',*,*,#8253,.F.);
#8253 = EDGE_CURVE('',#8133,#8211,#8254,.T.);
#8254 = LINE('',#8255,#8256);
#8255 = CARTESIAN_POINT('',(195.453,-64.6749,1.51));
#8256 = VECTOR('',#8257,1.);
#8257 = DIRECTION('',(0.,0.,1.));
#8258 = ORIENTED_EDGE('',*,*,#8140,.F.);
#8259 = CYLINDRICAL_SURFACE('',#8260,0.152400250784);
#8260 = AXIS2_PLACEMENT_3D('',#8261,#8262,#8263);
#8261 = CARTESIAN_POINT('',(195.30059974921,-64.67490025078,1.51));
#8262 = DIRECTION('',(0.,0.,-1.));
#8263 = DIRECTION('',(1.645562422763E-06,0.999999999999,0.));
#8264 = ADVANCED_FACE('',(#8265),#8276,.T.);
#8265 = FACE_BOUND('',#8266,.T.);
#8266 = EDGE_LOOP('',(#8267,#8268,#8269,#8270));
#8267 = ORIENTED_EDGE('',*,*,#8132,.F.);
#8268 = ORIENTED_EDGE('',*,*,#8253,.T.);
#8269 = ORIENTED_EDGE('',*,*,#8210,.T.);
#8270 = ORIENTED_EDGE('',*,*,#8271,.T.);
#8271 = EDGE_CURVE('',#8202,#8124,#8272,.T.);
#8272 = LINE('',#8273,#8274);
#8273 = CARTESIAN_POINT('',(195.453,-65.10894587729,-4.6E-02));
#8274 = VECTOR('',#8275,1.);
#8275 = DIRECTION('',(-0.,-0.,-1.));
#8276 = PLANE('',#8277);
#8277 = AXIS2_PLACEMENT_3D('',#8278,#8279,#8280);
#8278 = CARTESIAN_POINT('',(195.453,-64.6749,1.51));
#8279 = DIRECTION('',(1.,0.,-0.));
#8280 = DIRECTION('',(0.,-1.,0.));
#8281 = ADVANCED_FACE('',(#8282),#8293,.F.);
#8282 = FACE_BOUND('',#8283,.T.);
#8283 = EDGE_LOOP('',(#8284,#8290,#8291,#8292));
#8284 = ORIENTED_EDGE('',*,*,#8285,.F.);
#8285 = EDGE_CURVE('',#8115,#8193,#8286,.T.);
#8286 = LINE('',#8287,#8288);
#8287 = CARTESIAN_POINT('',(195.072,-65.704,-4.6E-02));
#8288 = VECTOR('',#8289,1.);
#8289 = DIRECTION('',(0.,0.,1.));
#8290 = ORIENTED_EDGE('',*,*,#8123,.T.);
#8291 = ORIENTED_EDGE('',*,*,#8271,.F.);
#8292 = ORIENTED_EDGE('',*,*,#8201,.F.);
#8293 = CYLINDRICAL_SURFACE('',#8294,0.4195);
#8294 = AXIS2_PLACEMENT_3D('',#8295,#8296,#8297);
#8295 = CARTESIAN_POINT('',(195.072,-65.2845,-4.6E-02));
#8296 = DIRECTION('',(-0.,-0.,-1.));
#8297 = DIRECTION('',(-0.,-1.,0.));
#8298 = ADVANCED_FACE('',(#8299),#8310,.F.);
#8299 = FACE_BOUND('',#8300,.T.);
#8300 = EDGE_LOOP('',(#8301,#8302,#8303,#8304));
#8301 = ORIENTED_EDGE('',*,*,#8114,.T.);
#8302 = ORIENTED_EDGE('',*,*,#8285,.T.);
#8303 = ORIENTED_EDGE('',*,*,#8192,.F.);
#8304 = ORIENTED_EDGE('',*,*,#8305,.T.);
#8305 = EDGE_CURVE('',#8185,#8107,#8306,.T.);
#8306 = LINE('',#8307,#8308);
#8307 = CARTESIAN_POINT('',(195.453,-65.4600541227,-4.6E-02));
#8308 = VECTOR('',#8309,1.);
#8309 = DIRECTION('',(-0.,-0.,-1.));
#8310 = CYLINDRICAL_SURFACE('',#8311,0.4195);
#8311 = AXIS2_PLACEMENT_3D('',#8312,#8313,#8314);
#8312 = CARTESIAN_POINT('',(195.072,-65.2845,-4.6E-02));
#8313 = DIRECTION('',(-0.,-0.,-1.));
#8314 = DIRECTION('',(-0.,-1.,0.));
#8315 = ADVANCED_FACE('',(#8316),#8327,.T.);
#8316 = FACE_BOUND('',#8317,.T.);
#8317 = EDGE_LOOP('',(#8318,#8319,#8320,#8321));
#8318 = ORIENTED_EDGE('',*,*,#8106,.F.);
#8319 = ORIENTED_EDGE('',*,*,#8305,.F.);
#8320 = ORIENTED_EDGE('',*,*,#8184,.T.);
#8321 = ORIENTED_EDGE('',*,*,#8322,.F.);
#8322 = EDGE_CURVE('',#8098,#8176,#8323,.T.);
#8323 = LINE('',#8324,#8325);
#8324 = CARTESIAN_POINT('',(195.453,-65.8941,1.51));
#8325 = VECTOR('',#8326,1.);
#8326 = DIRECTION('',(0.,0.,1.));
#8327 = PLANE('',#8328);
#8328 = AXIS2_PLACEMENT_3D('',#8329,#8330,#8331);
#8329 = CARTESIAN_POINT('',(195.453,-64.6749,1.51));
#8330 = DIRECTION('',(1.,0.,-0.));
#8331 = DIRECTION('',(0.,-1.,0.));
#8332 = ADVANCED_FACE('',(#8333),#8344,.T.);
#8333 = FACE_BOUND('',#8334,.T.);
#8334 = EDGE_LOOP('',(#8335,#8336,#8337,#8343));
#8335 = ORIENTED_EDGE('',*,*,#8322,.T.);
#8336 = ORIENTED_EDGE('',*,*,#8175,.T.);
#8337 = ORIENTED_EDGE('',*,*,#8338,.F.);
#8338 = EDGE_CURVE('',#8090,#8168,#8339,.T.);
#8339 = LINE('',#8340,#8341);
#8340 = CARTESIAN_POINT('',(195.3006,-66.0465,1.51));
#8341 = VECTOR('',#8342,1.);
#8342 = DIRECTION('',(0.,0.,1.));
#8343 = ORIENTED_EDGE('',*,*,#8097,.F.);
#8344 = CYLINDRICAL_SURFACE('',#8345,0.152400250784);
#8345 = AXIS2_PLACEMENT_3D('',#8346,#8347,#8348);
#8346 = CARTESIAN_POINT('',(195.30059974921,-65.89409974921,1.51));
#8347 = DIRECTION('',(0.,0.,-1.));
#8348 = DIRECTION('',(0.999999999999,-1.645562329516E-06,0.));
#8349 = ADVANCED_FACE('',(#8350),#8356,.T.);
#8350 = FACE_BOUND('',#8351,.T.);
#8351 = EDGE_LOOP('',(#8352,#8353,#8354,#8355));
#8352 = ORIENTED_EDGE('',*,*,#8338,.T.);
#8353 = ORIENTED_EDGE('',*,*,#8167,.T.);
#8354 = ORIENTED_EDGE('',*,*,#8234,.F.);
#8355 = ORIENTED_EDGE('',*,*,#8089,.F.);
#8356 = PLANE('',#8357);
#8357 = AXIS2_PLACEMENT_3D('',#8358,#8359,#8360);
#8358 = CARTESIAN_POINT('',(195.3006,-66.0465,1.51));
#8359 = DIRECTION('',(0.,-1.,0.));
#8360 = DIRECTION('',(-1.,0.,0.));
#8361 = MANIFOLD_SOLID_BREP('',#8362);
#8362 = CLOSED_SHELL('',(#8363,#8396,#8416,#8436));
#8363 = ADVANCED_FACE('',(#8364),#8391,.T.);
#8364 = FACE_BOUND('',#8365,.F.);
#8365 = EDGE_LOOP('',(#8366,#8376,#8383,#8384));
#8366 = ORIENTED_EDGE('',*,*,#8367,.T.);
#8367 = EDGE_CURVE('',#8368,#8370,#8372,.T.);
#8368 = VERTEX_POINT('',#8369);
#8369 = CARTESIAN_POINT('',(195.834,-65.2845,1.51));
#8370 = VERTEX_POINT('',#8371);
#8371 = CARTESIAN_POINT('',(195.834,-65.2845,1.55));
#8372 = LINE('',#8373,#8374);
#8373 = CARTESIAN_POINT('',(195.834,-65.2845,1.51));
#8374 = VECTOR('',#8375,1.);
#8375 = DIRECTION('',(0.,0.,1.));
#8376 = ORIENTED_EDGE('',*,*,#8377,.T.);
#8377 = EDGE_CURVE('',#8370,#8370,#8378,.T.);
#8378 = CIRCLE('',#8379,0.762);
#8379 = AXIS2_PLACEMENT_3D('',#8380,#8381,#8382);
#8380 = CARTESIAN_POINT('',(195.072,-65.2845,1.55));
#8381 = DIRECTION('',(0.,0.,1.));
#8382 = DIRECTION('',(1.,0.,-0.));
#8383 = ORIENTED_EDGE('',*,*,#8367,.F.);
#8384 = ORIENTED_EDGE('',*,*,#8385,.F.);
#8385 = EDGE_CURVE('',#8368,#8368,#8386,.T.);
#8386 = CIRCLE('',#8387,0.762);
#8387 = AXIS2_PLACEMENT_3D('',#8388,#8389,#8390);
#8388 = CARTESIAN_POINT('',(195.072,-65.2845,1.51));
#8389 = DIRECTION('',(0.,0.,1.));
#8390 = DIRECTION('',(1.,0.,-0.));
#8391 = CYLINDRICAL_SURFACE('',#8392,0.762);
#8392 = AXIS2_PLACEMENT_3D('',#8393,#8394,#8395);
#8393 = CARTESIAN_POINT('',(195.072,-65.2845,1.51));
#8394 = DIRECTION('',(-0.,-0.,-1.));
#8395 = DIRECTION('',(1.,0.,-0.));
#8396 = ADVANCED_FACE('',(#8397,#8400),#8411,.F.);
#8397 = FACE_BOUND('',#8398,.F.);
#8398 = EDGE_LOOP('',(#8399));
#8399 = ORIENTED_EDGE('',*,*,#8385,.T.);
#8400 = FACE_BOUND('',#8401,.F.);
#8401 = EDGE_LOOP('',(#8402));
#8402 = ORIENTED_EDGE('',*,*,#8403,.T.);
#8403 = EDGE_CURVE('',#8404,#8404,#8406,.T.);
#8404 = VERTEX_POINT('',#8405);
#8405 = CARTESIAN_POINT('',(195.072,-65.704,1.51));
#8406 = CIRCLE('',#8407,0.4195);
#8407 = AXIS2_PLACEMENT_3D('',#8408,#8409,#8410);
#8408 = CARTESIAN_POINT('',(195.072,-65.2845,1.51));
#8409 = DIRECTION('',(-0.,0.,-1.));
#8410 = DIRECTION('',(-0.,-1.,0.));
#8411 = PLANE('',#8412);
#8412 = AXIS2_PLACEMENT_3D('',#8413,#8414,#8415);
#8413 = CARTESIAN_POINT('',(0.,0.,1.51));
#8414 = DIRECTION('',(0.,0.,1.));
#8415 = DIRECTION('',(1.,0.,-0.));
#8416 = ADVANCED_FACE('',(#8417,#8420),#8431,.T.);
#8417 = FACE_BOUND('',#8418,.T.);
#8418 = EDGE_LOOP('',(#8419));
#8419 = ORIENTED_EDGE('',*,*,#8377,.T.);
#8420 = FACE_BOUND('',#8421,.T.);
#8421 = EDGE_LOOP('',(#8422));
#8422 = ORIENTED_EDGE('',*,*,#8423,.T.);
#8423 = EDGE_CURVE('',#8424,#8424,#8426,.T.);
#8424 = VERTEX_POINT('',#8425);
#8425 = CARTESIAN_POINT('',(195.072,-65.704,1.55));
#8426 = CIRCLE('',#8427,0.4195);
#8427 = AXIS2_PLACEMENT_3D('',#8428,#8429,#8430);
#8428 = CARTESIAN_POINT('',(195.072,-65.2845,1.55));
#8429 = DIRECTION('',(-0.,0.,-1.));
#8430 = DIRECTION('',(-0.,-1.,0.));
#8431 = PLANE('',#8432);
#8432 = AXIS2_PLACEMENT_3D('',#8433,#8434,#8435);
#8433 = CARTESIAN_POINT('',(0.,0.,1.55));
#8434 = DIRECTION('',(0.,0.,1.));
#8435 = DIRECTION('',(1.,0.,-0.));
#8436 = ADVANCED_FACE('',(#8437),#8448,.F.);
#8437 = FACE_BOUND('',#8438,.T.);
#8438 = EDGE_LOOP('',(#8439,#8440,#8446,#8447));
#8439 = ORIENTED_EDGE('',*,*,#8403,.T.);
#8440 = ORIENTED_EDGE('',*,*,#8441,.T.);
#8441 = EDGE_CURVE('',#8404,#8424,#8442,.T.);
#8442 = LINE('',#8443,#8444);
#8443 = CARTESIAN_POINT('',(195.072,-65.704,-4.6E-02));
#8444 = VECTOR('',#8445,1.);
#8445 = DIRECTION('',(0.,0.,1.));
#8446 = ORIENTED_EDGE('',*,*,#8423,.F.);
#8447 = ORIENTED_EDGE('',*,*,#8441,.F.);
#8448 = CYLINDRICAL_SURFACE('',#8449,0.4195);
#8449 = AXIS2_PLACEMENT_3D('',#8450,#8451,#8452);
#8450 = CARTESIAN_POINT('',(195.072,-65.2845,-4.6E-02));
#8451 = DIRECTION('',(-0.,-0.,-1.));
#8452 = DIRECTION('',(-0.,-1.,0.));
#8453 = MANIFOLD_SOLID_BREP('',#8454);
#8454 = CLOSED_SHELL('',(#8455,#8488,#8508,#8528));
#8455 = ADVANCED_FACE('',(#8456),#8483,.T.);
#8456 = FACE_BOUND('',#8457,.T.);
#8457 = EDGE_LOOP('',(#8458,#8468,#8475,#8476));
#8458 = ORIENTED_EDGE('',*,*,#8459,.T.);
#8459 = EDGE_CURVE('',#8460,#8462,#8464,.T.);
#8460 = VERTEX_POINT('',#8461);
#8461 = CARTESIAN_POINT('',(195.834,-65.2845,0.));
#8462 = VERTEX_POINT('',#8463);
#8463 = CARTESIAN_POINT('',(195.834,-65.2845,-4.E-02));
#8464 = LINE('',#8465,#8466);
#8465 = CARTESIAN_POINT('',(195.834,-65.2845,0.));
#8466 = VECTOR('',#8467,1.);
#8467 = DIRECTION('',(0.,0.,-1.));
#8468 = ORIENTED_EDGE('',*,*,#8469,.T.);
#8469 = EDGE_CURVE('',#8462,#8462,#8470,.T.);
#8470 = CIRCLE('',#8471,0.762);
#8471 = AXIS2_PLACEMENT_3D('',#8472,#8473,#8474);
#8472 = CARTESIAN_POINT('',(195.072,-65.2845,-4.E-02));
#8473 = DIRECTION('',(0.,0.,1.));
#8474 = DIRECTION('',(1.,0.,-0.));
#8475 = ORIENTED_EDGE('',*,*,#8459,.F.);
#8476 = ORIENTED_EDGE('',*,*,#8477,.F.);
#8477 = EDGE_CURVE('',#8460,#8460,#8478,.T.);
#8478 = CIRCLE('',#8479,0.762);
#8479 = AXIS2_PLACEMENT_3D('',#8480,#8481,#8482);
#8480 = CARTESIAN_POINT('',(195.072,-65.2845,0.));
#8481 = DIRECTION('',(0.,0.,1.));
#8482 = DIRECTION('',(1.,0.,-0.));
#8483 = CYLINDRICAL_SURFACE('',#8484,0.762);
#8484 = AXIS2_PLACEMENT_3D('',#8485,#8486,#8487);
#8485 = CARTESIAN_POINT('',(195.072,-65.2845,0.));
#8486 = DIRECTION('',(0.,0.,1.));
#8487 = DIRECTION('',(1.,0.,-0.));
#8488 = ADVANCED_FACE('',(#8489,#8492),#8503,.F.);
#8489 = FACE_BOUND('',#8490,.F.);
#8490 = EDGE_LOOP('',(#8491));
#8491 = ORIENTED_EDGE('',*,*,#8477,.F.);
#8492 = FACE_BOUND('',#8493,.F.);
#8493 = EDGE_LOOP('',(#8494));
#8494 = ORIENTED_EDGE('',*,*,#8495,.F.);
#8495 = EDGE_CURVE('',#8496,#8496,#8498,.T.);
#8496 = VERTEX_POINT('',#8497);
#8497 = CARTESIAN_POINT('',(195.072,-65.704,0.));
#8498 = CIRCLE('',#8499,0.4195);
#8499 = AXIS2_PLACEMENT_3D('',#8500,#8501,#8502);
#8500 = CARTESIAN_POINT('',(195.072,-65.2845,0.));
#8501 = DIRECTION('',(-0.,0.,-1.));
#8502 = DIRECTION('',(-0.,-1.,0.));
#8503 = PLANE('',#8504);
#8504 = AXIS2_PLACEMENT_3D('',#8505,#8506,#8507);
#8505 = CARTESIAN_POINT('',(0.,0.,0.));
#8506 = DIRECTION('',(-0.,-0.,-1.));
#8507 = DIRECTION('',(-1.,0.,0.));
#8508 = ADVANCED_FACE('',(#8509,#8512),#8523,.T.);
#8509 = FACE_BOUND('',#8510,.T.);
#8510 = EDGE_LOOP('',(#8511));
#8511 = ORIENTED_EDGE('',*,*,#8469,.F.);
#8512 = FACE_BOUND('',#8513,.T.);
#8513 = EDGE_LOOP('',(#8514));
#8514 = ORIENTED_EDGE('',*,*,#8515,.F.);
#8515 = EDGE_CURVE('',#8516,#8516,#8518,.T.);
#8516 = VERTEX_POINT('',#8517);
#8517 = CARTESIAN_POINT('',(195.072,-65.704,-4.E-02));
#8518 = CIRCLE('',#8519,0.4195);
#8519 = AXIS2_PLACEMENT_3D('',#8520,#8521,#8522);
#8520 = CARTESIAN_POINT('',(195.072,-65.2845,-4.E-02));
#8521 = DIRECTION('',(-0.,0.,-1.));
#8522 = DIRECTION('',(-0.,-1.,0.));
#8523 = PLANE('',#8524);
#8524 = AXIS2_PLACEMENT_3D('',#8525,#8526,#8527);
#8525 = CARTESIAN_POINT('',(0.,0.,-4.E-02));
#8526 = DIRECTION('',(-0.,-0.,-1.));
#8527 = DIRECTION('',(-1.,0.,0.));
#8528 = ADVANCED_FACE('',(#8529),#8540,.F.);
#8529 = FACE_BOUND('',#8530,.T.);
#8530 = EDGE_LOOP('',(#8531,#8532,#8538,#8539));
#8531 = ORIENTED_EDGE('',*,*,#8515,.T.);
#8532 = ORIENTED_EDGE('',*,*,#8533,.T.);
#8533 = EDGE_CURVE('',#8516,#8496,#8534,.T.);
#8534 = LINE('',#8535,#8536);
#8535 = CARTESIAN_POINT('',(195.072,-65.704,-4.6E-02));
#8536 = VECTOR('',#8537,1.);
#8537 = DIRECTION('',(0.,0.,1.));
#8538 = ORIENTED_EDGE('',*,*,#8495,.F.);
#8539 = ORIENTED_EDGE('',*,*,#8533,.F.);
#8540 = CYLINDRICAL_SURFACE('',#8541,0.4195);
#8541 = AXIS2_PLACEMENT_3D('',#8542,#8543,#8544);
#8542 = CARTESIAN_POINT('',(195.072,-65.2845,-4.6E-02));
#8543 = DIRECTION('',(-0.,-0.,-1.));
#8544 = DIRECTION('',(-0.,-1.,0.));
#8545 = MANIFOLD_SOLID_BREP('',#8546);
#8546 = CLOSED_SHELL('',(#8547,#8580,#8600,#8620));
#8547 = ADVANCED_FACE('',(#8548),#8575,.T.);
#8548 = FACE_BOUND('',#8549,.F.);
#8549 = EDGE_LOOP('',(#8550,#8560,#8567,#8568));
#8550 = ORIENTED_EDGE('',*,*,#8551,.T.);
#8551 = EDGE_CURVE('',#8552,#8554,#8556,.T.);
#8552 = VERTEX_POINT('',#8553);
#8553 = CARTESIAN_POINT('',(195.072,-65.729,-4.E-02));
#8554 = VERTEX_POINT('',#8555);
#8555 = CARTESIAN_POINT('',(195.072,-65.729,1.55));
#8556 = LINE('',#8557,#8558);
#8557 = CARTESIAN_POINT('',(195.072,-65.729,-4.E-02));
#8558 = VECTOR('',#8559,1.);
#8559 = DIRECTION('',(0.,0.,1.));
#8560 = ORIENTED_EDGE('',*,*,#8561,.T.);
#8561 = EDGE_CURVE('',#8554,#8554,#8562,.T.);
#8562 = CIRCLE('',#8563,0.4445);
#8563 = AXIS2_PLACEMENT_3D('',#8564,#8565,#8566);
#8564 = CARTESIAN_POINT('',(195.072,-65.2845,1.55));
#8565 = DIRECTION('',(0.,0.,1.));
#8566 = DIRECTION('',(-0.,-1.,0.));
#8567 = ORIENTED_EDGE('',*,*,#8551,.F.);
#8568 = ORIENTED_EDGE('',*,*,#8569,.F.);
#8569 = EDGE_CURVE('',#8552,#8552,#8570,.T.);
#8570 = CIRCLE('',#8571,0.4445);
#8571 = AXIS2_PLACEMENT_3D('',#8572,#8573,#8574);
#8572 = CARTESIAN_POINT('',(195.072,-65.2845,-4.E-02));
#8573 = DIRECTION('',(0.,0.,1.));
#8574 = DIRECTION('',(-0.,-1.,0.));
#8575 = CYLINDRICAL_SURFACE('',#8576,0.4445);
#8576 = AXIS2_PLACEMENT_3D('',#8577,#8578,#8579);
#8577 = CARTESIAN_POINT('',(195.072,-65.2845,-4.E-02));
#8578 = DIRECTION('',(-0.,-0.,-1.));
#8579 = DIRECTION('',(-0.,-1.,0.));
#8580 = ADVANCED_FACE('',(#8581,#8584),#8595,.F.);
#8581 = FACE_BOUND('',#8582,.F.);
#8582 = EDGE_LOOP('',(#8583));
#8583 = ORIENTED_EDGE('',*,*,#8569,.T.);
#8584 = FACE_BOUND('',#8585,.F.);
#8585 = EDGE_LOOP('',(#8586));
#8586 = ORIENTED_EDGE('',*,*,#8587,.T.);
#8587 = EDGE_CURVE('',#8588,#8588,#8590,.T.);
#8588 = VERTEX_POINT('',#8589);
#8589 = CARTESIAN_POINT('',(195.072,-65.704,-4.E-02));
#8590 = CIRCLE('',#8591,0.4195);
#8591 = AXIS2_PLACEMENT_3D('',#8592,#8593,#8594);
#8592 = CARTESIAN_POINT('',(195.072,-65.2845,-4.E-02));
#8593 = DIRECTION('',(-0.,0.,-1.));
#8594 = DIRECTION('',(-0.,-1.,0.));
#8595 = PLANE('',#8596);
#8596 = AXIS2_PLACEMENT_3D('',#8597,#8598,#8599);
#8597 = CARTESIAN_POINT('',(195.072,-65.729,-4.E-02));
#8598 = DIRECTION('',(0.,0.,1.));
#8599 = DIRECTION('',(1.,0.,-0.));
#8600 = ADVANCED_FACE('',(#8601,#8604),#8615,.T.);
#8601 = FACE_BOUND('',#8602,.T.);
#8602 = EDGE_LOOP('',(#8603));
#8603 = ORIENTED_EDGE('',*,*,#8561,.T.);
#8604 = FACE_BOUND('',#8605,.T.);
#8605 = EDGE_LOOP('',(#8606));
#8606 = ORIENTED_EDGE('',*,*,#8607,.T.);
#8607 = EDGE_CURVE('',#8608,#8608,#8610,.T.);
#8608 = VERTEX_POINT('',#8609);
#8609 = CARTESIAN_POINT('',(195.072,-65.704,1.55));
#8610 = CIRCLE('',#8611,0.4195);
#8611 = AXIS2_PLACEMENT_3D('',#8612,#8613,#8614);
#8612 = CARTESIAN_POINT('',(195.072,-65.2845,1.55));
#8613 = DIRECTION('',(-0.,0.,-1.));
#8614 = DIRECTION('',(-0.,-1.,0.));
#8615 = PLANE('',#8616);
#8616 = AXIS2_PLACEMENT_3D('',#8617,#8618,#8619);
#8617 = CARTESIAN_POINT('',(195.072,-65.729,1.55));
#8618 = DIRECTION('',(0.,0.,1.));
#8619 = DIRECTION('',(1.,0.,-0.));
#8620 = ADVANCED_FACE('',(#8621),#8632,.F.);
#8621 = FACE_BOUND('',#8622,.T.);
#8622 = EDGE_LOOP('',(#8623,#8624,#8630,#8631));
#8623 = ORIENTED_EDGE('',*,*,#8587,.T.);
#8624 = ORIENTED_EDGE('',*,*,#8625,.T.);
#8625 = EDGE_CURVE('',#8588,#8608,#8626,.T.);
#8626 = LINE('',#8627,#8628);
#8627 = CARTESIAN_POINT('',(195.072,-65.704,-4.6E-02));
#8628 = VECTOR('',#8629,1.);
#8629 = DIRECTION('',(0.,0.,1.));
#8630 = ORIENTED_EDGE('',*,*,#8607,.F.);
#8631 = ORIENTED_EDGE('',*,*,#8625,.F.);
#8632 = CYLINDRICAL_SURFACE('',#8633,0.4195);
#8633 = AXIS2_PLACEMENT_3D('',#8634,#8635,#8636);
#8634 = CARTESIAN_POINT('',(195.072,-65.2845,-4.6E-02));
#8635 = DIRECTION('',(-0.,-0.,-1.));
#8636 = DIRECTION('',(-0.,-1.,0.));
#8637 = MANIFOLD_SOLID_BREP('',#8638);
#8638 = CLOSED_SHELL('',(#8639,#8679,#8710,#8741,#8763,#8775));
#8639 = ADVANCED_FACE('',(#8640),#8674,.T.);
#8640 = FACE_BOUND('',#8641,.T.);
#8641 = EDGE_LOOP('',(#8642,#8652,#8660,#8668));
#8642 = ORIENTED_EDGE('',*,*,#8643,.T.);
#8643 = EDGE_CURVE('',#8644,#8646,#8648,.T.);
#8644 = VERTEX_POINT('',#8645);
#8645 = CARTESIAN_POINT('',(185.608,-65.8095,1.51));
#8646 = VERTEX_POINT('',#8647);
#8647 = CARTESIAN_POINT('',(185.608,-65.8095,1.55));
#8648 = LINE('',#8649,#8650);
#8649 = CARTESIAN_POINT('',(185.608,-65.8095,1.51));
#8650 = VECTOR('',#8651,1.);
#8651 = DIRECTION('',(0.,0.,1.));
#8652 = ORIENTED_EDGE('',*,*,#8653,.T.);
#8653 = EDGE_CURVE('',#8646,#8654,#8656,.T.);
#8654 = VERTEX_POINT('',#8655);
#8655 = CARTESIAN_POINT('',(185.608,-64.9595,1.55));
#8656 = LINE('',#8657,#8658);
#8657 = CARTESIAN_POINT('',(185.608,-65.8095,1.55));
#8658 = VECTOR('',#8659,1.);
#8659 = DIRECTION('',(0.,1.,0.));
#8660 = ORIENTED_EDGE('',*,*,#8661,.F.);
#8661 = EDGE_CURVE('',#8662,#8654,#8664,.T.);
#8662 = VERTEX_POINT('',#8663);
#8663 = CARTESIAN_POINT('',(185.608,-64.9595,1.51));
#8664 = LINE('',#8665,#8666);
#8665 = CARTESIAN_POINT('',(185.608,-64.9595,1.51));
#8666 = VECTOR('',#8667,1.);
#8667 = DIRECTION('',(0.,0.,1.));
#8668 = ORIENTED_EDGE('',*,*,#8669,.F.);
#8669 = EDGE_CURVE('',#8644,#8662,#8670,.T.);
#8670 = LINE('',#8671,#8672);
#8671 = CARTESIAN_POINT('',(185.608,-65.8095,1.51));
#8672 = VECTOR('',#8673,1.);
#8673 = DIRECTION('',(0.,1.,0.));
#8674 = PLANE('',#8675);
#8675 = AXIS2_PLACEMENT_3D('',#8676,#8677,#8678);
#8676 = CARTESIAN_POINT('',(185.608,-65.8095,1.51));
#8677 = DIRECTION('',(-1.,0.,0.));
#8678 = DIRECTION('',(0.,1.,0.));
#8679 = ADVANCED_FACE('',(#8680),#8705,.T.);
#8680 = FACE_BOUND('',#8681,.T.);
#8681 = EDGE_LOOP('',(#8682,#8683,#8691,#8699));
#8682 = ORIENTED_EDGE('',*,*,#8661,.T.);
#8683 = ORIENTED_EDGE('',*,*,#8684,.T.);
#8684 = EDGE_CURVE('',#8654,#8685,#8687,.T.);
#8685 = VERTEX_POINT('',#8686);
#8686 = CARTESIAN_POINT('',(187.208,-64.9595,1.55));
#8687 = LINE('',#8688,#8689);
#8688 = CARTESIAN_POINT('',(185.608,-64.9595,1.55));
#8689 = VECTOR('',#8690,1.);
#8690 = DIRECTION('',(1.,0.,0.));
#8691 = ORIENTED_EDGE('',*,*,#8692,.F.);
#8692 = EDGE_CURVE('',#8693,#8685,#8695,.T.);
#8693 = VERTEX_POINT('',#8694);
#8694 = CARTESIAN_POINT('',(187.208,-64.9595,1.51));
#8695 = LINE('',#8696,#8697);
#8696 = CARTESIAN_POINT('',(187.208,-64.9595,1.51));
#8697 = VECTOR('',#8698,1.);
#8698 = DIRECTION('',(0.,0.,1.));
#8699 = ORIENTED_EDGE('',*,*,#8700,.F.);
#8700 = EDGE_CURVE('',#8662,#8693,#8701,.T.);
#8701 = LINE('',#8702,#8703);
#8702 = CARTESIAN_POINT('',(185.608,-64.9595,1.51));
#8703 = VECTOR('',#8704,1.);
#8704 = DIRECTION('',(1.,0.,0.));
#8705 = PLANE('',#8706);
#8706 = AXIS2_PLACEMENT_3D('',#8707,#8708,#8709);
#8707 = CARTESIAN_POINT('',(185.608,-64.9595,1.51));
#8708 = DIRECTION('',(0.,1.,0.));
#8709 = DIRECTION('',(1.,0.,0.));
#8710 = ADVANCED_FACE('',(#8711),#8736,.T.);
#8711 = FACE_BOUND('',#8712,.T.);
#8712 = EDGE_LOOP('',(#8713,#8714,#8722,#8730));
#8713 = ORIENTED_EDGE('',*,*,#8692,.T.);
#8714 = ORIENTED_EDGE('',*,*,#8715,.T.);
#8715 = EDGE_CURVE('',#8685,#8716,#8718,.T.);
#8716 = VERTEX_POINT('',#8717);
#8717 = CARTESIAN_POINT('',(187.208,-65.8095,1.55));
#8718 = LINE('',#8719,#8720);
#8719 = CARTESIAN_POINT('',(187.208,-64.9595,1.55));
#8720 = VECTOR('',#8721,1.);
#8721 = DIRECTION('',(0.,-1.,0.));
#8722 = ORIENTED_EDGE('',*,*,#8723,.F.);
#8723 = EDGE_CURVE('',#8724,#8716,#8726,.T.);
#8724 = VERTEX_POINT('',#8725);
#8725 = CARTESIAN_POINT('',(187.208,-65.8095,1.51));
#8726 = LINE('',#8727,#8728);
#8727 = CARTESIAN_POINT('',(187.208,-65.8095,1.51));
#8728 = VECTOR('',#8729,1.);
#8729 = DIRECTION('',(0.,0.,1.));
#8730 = ORIENTED_EDGE('',*,*,#8731,.F.);
#8731 = EDGE_CURVE('',#8693,#8724,#8732,.T.);
#8732 = LINE('',#8733,#8734);
#8733 = CARTESIAN_POINT('',(187.208,-64.9595,1.51));
#8734 = VECTOR('',#8735,1.);
#8735 = DIRECTION('',(0.,-1.,0.));
#8736 = PLANE('',#8737);
#8737 = AXIS2_PLACEMENT_3D('',#8738,#8739,#8740);
#8738 = CARTESIAN_POINT('',(187.208,-64.9595,1.51));
#8739 = DIRECTION('',(1.,0.,-0.));
#8740 = DIRECTION('',(0.,-1.,0.));
#8741 = ADVANCED_FACE('',(#8742),#8758,.T.);
#8742 = FACE_BOUND('',#8743,.T.);
#8743 = EDGE_LOOP('',(#8744,#8745,#8751,#8752));
#8744 = ORIENTED_EDGE('',*,*,#8723,.T.);
#8745 = ORIENTED_EDGE('',*,*,#8746,.T.);
#8746 = EDGE_CURVE('',#8716,#8646,#8747,.T.);
#8747 = LINE('',#8748,#8749);
#8748 = CARTESIAN_POINT('',(187.208,-65.8095,1.55));
#8749 = VECTOR('',#8750,1.);
#8750 = DIRECTION('',(-1.,0.,0.));
#8751 = ORIENTED_EDGE('',*,*,#8643,.F.);
#8752 = ORIENTED_EDGE('',*,*,#8753,.F.);
#8753 = EDGE_CURVE('',#8724,#8644,#8754,.T.);
#8754 = LINE('',#8755,#8756);
#8755 = CARTESIAN_POINT('',(187.208,-65.8095,1.51));
#8756 = VECTOR('',#8757,1.);
#8757 = DIRECTION('',(-1.,0.,0.));
#8758 = PLANE('',#8759);
#8759 = AXIS2_PLACEMENT_3D('',#8760,#8761,#8762);
#8760 = CARTESIAN_POINT('',(187.208,-65.8095,1.51));
#8761 = DIRECTION('',(0.,-1.,0.));
#8762 = DIRECTION('',(-1.,0.,0.));
#8763 = ADVANCED_FACE('',(#8764),#8770,.F.);
#8764 = FACE_BOUND('',#8765,.T.);
#8765 = EDGE_LOOP('',(#8766,#8767,#8768,#8769));
#8766 = ORIENTED_EDGE('',*,*,#8669,.T.);
#8767 = ORIENTED_EDGE('',*,*,#8700,.T.);
#8768 = ORIENTED_EDGE('',*,*,#8731,.T.);
#8769 = ORIENTED_EDGE('',*,*,#8753,.T.);
#8770 = PLANE('',#8771);
#8771 = AXIS2_PLACEMENT_3D('',#8772,#8773,#8774);
#8772 = CARTESIAN_POINT('',(0.,0.,1.51));
#8773 = DIRECTION('',(0.,0.,1.));
#8774 = DIRECTION('',(1.,0.,-0.));
#8775 = ADVANCED_FACE('',(#8776),#8782,.T.);
#8776 = FACE_BOUND('',#8777,.F.);
#8777 = EDGE_LOOP('',(#8778,#8779,#8780,#8781));
#8778 = ORIENTED_EDGE('',*,*,#8653,.T.);
#8779 = ORIENTED_EDGE('',*,*,#8684,.T.);
#8780 = ORIENTED_EDGE('',*,*,#8715,.T.);
#8781 = ORIENTED_EDGE('',*,*,#8746,.T.);
#8782 = PLANE('',#8783);
#8783 = AXIS2_PLACEMENT_3D('',#8784,#8785,#8786);
#8784 = CARTESIAN_POINT('',(0.,0.,1.55));
#8785 = DIRECTION('',(0.,0.,1.));
#8786 = DIRECTION('',(1.,0.,-0.));
#8787 = MANIFOLD_SOLID_BREP('',#8788);
#8788 = CLOSED_SHELL('',(#8789,#8829,#8860,#8891,#8913,#8925));
#8789 = ADVANCED_FACE('',(#8790),#8824,.T.);
#8790 = FACE_BOUND('',#8791,.T.);
#8791 = EDGE_LOOP('',(#8792,#8802,#8810,#8818));
#8792 = ORIENTED_EDGE('',*,*,#8793,.T.);
#8793 = EDGE_CURVE('',#8794,#8796,#8798,.T.);
#8794 = VERTEX_POINT('',#8795);
#8795 = CARTESIAN_POINT('',(147.099,-66.0775,1.51));
#8796 = VERTEX_POINT('',#8797);
#8797 = CARTESIAN_POINT('',(147.099,-66.0775,1.55));
#8798 = LINE('',#8799,#8800);
#8799 = CARTESIAN_POINT('',(147.099,-66.0775,1.51));
#8800 = VECTOR('',#8801,1.);
#8801 = DIRECTION('',(0.,0.,1.));
#8802 = ORIENTED_EDGE('',*,*,#8803,.T.);
#8803 = EDGE_CURVE('',#8796,#8804,#8806,.T.);
#8804 = VERTEX_POINT('',#8805);
#8805 = CARTESIAN_POINT('',(147.099,-65.2275,1.55));
#8806 = LINE('',#8807,#8808);
#8807 = CARTESIAN_POINT('',(147.099,-66.0775,1.55));
#8808 = VECTOR('',#8809,1.);
#8809 = DIRECTION('',(0.,1.,0.));
#8810 = ORIENTED_EDGE('',*,*,#8811,.F.);
#8811 = EDGE_CURVE('',#8812,#8804,#8814,.T.);
#8812 = VERTEX_POINT('',#8813);
#8813 = CARTESIAN_POINT('',(147.099,-65.2275,1.51));
#8814 = LINE('',#8815,#8816);
#8815 = CARTESIAN_POINT('',(147.099,-65.2275,1.51));
#8816 = VECTOR('',#8817,1.);
#8817 = DIRECTION('',(0.,0.,1.));
#8818 = ORIENTED_EDGE('',*,*,#8819,.F.);
#8819 = EDGE_CURVE('',#8794,#8812,#8820,.T.);
#8820 = LINE('',#8821,#8822);
#8821 = CARTESIAN_POINT('',(147.099,-66.0775,1.51));
#8822 = VECTOR('',#8823,1.);
#8823 = DIRECTION('',(0.,1.,0.));
#8824 = PLANE('',#8825);
#8825 = AXIS2_PLACEMENT_3D('',#8826,#8827,#8828);
#8826 = CARTESIAN_POINT('',(147.099,-66.0775,1.51));
#8827 = DIRECTION('',(-1.,0.,0.));
#8828 = DIRECTION('',(0.,1.,0.));
#8829 = ADVANCED_FACE('',(#8830),#8855,.T.);
#8830 = FACE_BOUND('',#8831,.T.);
#8831 = EDGE_LOOP('',(#8832,#8833,#8841,#8849));
#8832 = ORIENTED_EDGE('',*,*,#8811,.T.);
#8833 = ORIENTED_EDGE('',*,*,#8834,.T.);
#8834 = EDGE_CURVE('',#8804,#8835,#8837,.T.);
#8835 = VERTEX_POINT('',#8836);
#8836 = CARTESIAN_POINT('',(148.699,-65.2275,1.55));
#8837 = LINE('',#8838,#8839);
#8838 = CARTESIAN_POINT('',(147.099,-65.2275,1.55));
#8839 = VECTOR('',#8840,1.);
#8840 = DIRECTION('',(1.,0.,0.));
#8841 = ORIENTED_EDGE('',*,*,#8842,.F.);
#8842 = EDGE_CURVE('',#8843,#8835,#8845,.T.);
#8843 = VERTEX_POINT('',#8844);
#8844 = CARTESIAN_POINT('',(148.699,-65.2275,1.51));
#8845 = LINE('',#8846,#8847);
#8846 = CARTESIAN_POINT('',(148.699,-65.2275,1.51));
#8847 = VECTOR('',#8848,1.);
#8848 = DIRECTION('',(0.,0.,1.));
#8849 = ORIENTED_EDGE('',*,*,#8850,.F.);
#8850 = EDGE_CURVE('',#8812,#8843,#8851,.T.);
#8851 = LINE('',#8852,#8853);
#8852 = CARTESIAN_POINT('',(147.099,-65.2275,1.51));
#8853 = VECTOR('',#8854,1.);
#8854 = DIRECTION('',(1.,0.,0.));
#8855 = PLANE('',#8856);
#8856 = AXIS2_PLACEMENT_3D('',#8857,#8858,#8859);
#8857 = CARTESIAN_POINT('',(147.099,-65.2275,1.51));
#8858 = DIRECTION('',(0.,1.,0.));
#8859 = DIRECTION('',(1.,0.,0.));
#8860 = ADVANCED_FACE('',(#8861),#8886,.T.);
#8861 = FACE_BOUND('',#8862,.T.);
#8862 = EDGE_LOOP('',(#8863,#8864,#8872,#8880));
#8863 = ORIENTED_EDGE('',*,*,#8842,.T.);
#8864 = ORIENTED_EDGE('',*,*,#8865,.T.);
#8865 = EDGE_CURVE('',#8835,#8866,#8868,.T.);
#8866 = VERTEX_POINT('',#8867);
#8867 = CARTESIAN_POINT('',(148.699,-66.0775,1.55));
#8868 = LINE('',#8869,#8870);
#8869 = CARTESIAN_POINT('',(148.699,-65.2275,1.55));
#8870 = VECTOR('',#8871,1.);
#8871 = DIRECTION('',(0.,-1.,0.));
#8872 = ORIENTED_EDGE('',*,*,#8873,.F.);
#8873 = EDGE_CURVE('',#8874,#8866,#8876,.T.);
#8874 = VERTEX_POINT('',#8875);
#8875 = CARTESIAN_POINT('',(148.699,-66.0775,1.51));
#8876 = LINE('',#8877,#8878);
#8877 = CARTESIAN_POINT('',(148.699,-66.0775,1.51));
#8878 = VECTOR('',#8879,1.);
#8879 = DIRECTION('',(0.,0.,1.));
#8880 = ORIENTED_EDGE('',*,*,#8881,.F.);
#8881 = EDGE_CURVE('',#8843,#8874,#8882,.T.);
#8882 = LINE('',#8883,#8884);
#8883 = CARTESIAN_POINT('',(148.699,-65.2275,1.51));
#8884 = VECTOR('',#8885,1.);
#8885 = DIRECTION('',(0.,-1.,0.));
#8886 = PLANE('',#8887);
#8887 = AXIS2_PLACEMENT_3D('',#8888,#8889,#8890);
#8888 = CARTESIAN_POINT('',(148.699,-65.2275,1.51));
#8889 = DIRECTION('',(1.,0.,-0.));
#8890 = DIRECTION('',(0.,-1.,0.));
#8891 = ADVANCED_FACE('',(#8892),#8908,.T.);
#8892 = FACE_BOUND('',#8893,.T.);
#8893 = EDGE_LOOP('',(#8894,#8895,#8901,#8902));
#8894 = ORIENTED_EDGE('',*,*,#8873,.T.);
#8895 = ORIENTED_EDGE('',*,*,#8896,.T.);
#8896 = EDGE_CURVE('',#8866,#8796,#8897,.T.);
#8897 = LINE('',#8898,#8899);
#8898 = CARTESIAN_POINT('',(148.699,-66.0775,1.55));
#8899 = VECTOR('',#8900,1.);
#8900 = DIRECTION('',(-1.,0.,0.));
#8901 = ORIENTED_EDGE('',*,*,#8793,.F.);
#8902 = ORIENTED_EDGE('',*,*,#8903,.F.);
#8903 = EDGE_CURVE('',#8874,#8794,#8904,.T.);
#8904 = LINE('',#8905,#8906);
#8905 = CARTESIAN_POINT('',(148.699,-66.0775,1.51));
#8906 = VECTOR('',#8907,1.);
#8907 = DIRECTION('',(-1.,0.,0.));
#8908 = PLANE('',#8909);
#8909 = AXIS2_PLACEMENT_3D('',#8910,#8911,#8912);
#8910 = CARTESIAN_POINT('',(148.699,-66.0775,1.51));
#8911 = DIRECTION('',(0.,-1.,0.));
#8912 = DIRECTION('',(-1.,0.,0.));
#8913 = ADVANCED_FACE('',(#8914),#8920,.F.);
#8914 = FACE_BOUND('',#8915,.T.);
#8915 = EDGE_LOOP('',(#8916,#8917,#8918,#8919));
#8916 = ORIENTED_EDGE('',*,*,#8819,.T.);
#8917 = ORIENTED_EDGE('',*,*,#8850,.T.);
#8918 = ORIENTED_EDGE('',*,*,#8881,.T.);
#8919 = ORIENTED_EDGE('',*,*,#8903,.T.);
#8920 = PLANE('',#8921);
#8921 = AXIS2_PLACEMENT_3D('',#8922,#8923,#8924);
#8922 = CARTESIAN_POINT('',(0.,0.,1.51));
#8923 = DIRECTION('',(0.,0.,1.));
#8924 = DIRECTION('',(1.,0.,-0.));
#8925 = ADVANCED_FACE('',(#8926),#8932,.T.);
#8926 = FACE_BOUND('',#8927,.F.);
#8927 = EDGE_LOOP('',(#8928,#8929,#8930,#8931));
#8928 = ORIENTED_EDGE('',*,*,#8803,.T.);
#8929 = ORIENTED_EDGE('',*,*,#8834,.T.);
#8930 = ORIENTED_EDGE('',*,*,#8865,.T.);
#8931 = ORIENTED_EDGE('',*,*,#8896,.T.);
#8932 = PLANE('',#8933);
#8933 = AXIS2_PLACEMENT_3D('',#8934,#8935,#8936);
#8934 = CARTESIAN_POINT('',(0.,0.,1.55));
#8935 = DIRECTION('',(0.,0.,1.));
#8936 = DIRECTION('',(1.,0.,-0.));
#8937 = MANIFOLD_SOLID_BREP('',#8938);
#8938 = CLOSED_SHELL('',(#8939,#8979,#9010,#9041,#9063,#9075));
#8939 = ADVANCED_FACE('',(#8940),#8974,.T.);
#8940 = FACE_BOUND('',#8941,.T.);
#8941 = EDGE_LOOP('',(#8942,#8952,#8960,#8968));
#8942 = ORIENTED_EDGE('',*,*,#8943,.T.);
#8943 = EDGE_CURVE('',#8944,#8946,#8948,.T.);
#8944 = VERTEX_POINT('',#8945);
#8945 = CARTESIAN_POINT('',(182.108,-64.0595,1.51));
#8946 = VERTEX_POINT('',#8947);
#8947 = CARTESIAN_POINT('',(182.108,-64.0595,1.55));
#8948 = LINE('',#8949,#8950);
#8949 = CARTESIAN_POINT('',(182.108,-64.0595,1.51));
#8950 = VECTOR('',#8951,1.);
#8951 = DIRECTION('',(0.,0.,1.));
#8952 = ORIENTED_EDGE('',*,*,#8953,.T.);
#8953 = EDGE_CURVE('',#8946,#8954,#8956,.T.);
#8954 = VERTEX_POINT('',#8955);
#8955 = CARTESIAN_POINT('',(182.108,-63.2095,1.55));
#8956 = LINE('',#8957,#8958);
#8957 = CARTESIAN_POINT('',(182.108,-64.0595,1.55));
#8958 = VECTOR('',#8959,1.);
#8959 = DIRECTION('',(0.,1.,0.));
#8960 = ORIENTED_EDGE('',*,*,#8961,.F.);
#8961 = EDGE_CURVE('',#8962,#8954,#8964,.T.);
#8962 = VERTEX_POINT('',#8963);
#8963 = CARTESIAN_POINT('',(182.108,-63.2095,1.51));
#8964 = LINE('',#8965,#8966);
#8965 = CARTESIAN_POINT('',(182.108,-63.2095,1.51));
#8966 = VECTOR('',#8967,1.);
#8967 = DIRECTION('',(0.,0.,1.));
#8968 = ORIENTED_EDGE('',*,*,#8969,.F.);
#8969 = EDGE_CURVE('',#8944,#8962,#8970,.T.);
#8970 = LINE('',#8971,#8972);
#8971 = CARTESIAN_POINT('',(182.108,-64.0595,1.51));
#8972 = VECTOR('',#8973,1.);
#8973 = DIRECTION('',(0.,1.,0.));
#8974 = PLANE('',#8975);
#8975 = AXIS2_PLACEMENT_3D('',#8976,#8977,#8978);
#8976 = CARTESIAN_POINT('',(182.108,-64.0595,1.51));
#8977 = DIRECTION('',(-1.,0.,0.));
#8978 = DIRECTION('',(0.,1.,0.));
#8979 = ADVANCED_FACE('',(#8980),#9005,.T.);
#8980 = FACE_BOUND('',#8981,.T.);
#8981 = EDGE_LOOP('',(#8982,#8983,#8991,#8999));
#8982 = ORIENTED_EDGE('',*,*,#8961,.T.);
#8983 = ORIENTED_EDGE('',*,*,#8984,.T.);
#8984 = EDGE_CURVE('',#8954,#8985,#8987,.T.);
#8985 = VERTEX_POINT('',#8986);
#8986 = CARTESIAN_POINT('',(183.708,-63.2095,1.55));
#8987 = LINE('',#8988,#8989);
#8988 = CARTESIAN_POINT('',(182.108,-63.2095,1.55));
#8989 = VECTOR('',#8990,1.);
#8990 = DIRECTION('',(1.,0.,0.));
#8991 = ORIENTED_EDGE('',*,*,#8992,.F.);
#8992 = EDGE_CURVE('',#8993,#8985,#8995,.T.);
#8993 = VERTEX_POINT('',#8994);
#8994 = CARTESIAN_POINT('',(183.708,-63.2095,1.51));
#8995 = LINE('',#8996,#8997);
#8996 = CARTESIAN_POINT('',(183.708,-63.2095,1.51));
#8997 = VECTOR('',#8998,1.);
#8998 = DIRECTION('',(0.,0.,1.));
#8999 = ORIENTED_EDGE('',*,*,#9000,.F.);
#9000 = EDGE_CURVE('',#8962,#8993,#9001,.T.);
#9001 = LINE('',#9002,#9003);
#9002 = CARTESIAN_POINT('',(182.108,-63.2095,1.51));
#9003 = VECTOR('',#9004,1.);
#9004 = DIRECTION('',(1.,0.,0.));
#9005 = PLANE('',#9006);
#9006 = AXIS2_PLACEMENT_3D('',#9007,#9008,#9009);
#9007 = CARTESIAN_POINT('',(182.108,-63.2095,1.51));
#9008 = DIRECTION('',(0.,1.,0.));
#9009 = DIRECTION('',(1.,0.,0.));
#9010 = ADVANCED_FACE('',(#9011),#9036,.T.);
#9011 = FACE_BOUND('',#9012,.T.);
#9012 = EDGE_LOOP('',(#9013,#9014,#9022,#9030));
#9013 = ORIENTED_EDGE('',*,*,#8992,.T.);
#9014 = ORIENTED_EDGE('',*,*,#9015,.T.);
#9015 = EDGE_CURVE('',#8985,#9016,#9018,.T.);
#9016 = VERTEX_POINT('',#9017);
#9017 = CARTESIAN_POINT('',(183.708,-64.0595,1.55));
#9018 = LINE('',#9019,#9020);
#9019 = CARTESIAN_POINT('',(183.708,-63.2095,1.55));
#9020 = VECTOR('',#9021,1.);
#9021 = DIRECTION('',(0.,-1.,0.));
#9022 = ORIENTED_EDGE('',*,*,#9023,.F.);
#9023 = EDGE_CURVE('',#9024,#9016,#9026,.T.);
#9024 = VERTEX_POINT('',#9025);
#9025 = CARTESIAN_POINT('',(183.708,-64.0595,1.51));
#9026 = LINE('',#9027,#9028);
#9027 = CARTESIAN_POINT('',(183.708,-64.0595,1.51));
#9028 = VECTOR('',#9029,1.);
#9029 = DIRECTION('',(0.,0.,1.));
#9030 = ORIENTED_EDGE('',*,*,#9031,.F.);
#9031 = EDGE_CURVE('',#8993,#9024,#9032,.T.);
#9032 = LINE('',#9033,#9034);
#9033 = CARTESIAN_POINT('',(183.708,-63.2095,1.51));
#9034 = VECTOR('',#9035,1.);
#9035 = DIRECTION('',(0.,-1.,0.));
#9036 = PLANE('',#9037);
#9037 = AXIS2_PLACEMENT_3D('',#9038,#9039,#9040);
#9038 = CARTESIAN_POINT('',(183.708,-63.2095,1.51));
#9039 = DIRECTION('',(1.,0.,-0.));
#9040 = DIRECTION('',(0.,-1.,0.));
#9041 = ADVANCED_FACE('',(#9042),#9058,.T.);
#9042 = FACE_BOUND('',#9043,.T.);
#9043 = EDGE_LOOP('',(#9044,#9045,#9051,#9052));
#9044 = ORIENTED_EDGE('',*,*,#9023,.T.);
#9045 = ORIENTED_EDGE('',*,*,#9046,.T.);
#9046 = EDGE_CURVE('',#9016,#8946,#9047,.T.);
#9047 = LINE('',#9048,#9049);
#9048 = CARTESIAN_POINT('',(183.708,-64.0595,1.55));
#9049 = VECTOR('',#9050,1.);
#9050 = DIRECTION('',(-1.,0.,0.));
#9051 = ORIENTED_EDGE('',*,*,#8943,.F.);
#9052 = ORIENTED_EDGE('',*,*,#9053,.F.);
#9053 = EDGE_CURVE('',#9024,#8944,#9054,.T.);
#9054 = LINE('',#9055,#9056);
#9055 = CARTESIAN_POINT('',(183.708,-64.0595,1.51));
#9056 = VECTOR('',#9057,1.);
#9057 = DIRECTION('',(-1.,0.,0.));
#9058 = PLANE('',#9059);
#9059 = AXIS2_PLACEMENT_3D('',#9060,#9061,#9062);
#9060 = CARTESIAN_POINT('',(183.708,-64.0595,1.51));
#9061 = DIRECTION('',(0.,-1.,0.));
#9062 = DIRECTION('',(-1.,0.,0.));
#9063 = ADVANCED_FACE('',(#9064),#9070,.F.);
#9064 = FACE_BOUND('',#9065,.T.);
#9065 = EDGE_LOOP('',(#9066,#9067,#9068,#9069));
#9066 = ORIENTED_EDGE('',*,*,#8969,.T.);
#9067 = ORIENTED_EDGE('',*,*,#9000,.T.);
#9068 = ORIENTED_EDGE('',*,*,#9031,.T.);
#9069 = ORIENTED_EDGE('',*,*,#9053,.T.);
#9070 = PLANE('',#9071);
#9071 = AXIS2_PLACEMENT_3D('',#9072,#9073,#9074);
#9072 = CARTESIAN_POINT('',(0.,0.,1.51));
#9073 = DIRECTION('',(0.,0.,1.));
#9074 = DIRECTION('',(1.,0.,-0.));
#9075 = ADVANCED_FACE('',(#9076),#9082,.T.);
#9076 = FACE_BOUND('',#9077,.F.);
#9077 = EDGE_LOOP('',(#9078,#9079,#9080,#9081));
#9078 = ORIENTED_EDGE('',*,*,#8953,.T.);
#9079 = ORIENTED_EDGE('',*,*,#8984,.T.);
#9080 = ORIENTED_EDGE('',*,*,#9015,.T.);
#9081 = ORIENTED_EDGE('',*,*,#9046,.T.);
#9082 = PLANE('',#9083);
#9083 = AXIS2_PLACEMENT_3D('',#9084,#9085,#9086);
#9084 = CARTESIAN_POINT('',(0.,0.,1.55));
#9085 = DIRECTION('',(0.,0.,1.));
#9086 = DIRECTION('',(1.,0.,-0.));
#9087 = MANIFOLD_SOLID_BREP('',#9088);
#9088 = CLOSED_SHELL('',(#9089,#9122,#9142,#9162));
#9089 = ADVANCED_FACE('',(#9090),#9117,.T.);
#9090 = FACE_BOUND('',#9091,.F.);
#9091 = EDGE_LOOP('',(#9092,#9102,#9109,#9110));
#9092 = ORIENTED_EDGE('',*,*,#9093,.T.);
#9093 = EDGE_CURVE('',#9094,#9096,#9098,.T.);
#9094 = VERTEX_POINT('',#9095);
#9095 = CARTESIAN_POINT('',(211.074,-70.3645,1.51));
#9096 = VERTEX_POINT('',#9097);
#9097 = CARTESIAN_POINT('',(211.074,-70.3645,1.55));
#9098 = LINE('',#9099,#9100);
#9099 = CARTESIAN_POINT('',(211.074,-70.3645,1.51));
#9100 = VECTOR('',#9101,1.);
#9101 = DIRECTION('',(0.,0.,1.));
#9102 = ORIENTED_EDGE('',*,*,#9103,.T.);
#9103 = EDGE_CURVE('',#9096,#9096,#9104,.T.);
#9104 = CIRCLE('',#9105,0.762);
#9105 = AXIS2_PLACEMENT_3D('',#9106,#9107,#9108);
#9106 = CARTESIAN_POINT('',(210.312,-70.3645,1.55));
#9107 = DIRECTION('',(0.,0.,1.));
#9108 = DIRECTION('',(1.,0.,-0.));
#9109 = ORIENTED_EDGE('',*,*,#9093,.F.);
#9110 = ORIENTED_EDGE('',*,*,#9111,.F.);
#9111 = EDGE_CURVE('',#9094,#9094,#9112,.T.);
#9112 = CIRCLE('',#9113,0.762);
#9113 = AXIS2_PLACEMENT_3D('',#9114,#9115,#9116);
#9114 = CARTESIAN_POINT('',(210.312,-70.3645,1.51));
#9115 = DIRECTION('',(0.,0.,1.));
#9116 = DIRECTION('',(1.,0.,-0.));
#9117 = CYLINDRICAL_SURFACE('',#9118,0.762);
#9118 = AXIS2_PLACEMENT_3D('',#9119,#9120,#9121);
#9119 = CARTESIAN_POINT('',(210.312,-70.3645,1.51));
#9120 = DIRECTION('',(-0.,-0.,-1.));
#9121 = DIRECTION('',(1.,0.,-0.));
#9122 = ADVANCED_FACE('',(#9123,#9126),#9137,.F.);
#9123 = FACE_BOUND('',#9124,.F.);
#9124 = EDGE_LOOP('',(#9125));
#9125 = ORIENTED_EDGE('',*,*,#9111,.T.);
#9126 = FACE_BOUND('',#9127,.F.);
#9127 = EDGE_LOOP('',(#9128));
#9128 = ORIENTED_EDGE('',*,*,#9129,.T.);
#9129 = EDGE_CURVE('',#9130,#9130,#9132,.T.);
#9130 = VERTEX_POINT('',#9131);
#9131 = CARTESIAN_POINT('',(210.312,-70.784,1.51));
#9132 = CIRCLE('',#9133,0.4195);
#9133 = AXIS2_PLACEMENT_3D('',#9134,#9135,#9136);
#9134 = CARTESIAN_POINT('',(210.312,-70.3645,1.51));
#9135 = DIRECTION('',(-0.,0.,-1.));
#9136 = DIRECTION('',(-0.,-1.,0.));
#9137 = PLANE('',#9138);
#9138 = AXIS2_PLACEMENT_3D('',#9139,#9140,#9141);
#9139 = CARTESIAN_POINT('',(0.,0.,1.51));
#9140 = DIRECTION('',(0.,0.,1.));
#9141 = DIRECTION('',(1.,0.,-0.));
#9142 = ADVANCED_FACE('',(#9143,#9146),#9157,.T.);
#9143 = FACE_BOUND('',#9144,.T.);
#9144 = EDGE_LOOP('',(#9145));
#9145 = ORIENTED_EDGE('',*,*,#9103,.T.);
#9146 = FACE_BOUND('',#9147,.T.);
#9147 = EDGE_LOOP('',(#9148));
#9148 = ORIENTED_EDGE('',*,*,#9149,.T.);
#9149 = EDGE_CURVE('',#9150,#9150,#9152,.T.);
#9150 = VERTEX_POINT('',#9151);
#9151 = CARTESIAN_POINT('',(210.312,-70.784,1.55));
#9152 = CIRCLE('',#9153,0.4195);
#9153 = AXIS2_PLACEMENT_3D('',#9154,#9155,#9156);
#9154 = CARTESIAN_POINT('',(210.312,-70.3645,1.55));
#9155 = DIRECTION('',(-0.,0.,-1.));
#9156 = DIRECTION('',(-0.,-1.,0.));
#9157 = PLANE('',#9158);
#9158 = AXIS2_PLACEMENT_3D('',#9159,#9160,#9161);
#9159 = CARTESIAN_POINT('',(0.,0.,1.55));
#9160 = DIRECTION('',(0.,0.,1.));
#9161 = DIRECTION('',(1.,0.,-0.));
#9162 = ADVANCED_FACE('',(#9163),#9174,.F.);
#9163 = FACE_BOUND('',#9164,.T.);
#9164 = EDGE_LOOP('',(#9165,#9166,#9172,#9173));
#9165 = ORIENTED_EDGE('',*,*,#9129,.T.);
#9166 = ORIENTED_EDGE('',*,*,#9167,.T.);
#9167 = EDGE_CURVE('',#9130,#9150,#9168,.T.);
#9168 = LINE('',#9169,#9170);
#9169 = CARTESIAN_POINT('',(210.312,-70.784,-4.6E-02));
#9170 = VECTOR('',#9171,1.);
#9171 = DIRECTION('',(0.,0.,1.));
#9172 = ORIENTED_EDGE('',*,*,#9149,.F.);
#9173 = ORIENTED_EDGE('',*,*,#9167,.F.);
#9174 = CYLINDRICAL_SURFACE('',#9175,0.4195);
#9175 = AXIS2_PLACEMENT_3D('',#9176,#9177,#9178);
#9176 = CARTESIAN_POINT('',(210.312,-70.3645,-4.6E-02));
#9177 = DIRECTION('',(-0.,-0.,-1.));
#9178 = DIRECTION('',(-0.,-1.,0.));
#9179 = MANIFOLD_SOLID_BREP('',#9180);
#9180 = CLOSED_SHELL('',(#9181,#9214,#9234,#9254));
#9181 = ADVANCED_FACE('',(#9182),#9209,.T.);
#9182 = FACE_BOUND('',#9183,.T.);
#9183 = EDGE_LOOP('',(#9184,#9194,#9201,#9202));
#9184 = ORIENTED_EDGE('',*,*,#9185,.T.);
#9185 = EDGE_CURVE('',#9186,#9188,#9190,.T.);
#9186 = VERTEX_POINT('',#9187);
#9187 = CARTESIAN_POINT('',(211.074,-70.3645,0.));
#9188 = VERTEX_POINT('',#9189);
#9189 = CARTESIAN_POINT('',(211.074,-70.3645,-4.E-02));
#9190 = LINE('',#9191,#9192);
#9191 = CARTESIAN_POINT('',(211.074,-70.3645,0.));
#9192 = VECTOR('',#9193,1.);
#9193 = DIRECTION('',(0.,0.,-1.));
#9194 = ORIENTED_EDGE('',*,*,#9195,.T.);
#9195 = EDGE_CURVE('',#9188,#9188,#9196,.T.);
#9196 = CIRCLE('',#9197,0.762);
#9197 = AXIS2_PLACEMENT_3D('',#9198,#9199,#9200);
#9198 = CARTESIAN_POINT('',(210.312,-70.3645,-4.E-02));
#9199 = DIRECTION('',(0.,0.,1.));
#9200 = DIRECTION('',(1.,0.,-0.));
#9201 = ORIENTED_EDGE('',*,*,#9185,.F.);
#9202 = ORIENTED_EDGE('',*,*,#9203,.F.);
#9203 = EDGE_CURVE('',#9186,#9186,#9204,.T.);
#9204 = CIRCLE('',#9205,0.762);
#9205 = AXIS2_PLACEMENT_3D('',#9206,#9207,#9208);
#9206 = CARTESIAN_POINT('',(210.312,-70.3645,0.));
#9207 = DIRECTION('',(0.,0.,1.));
#9208 = DIRECTION('',(1.,0.,-0.));
#9209 = CYLINDRICAL_SURFACE('',#9210,0.762);
#9210 = AXIS2_PLACEMENT_3D('',#9211,#9212,#9213);
#9211 = CARTESIAN_POINT('',(210.312,-70.3645,0.));
#9212 = DIRECTION('',(0.,0.,1.));
#9213 = DIRECTION('',(1.,0.,-0.));
#9214 = ADVANCED_FACE('',(#9215,#9218),#9229,.F.);
#9215 = FACE_BOUND('',#9216,.F.);
#9216 = EDGE_LOOP('',(#9217));
#9217 = ORIENTED_EDGE('',*,*,#9203,.F.);
#9218 = FACE_BOUND('',#9219,.F.);
#9219 = EDGE_LOOP('',(#9220));
#9220 = ORIENTED_EDGE('',*,*,#9221,.F.);
#9221 = EDGE_CURVE('',#9222,#9222,#9224,.T.);
#9222 = VERTEX_POINT('',#9223);
#9223 = CARTESIAN_POINT('',(210.312,-70.784,0.));
#9224 = CIRCLE('',#9225,0.4195);
#9225 = AXIS2_PLACEMENT_3D('',#9226,#9227,#9228);
#9226 = CARTESIAN_POINT('',(210.312,-70.3645,0.));
#9227 = DIRECTION('',(-0.,0.,-1.));
#9228 = DIRECTION('',(-0.,-1.,0.));
#9229 = PLANE('',#9230);
#9230 = AXIS2_PLACEMENT_3D('',#9231,#9232,#9233);
#9231 = CARTESIAN_POINT('',(0.,0.,0.));
#9232 = DIRECTION('',(-0.,-0.,-1.));
#9233 = DIRECTION('',(-1.,0.,0.));
#9234 = ADVANCED_FACE('',(#9235,#9238),#9249,.T.);
#9235 = FACE_BOUND('',#9236,.T.);
#9236 = EDGE_LOOP('',(#9237));
#9237 = ORIENTED_EDGE('',*,*,#9195,.F.);
#9238 = FACE_BOUND('',#9239,.T.);
#9239 = EDGE_LOOP('',(#9240));
#9240 = ORIENTED_EDGE('',*,*,#9241,.F.);
#9241 = EDGE_CURVE('',#9242,#9242,#9244,.T.);
#9242 = VERTEX_POINT('',#9243);
#9243 = CARTESIAN_POINT('',(210.312,-70.784,-4.E-02));
#9244 = CIRCLE('',#9245,0.4195);
#9245 = AXIS2_PLACEMENT_3D('',#9246,#9247,#9248);
#9246 = CARTESIAN_POINT('',(210.312,-70.3645,-4.E-02));
#9247 = DIRECTION('',(-0.,0.,-1.));
#9248 = DIRECTION('',(-0.,-1.,0.));
#9249 = PLANE('',#9250);
#9250 = AXIS2_PLACEMENT_3D('',#9251,#9252,#9253);
#9251 = CARTESIAN_POINT('',(0.,0.,-4.E-02));
#9252 = DIRECTION('',(-0.,-0.,-1.));
#9253 = DIRECTION('',(-1.,0.,0.));
#9254 = ADVANCED_FACE('',(#9255),#9266,.F.);
#9255 = FACE_BOUND('',#9256,.T.);
#9256 = EDGE_LOOP('',(#9257,#9258,#9264,#9265));
#9257 = ORIENTED_EDGE('',*,*,#9241,.T.);
#9258 = ORIENTED_EDGE('',*,*,#9259,.T.);
#9259 = EDGE_CURVE('',#9242,#9222,#9260,.T.);
#9260 = LINE('',#9261,#9262);
#9261 = CARTESIAN_POINT('',(210.312,-70.784,-4.6E-02));
#9262 = VECTOR('',#9263,1.);
#9263 = DIRECTION('',(0.,0.,1.));
#9264 = ORIENTED_EDGE('',*,*,#9221,.F.);
#9265 = ORIENTED_EDGE('',*,*,#9259,.F.);
#9266 = CYLINDRICAL_SURFACE('',#9267,0.4195);
#9267 = AXIS2_PLACEMENT_3D('',#9268,#9269,#9270);
#9268 = CARTESIAN_POINT('',(210.312,-70.3645,-4.6E-02));
#9269 = DIRECTION('',(-0.,-0.,-1.));
#9270 = DIRECTION('',(-0.,-1.,0.));
#9271 = MANIFOLD_SOLID_BREP('',#9272);
#9272 = CLOSED_SHELL('',(#9273,#9306,#9326,#9346));
#9273 = ADVANCED_FACE('',(#9274),#9301,.T.);
#9274 = FACE_BOUND('',#9275,.F.);
#9275 = EDGE_LOOP('',(#9276,#9286,#9293,#9294));
#9276 = ORIENTED_EDGE('',*,*,#9277,.T.);
#9277 = EDGE_CURVE('',#9278,#9280,#9282,.T.);
#9278 = VERTEX_POINT('',#9279);
#9279 = CARTESIAN_POINT('',(210.312,-70.809,-4.E-02));
#9280 = VERTEX_POINT('',#9281);
#9281 = CARTESIAN_POINT('',(210.312,-70.809,1.55));
#9282 = LINE('',#9283,#9284);
#9283 = CARTESIAN_POINT('',(210.312,-70.809,-4.E-02));
#9284 = VECTOR('',#9285,1.);
#9285 = DIRECTION('',(0.,0.,1.));
#9286 = ORIENTED_EDGE('',*,*,#9287,.T.);
#9287 = EDGE_CURVE('',#9280,#9280,#9288,.T.);
#9288 = CIRCLE('',#9289,0.4445);
#9289 = AXIS2_PLACEMENT_3D('',#9290,#9291,#9292);
#9290 = CARTESIAN_POINT('',(210.312,-70.3645,1.55));
#9291 = DIRECTION('',(0.,0.,1.));
#9292 = DIRECTION('',(-0.,-1.,0.));
#9293 = ORIENTED_EDGE('',*,*,#9277,.F.);
#9294 = ORIENTED_EDGE('',*,*,#9295,.F.);
#9295 = EDGE_CURVE('',#9278,#9278,#9296,.T.);
#9296 = CIRCLE('',#9297,0.4445);
#9297 = AXIS2_PLACEMENT_3D('',#9298,#9299,#9300);
#9298 = CARTESIAN_POINT('',(210.312,-70.3645,-4.E-02));
#9299 = DIRECTION('',(0.,0.,1.));
#9300 = DIRECTION('',(-0.,-1.,0.));
#9301 = CYLINDRICAL_SURFACE('',#9302,0.4445);
#9302 = AXIS2_PLACEMENT_3D('',#9303,#9304,#9305);
#9303 = CARTESIAN_POINT('',(210.312,-70.3645,-4.E-02));
#9304 = DIRECTION('',(-0.,-0.,-1.));
#9305 = DIRECTION('',(-0.,-1.,0.));
#9306 = ADVANCED_FACE('',(#9307,#9310),#9321,.F.);
#9307 = FACE_BOUND('',#9308,.F.);
#9308 = EDGE_LOOP('',(#9309));
#9309 = ORIENTED_EDGE('',*,*,#9295,.T.);
#9310 = FACE_BOUND('',#9311,.F.);
#9311 = EDGE_LOOP('',(#9312));
#9312 = ORIENTED_EDGE('',*,*,#9313,.T.);
#9313 = EDGE_CURVE('',#9314,#9314,#9316,.T.);
#9314 = VERTEX_POINT('',#9315);
#9315 = CARTESIAN_POINT('',(210.312,-70.784,-4.E-02));
#9316 = CIRCLE('',#9317,0.4195);
#9317 = AXIS2_PLACEMENT_3D('',#9318,#9319,#9320);
#9318 = CARTESIAN_POINT('',(210.312,-70.3645,-4.E-02));
#9319 = DIRECTION('',(-0.,0.,-1.));
#9320 = DIRECTION('',(-0.,-1.,0.));
#9321 = PLANE('',#9322);
#9322 = AXIS2_PLACEMENT_3D('',#9323,#9324,#9325);
#9323 = CARTESIAN_POINT('',(210.312,-70.809,-4.E-02));
#9324 = DIRECTION('',(0.,0.,1.));
#9325 = DIRECTION('',(1.,0.,-0.));
#9326 = ADVANCED_FACE('',(#9327,#9330),#9341,.T.);
#9327 = FACE_BOUND('',#9328,.T.);
#9328 = EDGE_LOOP('',(#9329));
#9329 = ORIENTED_EDGE('',*,*,#9287,.T.);
#9330 = FACE_BOUND('',#9331,.T.);
#9331 = EDGE_LOOP('',(#9332));
#9332 = ORIENTED_EDGE('',*,*,#9333,.T.);
#9333 = EDGE_CURVE('',#9334,#9334,#9336,.T.);
#9334 = VERTEX_POINT('',#9335);
#9335 = CARTESIAN_POINT('',(210.312,-70.784,1.55));
#9336 = CIRCLE('',#9337,0.4195);
#9337 = AXIS2_PLACEMENT_3D('',#9338,#9339,#9340);
#9338 = CARTESIAN_POINT('',(210.312,-70.3645,1.55));
#9339 = DIRECTION('',(-0.,0.,-1.));
#9340 = DIRECTION('',(-0.,-1.,0.));
#9341 = PLANE('',#9342);
#9342 = AXIS2_PLACEMENT_3D('',#9343,#9344,#9345);
#9343 = CARTESIAN_POINT('',(210.312,-70.809,1.55));
#9344 = DIRECTION('',(0.,0.,1.));
#9345 = DIRECTION('',(1.,0.,-0.));
#9346 = ADVANCED_FACE('',(#9347),#9358,.F.);
#9347 = FACE_BOUND('',#9348,.T.);
#9348 = EDGE_LOOP('',(#9349,#9350,#9356,#9357));
#9349 = ORIENTED_EDGE('',*,*,#9313,.T.);
#9350 = ORIENTED_EDGE('',*,*,#9351,.T.);
#9351 = EDGE_CURVE('',#9314,#9334,#9352,.T.);
#9352 = LINE('',#9353,#9354);
#9353 = CARTESIAN_POINT('',(210.312,-70.784,-4.6E-02));
#9354 = VECTOR('',#9355,1.);
#9355 = DIRECTION('',(0.,0.,1.));
#9356 = ORIENTED_EDGE('',*,*,#9333,.F.);
#9357 = ORIENTED_EDGE('',*,*,#9351,.F.);
#9358 = CYLINDRICAL_SURFACE('',#9359,0.4195);
#9359 = AXIS2_PLACEMENT_3D('',#9360,#9361,#9362);
#9360 = CARTESIAN_POINT('',(210.312,-70.3645,-4.6E-02));
#9361 = DIRECTION('',(-0.,-0.,-1.));
#9362 = DIRECTION('',(-0.,-1.,0.));
#9363 = MANIFOLD_SOLID_BREP('',#9364);
#9364 = CLOSED_SHELL('',(#9365,#9407,#9438,#9469,#9547,#9625,#9642,#9659
    ,#9676,#9693,#9710,#9727,#9744));
#9365 = ADVANCED_FACE('',(#9366),#9402,.T.);
#9366 = FACE_BOUND('',#9367,.T.);
#9367 = EDGE_LOOP('',(#9368,#9378,#9387,#9395));
#9368 = ORIENTED_EDGE('',*,*,#9369,.T.);
#9369 = EDGE_CURVE('',#9370,#9372,#9374,.T.);
#9370 = VERTEX_POINT('',#9371);
#9371 = CARTESIAN_POINT('',(209.931,-69.7549,1.51));
#9372 = VERTEX_POINT('',#9373);
#9373 = CARTESIAN_POINT('',(209.931,-69.7549,1.55));
#9374 = LINE('',#9375,#9376);
#9375 = CARTESIAN_POINT('',(209.931,-69.7549,1.51));
#9376 = VECTOR('',#9377,1.);
#9377 = DIRECTION('',(0.,0.,1.));
#9378 = ORIENTED_EDGE('',*,*,#9379,.T.);
#9379 = EDGE_CURVE('',#9372,#9380,#9382,.T.);
#9380 = VERTEX_POINT('',#9381);
#9381 = CARTESIAN_POINT('',(210.0834,-69.6025,1.55));
#9382 = CIRCLE('',#9383,0.152400250784);
#9383 = AXIS2_PLACEMENT_3D('',#9384,#9385,#9386);
#9384 = CARTESIAN_POINT('',(210.08340025078,-69.75490025078,1.55));
#9385 = DIRECTION('',(0.,0.,-1.));
#9386 = DIRECTION('',(-0.999999999999,1.645562329516E-06,0.));
#9387 = ORIENTED_EDGE('',*,*,#9388,.F.);
#9388 = EDGE_CURVE('',#9389,#9380,#9391,.T.);
#9389 = VERTEX_POINT('',#9390);
#9390 = CARTESIAN_POINT('',(210.0834,-69.6025,1.51));
#9391 = LINE('',#9392,#9393);
#9392 = CARTESIAN_POINT('',(210.0834,-69.6025,1.51));
#9393 = VECTOR('',#9394,1.);
#9394 = DIRECTION('',(0.,0.,1.));
#9395 = ORIENTED_EDGE('',*,*,#9396,.F.);
#9396 = EDGE_CURVE('',#9370,#9389,#9397,.T.);
#9397 = CIRCLE('',#9398,0.152400250784);
#9398 = AXIS2_PLACEMENT_3D('',#9399,#9400,#9401);
#9399 = CARTESIAN_POINT('',(210.08340025078,-69.75490025078,1.51));
#9400 = DIRECTION('',(0.,0.,-1.));
#9401 = DIRECTION('',(-0.999999999999,1.645562329516E-06,0.));
#9402 = CYLINDRICAL_SURFACE('',#9403,0.152400250784);
#9403 = AXIS2_PLACEMENT_3D('',#9404,#9405,#9406);
#9404 = CARTESIAN_POINT('',(210.08340025078,-69.75490025078,1.51));
#9405 = DIRECTION('',(0.,0.,-1.));
#9406 = DIRECTION('',(-0.999999999999,1.645562329516E-06,0.));
#9407 = ADVANCED_FACE('',(#9408),#9433,.T.);
#9408 = FACE_BOUND('',#9409,.T.);
#9409 = EDGE_LOOP('',(#9410,#9418,#9426,#9432));
#9410 = ORIENTED_EDGE('',*,*,#9411,.F.);
#9411 = EDGE_CURVE('',#9412,#9370,#9414,.T.);
#9412 = VERTEX_POINT('',#9413);
#9413 = CARTESIAN_POINT('',(209.931,-70.18894587731,1.51));
#9414 = LINE('',#9415,#9416);
#9415 = CARTESIAN_POINT('',(209.931,-70.9741,1.51));
#9416 = VECTOR('',#9417,1.);
#9417 = DIRECTION('',(0.,1.,0.));
#9418 = ORIENTED_EDGE('',*,*,#9419,.F.);
#9419 = EDGE_CURVE('',#9420,#9412,#9422,.T.);
#9420 = VERTEX_POINT('',#9421);
#9421 = CARTESIAN_POINT('',(209.931,-70.18894587731,1.55));
#9422 = LINE('',#9423,#9424);
#9423 = CARTESIAN_POINT('',(209.931,-70.18894587729,-4.6E-02));
#9424 = VECTOR('',#9425,1.);
#9425 = DIRECTION('',(-0.,-0.,-1.));
#9426 = ORIENTED_EDGE('',*,*,#9427,.T.);
#9427 = EDGE_CURVE('',#9420,#9372,#9428,.T.);
#9428 = LINE('',#9429,#9430);
#9429 = CARTESIAN_POINT('',(209.931,-70.9741,1.55));
#9430 = VECTOR('',#9431,1.);
#9431 = DIRECTION('',(0.,1.,0.));
#9432 = ORIENTED_EDGE('',*,*,#9369,.F.);
#9433 = PLANE('',#9434);
#9434 = AXIS2_PLACEMENT_3D('',#9435,#9436,#9437);
#9435 = CARTESIAN_POINT('',(209.931,-70.9741,1.51));
#9436 = DIRECTION('',(-1.,0.,0.));
#9437 = DIRECTION('',(0.,1.,0.));
#9438 = ADVANCED_FACE('',(#9439),#9464,.T.);
#9439 = FACE_BOUND('',#9440,.T.);
#9440 = EDGE_LOOP('',(#9441,#9442,#9450,#9458));
#9441 = ORIENTED_EDGE('',*,*,#9388,.T.);
#9442 = ORIENTED_EDGE('',*,*,#9443,.T.);
#9443 = EDGE_CURVE('',#9380,#9444,#9446,.T.);
#9444 = VERTEX_POINT('',#9445);
#9445 = CARTESIAN_POINT('',(212.2106,-69.6025,1.55));
#9446 = LINE('',#9447,#9448);
#9447 = CARTESIAN_POINT('',(210.0834,-69.6025,1.55));
#9448 = VECTOR('',#9449,1.);
#9449 = DIRECTION('',(1.,0.,0.));
#9450 = ORIENTED_EDGE('',*,*,#9451,.F.);
#9451 = EDGE_CURVE('',#9452,#9444,#9454,.T.);
#9452 = VERTEX_POINT('',#9453);
#9453 = CARTESIAN_POINT('',(212.2106,-69.6025,1.51));
#9454 = LINE('',#9455,#9456);
#9455 = CARTESIAN_POINT('',(212.2106,-69.6025,1.51));
#9456 = VECTOR('',#9457,1.);
#9457 = DIRECTION('',(0.,0.,1.));
#9458 = ORIENTED_EDGE('',*,*,#9459,.F.);
#9459 = EDGE_CURVE('',#9389,#9452,#9460,.T.);
#9460 = LINE('',#9461,#9462);
#9461 = CARTESIAN_POINT('',(210.0834,-69.6025,1.51));
#9462 = VECTOR('',#9463,1.);
#9463 = DIRECTION('',(1.,0.,0.));
#9464 = PLANE('',#9465);
#9465 = AXIS2_PLACEMENT_3D('',#9466,#9467,#9468);
#9466 = CARTESIAN_POINT('',(210.0834,-69.6025,1.51));
#9467 = DIRECTION('',(0.,1.,0.));
#9468 = DIRECTION('',(1.,0.,0.));
#9469 = ADVANCED_FACE('',(#9470),#9542,.F.);
#9470 = FACE_BOUND('',#9471,.F.);
#9471 = EDGE_LOOP('',(#9472,#9473,#9474,#9483,#9492,#9500,#9509,#9517,
    #9526,#9534,#9541));
#9472 = ORIENTED_EDGE('',*,*,#9396,.F.);
#9473 = ORIENTED_EDGE('',*,*,#9411,.F.);
#9474 = ORIENTED_EDGE('',*,*,#9475,.T.);
#9475 = EDGE_CURVE('',#9412,#9476,#9478,.T.);
#9476 = VERTEX_POINT('',#9477);
#9477 = CARTESIAN_POINT('',(210.312,-70.784,1.51));
#9478 = CIRCLE('',#9479,0.4195);
#9479 = AXIS2_PLACEMENT_3D('',#9480,#9481,#9482);
#9480 = CARTESIAN_POINT('',(210.312,-70.3645,1.51));
#9481 = DIRECTION('',(-0.,0.,-1.));
#9482 = DIRECTION('',(-0.,-1.,0.));
#9483 = ORIENTED_EDGE('',*,*,#9484,.T.);
#9484 = EDGE_CURVE('',#9476,#9485,#9487,.T.);
#9485 = VERTEX_POINT('',#9486);
#9486 = CARTESIAN_POINT('',(209.931,-70.54005412268,1.51));
#9487 = CIRCLE('',#9488,0.4195);
#9488 = AXIS2_PLACEMENT_3D('',#9489,#9490,#9491);
#9489 = CARTESIAN_POINT('',(210.312,-70.3645,1.51));
#9490 = DIRECTION('',(-0.,0.,-1.));
#9491 = DIRECTION('',(-0.,-1.,0.));
#9492 = ORIENTED_EDGE('',*,*,#9493,.F.);
#9493 = EDGE_CURVE('',#9494,#9485,#9496,.T.);
#9494 = VERTEX_POINT('',#9495);
#9495 = CARTESIAN_POINT('',(209.931,-70.9741,1.51));
#9496 = LINE('',#9497,#9498);
#9497 = CARTESIAN_POINT('',(209.931,-70.9741,1.51));
#9498 = VECTOR('',#9499,1.);
#9499 = DIRECTION('',(0.,1.,0.));
#9500 = ORIENTED_EDGE('',*,*,#9501,.F.);
#9501 = EDGE_CURVE('',#9502,#9494,#9504,.T.);
#9502 = VERTEX_POINT('',#9503);
#9503 = CARTESIAN_POINT('',(210.0834,-71.1265,1.51));
#9504 = CIRCLE('',#9505,0.152400250784);
#9505 = AXIS2_PLACEMENT_3D('',#9506,#9507,#9508);
#9506 = CARTESIAN_POINT('',(210.08340025078,-70.97409974921,1.51));
#9507 = DIRECTION('',(0.,0.,-1.));
#9508 = DIRECTION('',(-1.645562236269E-06,-0.999999999999,-0.));
#9509 = ORIENTED_EDGE('',*,*,#9510,.F.);
#9510 = EDGE_CURVE('',#9511,#9502,#9513,.T.);
#9511 = VERTEX_POINT('',#9512);
#9512 = CARTESIAN_POINT('',(212.2106,-71.1265,1.51));
#9513 = LINE('',#9514,#9515);
#9514 = CARTESIAN_POINT('',(212.2106,-71.1265,1.51));
#9515 = VECTOR('',#9516,1.);
#9516 = DIRECTION('',(-1.,0.,0.));
#9517 = ORIENTED_EDGE('',*,*,#9518,.F.);
#9518 = EDGE_CURVE('',#9519,#9511,#9521,.T.);
#9519 = VERTEX_POINT('',#9520);
#9520 = CARTESIAN_POINT('',(212.363,-70.9741,1.51));
#9521 = CIRCLE('',#9522,0.152400250784);
#9522 = AXIS2_PLACEMENT_3D('',#9523,#9524,#9525);
#9523 = CARTESIAN_POINT('',(212.21059974921,-70.97409974921,1.51));
#9524 = DIRECTION('',(0.,0.,-1.));
#9525 = DIRECTION('',(0.999999999999,-1.645562516009E-06,0.));
#9526 = ORIENTED_EDGE('',*,*,#9527,.F.);
#9527 = EDGE_CURVE('',#9528,#9519,#9530,.T.);
#9528 = VERTEX_POINT('',#9529);
#9529 = CARTESIAN_POINT('',(212.363,-69.7549,1.51));
#9530 = LINE('',#9531,#9532);
#9531 = CARTESIAN_POINT('',(212.363,-69.7549,1.51));
#9532 = VECTOR('',#9533,1.);
#9533 = DIRECTION('',(0.,-1.,0.));
#9534 = ORIENTED_EDGE('',*,*,#9535,.F.);
#9535 = EDGE_CURVE('',#9452,#9528,#9536,.T.);
#9536 = CIRCLE('',#9537,0.152400250784);
#9537 = AXIS2_PLACEMENT_3D('',#9538,#9539,#9540);
#9538 = CARTESIAN_POINT('',(212.21059974921,-69.75490025078,1.51));
#9539 = DIRECTION('',(0.,0.,-1.));
#9540 = DIRECTION('',(1.645562609256E-06,0.999999999999,0.));
#9541 = ORIENTED_EDGE('',*,*,#9459,.F.);
#9542 = PLANE('',#9543);
#9543 = AXIS2_PLACEMENT_3D('',#9544,#9545,#9546);
#9544 = CARTESIAN_POINT('',(0.,0.,1.51));
#9545 = DIRECTION('',(0.,0.,1.));
#9546 = DIRECTION('',(1.,0.,-0.));
#9547 = ADVANCED_FACE('',(#9548),#9620,.T.);
#9548 = FACE_BOUND('',#9549,.T.);
#9549 = EDGE_LOOP('',(#9550,#9551,#9552,#9561,#9570,#9578,#9587,#9595,
    #9604,#9612,#9619));
#9550 = ORIENTED_EDGE('',*,*,#9379,.F.);
#9551 = ORIENTED_EDGE('',*,*,#9427,.F.);
#9552 = ORIENTED_EDGE('',*,*,#9553,.T.);
#9553 = EDGE_CURVE('',#9420,#9554,#9556,.T.);
#9554 = VERTEX_POINT('',#9555);
#9555 = CARTESIAN_POINT('',(210.312,-70.784,1.55));
#9556 = CIRCLE('',#9557,0.4195);
#9557 = AXIS2_PLACEMENT_3D('',#9558,#9559,#9560);
#9558 = CARTESIAN_POINT('',(210.312,-70.3645,1.55));
#9559 = DIRECTION('',(-0.,0.,-1.));
#9560 = DIRECTION('',(-0.,-1.,0.));
#9561 = ORIENTED_EDGE('',*,*,#9562,.T.);
#9562 = EDGE_CURVE('',#9554,#9563,#9565,.T.);
#9563 = VERTEX_POINT('',#9564);
#9564 = CARTESIAN_POINT('',(209.931,-70.54005412268,1.55));
#9565 = CIRCLE('',#9566,0.4195);
#9566 = AXIS2_PLACEMENT_3D('',#9567,#9568,#9569);
#9567 = CARTESIAN_POINT('',(210.312,-70.3645,1.55));
#9568 = DIRECTION('',(-0.,0.,-1.));
#9569 = DIRECTION('',(-0.,-1.,0.));
#9570 = ORIENTED_EDGE('',*,*,#9571,.F.);
#9571 = EDGE_CURVE('',#9572,#9563,#9574,.T.);
#9572 = VERTEX_POINT('',#9573);
#9573 = CARTESIAN_POINT('',(209.931,-70.9741,1.55));
#9574 = LINE('',#9575,#9576);
#9575 = CARTESIAN_POINT('',(209.931,-70.9741,1.55));
#9576 = VECTOR('',#9577,1.);
#9577 = DIRECTION('',(0.,1.,0.));
#9578 = ORIENTED_EDGE('',*,*,#9579,.F.);
#9579 = EDGE_CURVE('',#9580,#9572,#9582,.T.);
#9580 = VERTEX_POINT('',#9581);
#9581 = CARTESIAN_POINT('',(210.0834,-71.1265,1.55));
#9582 = CIRCLE('',#9583,0.152400250784);
#9583 = AXIS2_PLACEMENT_3D('',#9584,#9585,#9586);
#9584 = CARTESIAN_POINT('',(210.08340025078,-70.97409974921,1.55));
#9585 = DIRECTION('',(0.,0.,-1.));
#9586 = DIRECTION('',(-1.645562236269E-06,-0.999999999999,-0.));
#9587 = ORIENTED_EDGE('',*,*,#9588,.F.);
#9588 = EDGE_CURVE('',#9589,#9580,#9591,.T.);
#9589 = VERTEX_POINT('',#9590);
#9590 = CARTESIAN_POINT('',(212.2106,-71.1265,1.55));
#9591 = LINE('',#9592,#9593);
#9592 = CARTESIAN_POINT('',(212.2106,-71.1265,1.55));
#9593 = VECTOR('',#9594,1.);
#9594 = DIRECTION('',(-1.,0.,0.));
#9595 = ORIENTED_EDGE('',*,*,#9596,.F.);
#9596 = EDGE_CURVE('',#9597,#9589,#9599,.T.);
#9597 = VERTEX_POINT('',#9598);
#9598 = CARTESIAN_POINT('',(212.363,-70.9741,1.55));
#9599 = CIRCLE('',#9600,0.152400250784);
#9600 = AXIS2_PLACEMENT_3D('',#9601,#9602,#9603);
#9601 = CARTESIAN_POINT('',(212.21059974921,-70.97409974921,1.55));
#9602 = DIRECTION('',(0.,0.,-1.));
#9603 = DIRECTION('',(0.999999999999,-1.645562516009E-06,0.));
#9604 = ORIENTED_EDGE('',*,*,#9605,.F.);
#9605 = EDGE_CURVE('',#9606,#9597,#9608,.T.);
#9606 = VERTEX_POINT('',#9607);
#9607 = CARTESIAN_POINT('',(212.363,-69.7549,1.55));
#9608 = LINE('',#9609,#9610);
#9609 = CARTESIAN_POINT('',(212.363,-69.7549,1.55));
#9610 = VECTOR('',#9611,1.);
#9611 = DIRECTION('',(0.,-1.,0.));
#9612 = ORIENTED_EDGE('',*,*,#9613,.F.);
#9613 = EDGE_CURVE('',#9444,#9606,#9614,.T.);
#9614 = CIRCLE('',#9615,0.152400250784);
#9615 = AXIS2_PLACEMENT_3D('',#9616,#9617,#9618);
#9616 = CARTESIAN_POINT('',(212.21059974921,-69.75490025078,1.55));
#9617 = DIRECTION('',(0.,0.,-1.));
#9618 = DIRECTION('',(1.645562609256E-06,0.999999999999,0.));
#9619 = ORIENTED_EDGE('',*,*,#9443,.F.);
#9620 = PLANE('',#9621);
#9621 = AXIS2_PLACEMENT_3D('',#9622,#9623,#9624);
#9622 = CARTESIAN_POINT('',(0.,0.,1.55));
#9623 = DIRECTION('',(0.,0.,1.));
#9624 = DIRECTION('',(1.,0.,-0.));
#9625 = ADVANCED_FACE('',(#9626),#9637,.F.);
#9626 = FACE_BOUND('',#9627,.T.);
#9627 = EDGE_LOOP('',(#9628,#9629,#9635,#9636));
#9628 = ORIENTED_EDGE('',*,*,#9475,.T.);
#9629 = ORIENTED_EDGE('',*,*,#9630,.T.);
#9630 = EDGE_CURVE('',#9476,#9554,#9631,.T.);
#9631 = LINE('',#9632,#9633);
#9632 = CARTESIAN_POINT('',(210.312,-70.784,-4.6E-02));
#9633 = VECTOR('',#9634,1.);
#9634 = DIRECTION('',(0.,0.,1.));
#9635 = ORIENTED_EDGE('',*,*,#9553,.F.);
#9636 = ORIENTED_EDGE('',*,*,#9419,.T.);
#9637 = CYLINDRICAL_SURFACE('',#9638,0.4195);
#9638 = AXIS2_PLACEMENT_3D('',#9639,#9640,#9641);
#9639 = CARTESIAN_POINT('',(210.312,-70.3645,-4.6E-02));
#9640 = DIRECTION('',(-0.,-0.,-1.));
#9641 = DIRECTION('',(-0.,-1.,0.));
#9642 = ADVANCED_FACE('',(#9643),#9654,.T.);
#9643 = FACE_BOUND('',#9644,.T.);
#9644 = EDGE_LOOP('',(#9645,#9646,#9647,#9653));
#9645 = ORIENTED_EDGE('',*,*,#9451,.T.);
#9646 = ORIENTED_EDGE('',*,*,#9613,.T.);
#9647 = ORIENTED_EDGE('',*,*,#9648,.F.);
#9648 = EDGE_CURVE('',#9528,#9606,#9649,.T.);
#9649 = LINE('',#9650,#9651);
#9650 = CARTESIAN_POINT('',(212.363,-69.7549,1.51));
#9651 = VECTOR('',#9652,1.);
#9652 = DIRECTION('',(0.,0.,1.));
#9653 = ORIENTED_EDGE('',*,*,#9535,.F.);
#9654 = CYLINDRICAL_SURFACE('',#9655,0.152400250784);
#9655 = AXIS2_PLACEMENT_3D('',#9656,#9657,#9658);
#9656 = CARTESIAN_POINT('',(212.21059974921,-69.75490025078,1.51));
#9657 = DIRECTION('',(0.,0.,-1.));
#9658 = DIRECTION('',(1.645562609256E-06,0.999999999999,0.));
#9659 = ADVANCED_FACE('',(#9660),#9671,.T.);
#9660 = FACE_BOUND('',#9661,.T.);
#9661 = EDGE_LOOP('',(#9662,#9663,#9664,#9670));
#9662 = ORIENTED_EDGE('',*,*,#9648,.T.);
#9663 = ORIENTED_EDGE('',*,*,#9605,.T.);
#9664 = ORIENTED_EDGE('',*,*,#9665,.F.);
#9665 = EDGE_CURVE('',#9519,#9597,#9666,.T.);
#9666 = LINE('',#9667,#9668);
#9667 = CARTESIAN_POINT('',(212.363,-70.9741,1.51));
#9668 = VECTOR('',#9669,1.);
#9669 = DIRECTION('',(0.,0.,1.));
#9670 = ORIENTED_EDGE('',*,*,#9527,.F.);
#9671 = PLANE('',#9672);
#9672 = AXIS2_PLACEMENT_3D('',#9673,#9674,#9675);
#9673 = CARTESIAN_POINT('',(212.363,-69.7549,1.51));
#9674 = DIRECTION('',(1.,0.,-0.));
#9675 = DIRECTION('',(0.,-1.,0.));
#9676 = ADVANCED_FACE('',(#9677),#9688,.T.);
#9677 = FACE_BOUND('',#9678,.T.);
#9678 = EDGE_LOOP('',(#9679,#9680,#9681,#9687));
#9679 = ORIENTED_EDGE('',*,*,#9665,.T.);
#9680 = ORIENTED_EDGE('',*,*,#9596,.T.);
#9681 = ORIENTED_EDGE('',*,*,#9682,.F.);
#9682 = EDGE_CURVE('',#9511,#9589,#9683,.T.);
#9683 = LINE('',#9684,#9685);
#9684 = CARTESIAN_POINT('',(212.2106,-71.1265,1.51));
#9685 = VECTOR('',#9686,1.);
#9686 = DIRECTION('',(0.,0.,1.));
#9687 = ORIENTED_EDGE('',*,*,#9518,.F.);
#9688 = CYLINDRICAL_SURFACE('',#9689,0.152400250784);
#9689 = AXIS2_PLACEMENT_3D('',#9690,#9691,#9692);
#9690 = CARTESIAN_POINT('',(212.21059974921,-70.97409974921,1.51));
#9691 = DIRECTION('',(0.,0.,-1.));
#9692 = DIRECTION('',(0.999999999999,-1.645562516009E-06,0.));
#9693 = ADVANCED_FACE('',(#9694),#9705,.T.);
#9694 = FACE_BOUND('',#9695,.T.);
#9695 = EDGE_LOOP('',(#9696,#9697,#9698,#9704));
#9696 = ORIENTED_EDGE('',*,*,#9682,.T.);
#9697 = ORIENTED_EDGE('',*,*,#9588,.T.);
#9698 = ORIENTED_EDGE('',*,*,#9699,.F.);
#9699 = EDGE_CURVE('',#9502,#9580,#9700,.T.);
#9700 = LINE('',#9701,#9702);
#9701 = CARTESIAN_POINT('',(210.0834,-71.1265,1.51));
#9702 = VECTOR('',#9703,1.);
#9703 = DIRECTION('',(0.,0.,1.));
#9704 = ORIENTED_EDGE('',*,*,#9510,.F.);
#9705 = PLANE('',#9706);
#9706 = AXIS2_PLACEMENT_3D('',#9707,#9708,#9709);
#9707 = CARTESIAN_POINT('',(212.2106,-71.1265,1.51));
#9708 = DIRECTION('',(0.,-1.,0.));
#9709 = DIRECTION('',(-1.,0.,0.));
#9710 = ADVANCED_FACE('',(#9711),#9722,.T.);
#9711 = FACE_BOUND('',#9712,.T.);
#9712 = EDGE_LOOP('',(#9713,#9714,#9715,#9721));
#9713 = ORIENTED_EDGE('',*,*,#9699,.T.);
#9714 = ORIENTED_EDGE('',*,*,#9579,.T.);
#9715 = ORIENTED_EDGE('',*,*,#9716,.F.);
#9716 = EDGE_CURVE('',#9494,#9572,#9717,.T.);
#9717 = LINE('',#9718,#9719);
#9718 = CARTESIAN_POINT('',(209.931,-70.9741,1.51));
#9719 = VECTOR('',#9720,1.);
#9720 = DIRECTION('',(0.,0.,1.));
#9721 = ORIENTED_EDGE('',*,*,#9501,.F.);
#9722 = CYLINDRICAL_SURFACE('',#9723,0.152400250784);
#9723 = AXIS2_PLACEMENT_3D('',#9724,#9725,#9726);
#9724 = CARTESIAN_POINT('',(210.08340025078,-70.97409974921,1.51));
#9725 = DIRECTION('',(0.,0.,-1.));
#9726 = DIRECTION('',(-1.645562236269E-06,-0.999999999999,-0.));
#9727 = ADVANCED_FACE('',(#9728),#9739,.T.);
#9728 = FACE_BOUND('',#9729,.T.);
#9729 = EDGE_LOOP('',(#9730,#9731,#9732,#9733));
#9730 = ORIENTED_EDGE('',*,*,#9493,.F.);
#9731 = ORIENTED_EDGE('',*,*,#9716,.T.);
#9732 = ORIENTED_EDGE('',*,*,#9571,.T.);
#9733 = ORIENTED_EDGE('',*,*,#9734,.T.);
#9734 = EDGE_CURVE('',#9563,#9485,#9735,.T.);
#9735 = LINE('',#9736,#9737);
#9736 = CARTESIAN_POINT('',(209.931,-70.5400541227,-4.6E-02));
#9737 = VECTOR('',#9738,1.);
#9738 = DIRECTION('',(-0.,-0.,-1.));
#9739 = PLANE('',#9740);
#9740 = AXIS2_PLACEMENT_3D('',#9741,#9742,#9743);
#9741 = CARTESIAN_POINT('',(209.931,-70.9741,1.51));
#9742 = DIRECTION('',(-1.,0.,0.));
#9743 = DIRECTION('',(0.,1.,0.));
#9744 = ADVANCED_FACE('',(#9745),#9751,.F.);
#9745 = FACE_BOUND('',#9746,.T.);
#9746 = EDGE_LOOP('',(#9747,#9748,#9749,#9750));
#9747 = ORIENTED_EDGE('',*,*,#9630,.F.);
#9748 = ORIENTED_EDGE('',*,*,#9484,.T.);
#9749 = ORIENTED_EDGE('',*,*,#9734,.F.);
#9750 = ORIENTED_EDGE('',*,*,#9562,.F.);
#9751 = CYLINDRICAL_SURFACE('',#9752,0.4195);
#9752 = AXIS2_PLACEMENT_3D('',#9753,#9754,#9755);
#9753 = CARTESIAN_POINT('',(210.312,-70.3645,-4.6E-02));
#9754 = DIRECTION('',(-0.,-0.,-1.));
#9755 = DIRECTION('',(-0.,-1.,0.));
#9756 = MANIFOLD_SOLID_BREP('',#9757);
#9757 = CLOSED_SHELL('',(#9758,#9791,#9811,#9831));
#9758 = ADVANCED_FACE('',(#9759),#9786,.T.);
#9759 = FACE_BOUND('',#9760,.F.);
#9760 = EDGE_LOOP('',(#9761,#9771,#9778,#9779));
#9761 = ORIENTED_EDGE('',*,*,#9762,.T.);
#9762 = EDGE_CURVE('',#9763,#9765,#9767,.T.);
#9763 = VERTEX_POINT('',#9764);
#9764 = CARTESIAN_POINT('',(163.66,-67.3035,1.51));
#9765 = VERTEX_POINT('',#9766);
#9766 = CARTESIAN_POINT('',(163.66,-67.3035,1.55));
#9767 = LINE('',#9768,#9769);
#9768 = CARTESIAN_POINT('',(163.66,-67.3035,1.51));
#9769 = VECTOR('',#9770,1.);
#9770 = DIRECTION('',(0.,0.,1.));
#9771 = ORIENTED_EDGE('',*,*,#9772,.T.);
#9772 = EDGE_CURVE('',#9765,#9765,#9773,.T.);
#9773 = CIRCLE('',#9774,1.1);
#9774 = AXIS2_PLACEMENT_3D('',#9775,#9776,#9777);
#9775 = CARTESIAN_POINT('',(162.56,-67.3035,1.55));
#9776 = DIRECTION('',(0.,0.,1.));
#9777 = DIRECTION('',(1.,0.,-0.));
#9778 = ORIENTED_EDGE('',*,*,#9762,.F.);
#9779 = ORIENTED_EDGE('',*,*,#9780,.F.);
#9780 = EDGE_CURVE('',#9763,#9763,#9781,.T.);
#9781 = CIRCLE('',#9782,1.1);
#9782 = AXIS2_PLACEMENT_3D('',#9783,#9784,#9785);
#9783 = CARTESIAN_POINT('',(162.56,-67.3035,1.51));
#9784 = DIRECTION('',(0.,0.,1.));
#9785 = DIRECTION('',(1.,0.,-0.));
#9786 = CYLINDRICAL_SURFACE('',#9787,1.1);
#9787 = AXIS2_PLACEMENT_3D('',#9788,#9789,#9790);
#9788 = CARTESIAN_POINT('',(162.56,-67.3035,1.51));
#9789 = DIRECTION('',(-0.,-0.,-1.));
#9790 = DIRECTION('',(1.,0.,-0.));
#9791 = ADVANCED_FACE('',(#9792,#9795),#9806,.F.);
#9792 = FACE_BOUND('',#9793,.F.);
#9793 = EDGE_LOOP('',(#9794));
#9794 = ORIENTED_EDGE('',*,*,#9780,.T.);
#9795 = FACE_BOUND('',#9796,.F.);
#9796 = EDGE_LOOP('',(#9797));
#9797 = ORIENTED_EDGE('',*,*,#9798,.T.);
#9798 = EDGE_CURVE('',#9799,#9799,#9801,.T.);
#9799 = VERTEX_POINT('',#9800);
#9800 = CARTESIAN_POINT('',(162.56,-68.0285,1.51));
#9801 = CIRCLE('',#9802,0.725);
#9802 = AXIS2_PLACEMENT_3D('',#9803,#9804,#9805);
#9803 = CARTESIAN_POINT('',(162.56,-67.3035,1.51));
#9804 = DIRECTION('',(-0.,0.,-1.));
#9805 = DIRECTION('',(-0.,-1.,0.));
#9806 = PLANE('',#9807);
#9807 = AXIS2_PLACEMENT_3D('',#9808,#9809,#9810);
#9808 = CARTESIAN_POINT('',(0.,0.,1.51));
#9809 = DIRECTION('',(0.,0.,1.));
#9810 = DIRECTION('',(1.,0.,-0.));
#9811 = ADVANCED_FACE('',(#9812,#9815),#9826,.T.);
#9812 = FACE_BOUND('',#9813,.T.);
#9813 = EDGE_LOOP('',(#9814));
#9814 = ORIENTED_EDGE('',*,*,#9772,.T.);
#9815 = FACE_BOUND('',#9816,.T.);
#9816 = EDGE_LOOP('',(#9817));
#9817 = ORIENTED_EDGE('',*,*,#9818,.T.);
#9818 = EDGE_CURVE('',#9819,#9819,#9821,.T.);
#9819 = VERTEX_POINT('',#9820);
#9820 = CARTESIAN_POINT('',(162.56,-68.0285,1.55));
#9821 = CIRCLE('',#9822,0.725);
#9822 = AXIS2_PLACEMENT_3D('',#9823,#9824,#9825);
#9823 = CARTESIAN_POINT('',(162.56,-67.3035,1.55));
#9824 = DIRECTION('',(-0.,0.,-1.));
#9825 = DIRECTION('',(-0.,-1.,0.));
#9826 = PLANE('',#9827);
#9827 = AXIS2_PLACEMENT_3D('',#9828,#9829,#9830);
#9828 = CARTESIAN_POINT('',(0.,0.,1.55));
#9829 = DIRECTION('',(0.,0.,1.));
#9830 = DIRECTION('',(1.,0.,-0.));
#9831 = ADVANCED_FACE('',(#9832),#9843,.F.);
#9832 = FACE_BOUND('',#9833,.T.);
#9833 = EDGE_LOOP('',(#9834,#9835,#9841,#9842));
#9834 = ORIENTED_EDGE('',*,*,#9798,.T.);
#9835 = ORIENTED_EDGE('',*,*,#9836,.T.);
#9836 = EDGE_CURVE('',#9799,#9819,#9837,.T.);
#9837 = LINE('',#9838,#9839);
#9838 = CARTESIAN_POINT('',(162.56,-68.0285,-4.6E-02));
#9839 = VECTOR('',#9840,1.);
#9840 = DIRECTION('',(0.,0.,1.));
#9841 = ORIENTED_EDGE('',*,*,#9818,.F.);
#9842 = ORIENTED_EDGE('',*,*,#9836,.F.);
#9843 = CYLINDRICAL_SURFACE('',#9844,0.725);
#9844 = AXIS2_PLACEMENT_3D('',#9845,#9846,#9847);
#9845 = CARTESIAN_POINT('',(162.56,-67.3035,-4.6E-02));
#9846 = DIRECTION('',(-0.,-0.,-1.));
#9847 = DIRECTION('',(-0.,-1.,0.));
#9848 = MANIFOLD_SOLID_BREP('',#9849);
#9849 = CLOSED_SHELL('',(#9850,#9883,#9903,#9923));
#9850 = ADVANCED_FACE('',(#9851),#9878,.T.);
#9851 = FACE_BOUND('',#9852,.T.);
#9852 = EDGE_LOOP('',(#9853,#9863,#9870,#9871));
#9853 = ORIENTED_EDGE('',*,*,#9854,.T.);
#9854 = EDGE_CURVE('',#9855,#9857,#9859,.T.);
#9855 = VERTEX_POINT('',#9856);
#9856 = CARTESIAN_POINT('',(163.66,-67.3035,0.));
#9857 = VERTEX_POINT('',#9858);
#9858 = CARTESIAN_POINT('',(163.66,-67.3035,-4.E-02));
#9859 = LINE('',#9860,#9861);
#9860 = CARTESIAN_POINT('',(163.66,-67.3035,0.));
#9861 = VECTOR('',#9862,1.);
#9862 = DIRECTION('',(0.,0.,-1.));
#9863 = ORIENTED_EDGE('',*,*,#9864,.T.);
#9864 = EDGE_CURVE('',#9857,#9857,#9865,.T.);
#9865 = CIRCLE('',#9866,1.1);
#9866 = AXIS2_PLACEMENT_3D('',#9867,#9868,#9869);
#9867 = CARTESIAN_POINT('',(162.56,-67.3035,-4.E-02));
#9868 = DIRECTION('',(0.,0.,1.));
#9869 = DIRECTION('',(1.,0.,-0.));
#9870 = ORIENTED_EDGE('',*,*,#9854,.F.);
#9871 = ORIENTED_EDGE('',*,*,#9872,.F.);
#9872 = EDGE_CURVE('',#9855,#9855,#9873,.T.);
#9873 = CIRCLE('',#9874,1.1);
#9874 = AXIS2_PLACEMENT_3D('',#9875,#9876,#9877);
#9875 = CARTESIAN_POINT('',(162.56,-67.3035,0.));
#9876 = DIRECTION('',(0.,0.,1.));
#9877 = DIRECTION('',(1.,0.,-0.));
#9878 = CYLINDRICAL_SURFACE('',#9879,1.1);
#9879 = AXIS2_PLACEMENT_3D('',#9880,#9881,#9882);
#9880 = CARTESIAN_POINT('',(162.56,-67.3035,0.));
#9881 = DIRECTION('',(0.,0.,1.));
#9882 = DIRECTION('',(1.,0.,-0.));
#9883 = ADVANCED_FACE('',(#9884,#9887),#9898,.F.);
#9884 = FACE_BOUND('',#9885,.F.);
#9885 = EDGE_LOOP('',(#9886));
#9886 = ORIENTED_EDGE('',*,*,#9872,.F.);
#9887 = FACE_BOUND('',#9888,.F.);
#9888 = EDGE_LOOP('',(#9889));
#9889 = ORIENTED_EDGE('',*,*,#9890,.F.);
#9890 = EDGE_CURVE('',#9891,#9891,#9893,.T.);
#9891 = VERTEX_POINT('',#9892);
#9892 = CARTESIAN_POINT('',(162.56,-68.0285,0.));
#9893 = CIRCLE('',#9894,0.725);
#9894 = AXIS2_PLACEMENT_3D('',#9895,#9896,#9897);
#9895 = CARTESIAN_POINT('',(162.56,-67.3035,0.));
#9896 = DIRECTION('',(-0.,0.,-1.));
#9897 = DIRECTION('',(-0.,-1.,0.));
#9898 = PLANE('',#9899);
#9899 = AXIS2_PLACEMENT_3D('',#9900,#9901,#9902);
#9900 = CARTESIAN_POINT('',(0.,0.,0.));
#9901 = DIRECTION('',(-0.,-0.,-1.));
#9902 = DIRECTION('',(-1.,0.,0.));
#9903 = ADVANCED_FACE('',(#9904,#9907),#9918,.T.);
#9904 = FACE_BOUND('',#9905,.T.);
#9905 = EDGE_LOOP('',(#9906));
#9906 = ORIENTED_EDGE('',*,*,#9864,.F.);
#9907 = FACE_BOUND('',#9908,.T.);
#9908 = EDGE_LOOP('',(#9909));
#9909 = ORIENTED_EDGE('',*,*,#9910,.F.);
#9910 = EDGE_CURVE('',#9911,#9911,#9913,.T.);
#9911 = VERTEX_POINT('',#9912);
#9912 = CARTESIAN_POINT('',(162.56,-68.0285,-4.E-02));
#9913 = CIRCLE('',#9914,0.725);
#9914 = AXIS2_PLACEMENT_3D('',#9915,#9916,#9917);
#9915 = CARTESIAN_POINT('',(162.56,-67.3035,-4.E-02));
#9916 = DIRECTION('',(-0.,0.,-1.));
#9917 = DIRECTION('',(-0.,-1.,0.));
#9918 = PLANE('',#9919);
#9919 = AXIS2_PLACEMENT_3D('',#9920,#9921,#9922);
#9920 = CARTESIAN_POINT('',(0.,0.,-4.E-02));
#9921 = DIRECTION('',(-0.,-0.,-1.));
#9922 = DIRECTION('',(-1.,0.,0.));
#9923 = ADVANCED_FACE('',(#9924),#9935,.F.);
#9924 = FACE_BOUND('',#9925,.T.);
#9925 = EDGE_LOOP('',(#9926,#9927,#9933,#9934));
#9926 = ORIENTED_EDGE('',*,*,#9910,.T.);
#9927 = ORIENTED_EDGE('',*,*,#9928,.T.);
#9928 = EDGE_CURVE('',#9911,#9891,#9929,.T.);
#9929 = LINE('',#9930,#9931);
#9930 = CARTESIAN_POINT('',(162.56,-68.0285,-4.6E-02));
#9931 = VECTOR('',#9932,1.);
#9932 = DIRECTION('',(0.,0.,1.));
#9933 = ORIENTED_EDGE('',*,*,#9890,.F.);
#9934 = ORIENTED_EDGE('',*,*,#9928,.F.);
#9935 = CYLINDRICAL_SURFACE('',#9936,0.725);
#9936 = AXIS2_PLACEMENT_3D('',#9937,#9938,#9939);
#9937 = CARTESIAN_POINT('',(162.56,-67.3035,-4.6E-02));
#9938 = DIRECTION('',(-0.,-0.,-1.));
#9939 = DIRECTION('',(-0.,-1.,0.));
#9940 = MANIFOLD_SOLID_BREP('',#9941);
#9941 = CLOSED_SHELL('',(#9942,#9975,#9995,#10015));
#9942 = ADVANCED_FACE('',(#9943),#9970,.T.);
#9943 = FACE_BOUND('',#9944,.F.);
#9944 = EDGE_LOOP('',(#9945,#9955,#9962,#9963));
#9945 = ORIENTED_EDGE('',*,*,#9946,.T.);
#9946 = EDGE_CURVE('',#9947,#9949,#9951,.T.);
#9947 = VERTEX_POINT('',#9948);
#9948 = CARTESIAN_POINT('',(162.56,-68.0535,-4.E-02));
#9949 = VERTEX_POINT('',#9950);
#9950 = CARTESIAN_POINT('',(162.56,-68.0535,1.55));
#9951 = LINE('',#9952,#9953);
#9952 = CARTESIAN_POINT('',(162.56,-68.0535,-4.E-02));
#9953 = VECTOR('',#9954,1.);
#9954 = DIRECTION('',(0.,0.,1.));
#9955 = ORIENTED_EDGE('',*,*,#9956,.T.);
#9956 = EDGE_CURVE('',#9949,#9949,#9957,.T.);
#9957 = CIRCLE('',#9958,0.75);
#9958 = AXIS2_PLACEMENT_3D('',#9959,#9960,#9961);
#9959 = CARTESIAN_POINT('',(162.56,-67.3035,1.55));
#9960 = DIRECTION('',(0.,0.,1.));
#9961 = DIRECTION('',(-0.,-1.,0.));
#9962 = ORIENTED_EDGE('',*,*,#9946,.F.);
#9963 = ORIENTED_EDGE('',*,*,#9964,.F.);
#9964 = EDGE_CURVE('',#9947,#9947,#9965,.T.);
#9965 = CIRCLE('',#9966,0.75);
#9966 = AXIS2_PLACEMENT_3D('',#9967,#9968,#9969);
#9967 = CARTESIAN_POINT('',(162.56,-67.3035,-4.E-02));
#9968 = DIRECTION('',(0.,0.,1.));
#9969 = DIRECTION('',(-0.,-1.,0.));
#9970 = CYLINDRICAL_SURFACE('',#9971,0.75);
#9971 = AXIS2_PLACEMENT_3D('',#9972,#9973,#9974);
#9972 = CARTESIAN_POINT('',(162.56,-67.3035,-4.E-02));
#9973 = DIRECTION('',(-0.,-0.,-1.));
#9974 = DIRECTION('',(-0.,-1.,0.));
#9975 = ADVANCED_FACE('',(#9976,#9979),#9990,.F.);
#9976 = FACE_BOUND('',#9977,.F.);
#9977 = EDGE_LOOP('',(#9978));
#9978 = ORIENTED_EDGE('',*,*,#9964,.T.);
#9979 = FACE_BOUND('',#9980,.F.);
#9980 = EDGE_LOOP('',(#9981));
#9981 = ORIENTED_EDGE('',*,*,#9982,.T.);
#9982 = EDGE_CURVE('',#9983,#9983,#9985,.T.);
#9983 = VERTEX_POINT('',#9984);
#9984 = CARTESIAN_POINT('',(162.56,-68.0285,-4.E-02));
#9985 = CIRCLE('',#9986,0.725);
#9986 = AXIS2_PLACEMENT_3D('',#9987,#9988,#9989);
#9987 = CARTESIAN_POINT('',(162.56,-67.3035,-4.E-02));
#9988 = DIRECTION('',(-0.,0.,-1.));
#9989 = DIRECTION('',(-0.,-1.,0.));
#9990 = PLANE('',#9991);
#9991 = AXIS2_PLACEMENT_3D('',#9992,#9993,#9994);
#9992 = CARTESIAN_POINT('',(162.56,-68.0535,-4.E-02));
#9993 = DIRECTION('',(0.,0.,1.));
#9994 = DIRECTION('',(1.,0.,-0.));
#9995 = ADVANCED_FACE('',(#9996,#9999),#10010,.T.);
#9996 = FACE_BOUND('',#9997,.T.);
#9997 = EDGE_LOOP('',(#9998));
#9998 = ORIENTED_EDGE('',*,*,#9956,.T.);
#9999 = FACE_BOUND('',#10000,.T.);
#10000 = EDGE_LOOP('',(#10001));
#10001 = ORIENTED_EDGE('',*,*,#10002,.T.);
#10002 = EDGE_CURVE('',#10003,#10003,#10005,.T.);
#10003 = VERTEX_POINT('',#10004);
#10004 = CARTESIAN_POINT('',(162.56,-68.0285,1.55));
#10005 = CIRCLE('',#10006,0.725);
#10006 = AXIS2_PLACEMENT_3D('',#10007,#10008,#10009);
#10007 = CARTESIAN_POINT('',(162.56,-67.3035,1.55));
#10008 = DIRECTION('',(-0.,0.,-1.));
#10009 = DIRECTION('',(-0.,-1.,0.));
#10010 = PLANE('',#10011);
#10011 = AXIS2_PLACEMENT_3D('',#10012,#10013,#10014);
#10012 = CARTESIAN_POINT('',(162.56,-68.0535,1.55));
#10013 = DIRECTION('',(0.,0.,1.));
#10014 = DIRECTION('',(1.,0.,-0.));
#10015 = ADVANCED_FACE('',(#10016),#10027,.F.);
#10016 = FACE_BOUND('',#10017,.T.);
#10017 = EDGE_LOOP('',(#10018,#10019,#10025,#10026));
#10018 = ORIENTED_EDGE('',*,*,#9982,.T.);
#10019 = ORIENTED_EDGE('',*,*,#10020,.T.);
#10020 = EDGE_CURVE('',#9983,#10003,#10021,.T.);
#10021 = LINE('',#10022,#10023);
#10022 = CARTESIAN_POINT('',(162.56,-68.0285,-4.6E-02));
#10023 = VECTOR('',#10024,1.);
#10024 = DIRECTION('',(0.,0.,1.));
#10025 = ORIENTED_EDGE('',*,*,#10002,.F.);
#10026 = ORIENTED_EDGE('',*,*,#10020,.F.);
#10027 = CYLINDRICAL_SURFACE('',#10028,0.725);
#10028 = AXIS2_PLACEMENT_3D('',#10029,#10030,#10031);
#10029 = CARTESIAN_POINT('',(162.56,-67.3035,-4.6E-02));
#10030 = DIRECTION('',(-0.,-0.,-1.));
#10031 = DIRECTION('',(-0.,-1.,0.));
#10032 = MANIFOLD_SOLID_BREP('',#10033);
#10033 = CLOSED_SHELL('',(#10034,#10067,#10087,#10107));
#10034 = ADVANCED_FACE('',(#10035),#10062,.T.);
#10035 = FACE_BOUND('',#10036,.F.);
#10036 = EDGE_LOOP('',(#10037,#10047,#10054,#10055));
#10037 = ORIENTED_EDGE('',*,*,#10038,.T.);
#10038 = EDGE_CURVE('',#10039,#10041,#10043,.T.);
#10039 = VERTEX_POINT('',#10040);
#10040 = CARTESIAN_POINT('',(211.074,-67.8245,1.51));
#10041 = VERTEX_POINT('',#10042);
#10042 = CARTESIAN_POINT('',(211.074,-67.8245,1.55));
#10043 = LINE('',#10044,#10045);
#10044 = CARTESIAN_POINT('',(211.074,-67.8245,1.51));
#10045 = VECTOR('',#10046,1.);
#10046 = DIRECTION('',(0.,0.,1.));
#10047 = ORIENTED_EDGE('',*,*,#10048,.T.);
#10048 = EDGE_CURVE('',#10041,#10041,#10049,.T.);
#10049 = CIRCLE('',#10050,0.762);
#10050 = AXIS2_PLACEMENT_3D('',#10051,#10052,#10053);
#10051 = CARTESIAN_POINT('',(210.312,-67.8245,1.55));
#10052 = DIRECTION('',(0.,0.,1.));
#10053 = DIRECTION('',(1.,0.,-0.));
#10054 = ORIENTED_EDGE('',*,*,#10038,.F.);
#10055 = ORIENTED_EDGE('',*,*,#10056,.F.);
#10056 = EDGE_CURVE('',#10039,#10039,#10057,.T.);
#10057 = CIRCLE('',#10058,0.762);
#10058 = AXIS2_PLACEMENT_3D('',#10059,#10060,#10061);
#10059 = CARTESIAN_POINT('',(210.312,-67.8245,1.51));
#10060 = DIRECTION('',(0.,0.,1.));
#10061 = DIRECTION('',(1.,0.,-0.));
#10062 = CYLINDRICAL_SURFACE('',#10063,0.762);
#10063 = AXIS2_PLACEMENT_3D('',#10064,#10065,#10066);
#10064 = CARTESIAN_POINT('',(210.312,-67.8245,1.51));
#10065 = DIRECTION('',(-0.,-0.,-1.));
#10066 = DIRECTION('',(1.,0.,-0.));
#10067 = ADVANCED_FACE('',(#10068,#10071),#10082,.F.);
#10068 = FACE_BOUND('',#10069,.F.);
#10069 = EDGE_LOOP('',(#10070));
#10070 = ORIENTED_EDGE('',*,*,#10056,.T.);
#10071 = FACE_BOUND('',#10072,.F.);
#10072 = EDGE_LOOP('',(#10073));
#10073 = ORIENTED_EDGE('',*,*,#10074,.T.);
#10074 = EDGE_CURVE('',#10075,#10075,#10077,.T.);
#10075 = VERTEX_POINT('',#10076);
#10076 = CARTESIAN_POINT('',(210.312,-68.244,1.51));
#10077 = CIRCLE('',#10078,0.4195);
#10078 = AXIS2_PLACEMENT_3D('',#10079,#10080,#10081);
#10079 = CARTESIAN_POINT('',(210.312,-67.8245,1.51));
#10080 = DIRECTION('',(-0.,0.,-1.));
#10081 = DIRECTION('',(-0.,-1.,0.));
#10082 = PLANE('',#10083);
#10083 = AXIS2_PLACEMENT_3D('',#10084,#10085,#10086);
#10084 = CARTESIAN_POINT('',(0.,0.,1.51));
#10085 = DIRECTION('',(0.,0.,1.));
#10086 = DIRECTION('',(1.,0.,-0.));
#10087 = ADVANCED_FACE('',(#10088,#10091),#10102,.T.);
#10088 = FACE_BOUND('',#10089,.T.);
#10089 = EDGE_LOOP('',(#10090));
#10090 = ORIENTED_EDGE('',*,*,#10048,.T.);
#10091 = FACE_BOUND('',#10092,.T.);
#10092 = EDGE_LOOP('',(#10093));
#10093 = ORIENTED_EDGE('',*,*,#10094,.T.);
#10094 = EDGE_CURVE('',#10095,#10095,#10097,.T.);
#10095 = VERTEX_POINT('',#10096);
#10096 = CARTESIAN_POINT('',(210.312,-68.244,1.55));
#10097 = CIRCLE('',#10098,0.4195);
#10098 = AXIS2_PLACEMENT_3D('',#10099,#10100,#10101);
#10099 = CARTESIAN_POINT('',(210.312,-67.8245,1.55));
#10100 = DIRECTION('',(-0.,0.,-1.));
#10101 = DIRECTION('',(-0.,-1.,0.));
#10102 = PLANE('',#10103);
#10103 = AXIS2_PLACEMENT_3D('',#10104,#10105,#10106);
#10104 = CARTESIAN_POINT('',(0.,0.,1.55));
#10105 = DIRECTION('',(0.,0.,1.));
#10106 = DIRECTION('',(1.,0.,-0.));
#10107 = ADVANCED_FACE('',(#10108),#10119,.F.);
#10108 = FACE_BOUND('',#10109,.T.);
#10109 = EDGE_LOOP('',(#10110,#10111,#10117,#10118));
#10110 = ORIENTED_EDGE('',*,*,#10074,.T.);
#10111 = ORIENTED_EDGE('',*,*,#10112,.T.);
#10112 = EDGE_CURVE('',#10075,#10095,#10113,.T.);
#10113 = LINE('',#10114,#10115);
#10114 = CARTESIAN_POINT('',(210.312,-68.244,-4.6E-02));
#10115 = VECTOR('',#10116,1.);
#10116 = DIRECTION('',(0.,0.,1.));
#10117 = ORIENTED_EDGE('',*,*,#10094,.F.);
#10118 = ORIENTED_EDGE('',*,*,#10112,.F.);
#10119 = CYLINDRICAL_SURFACE('',#10120,0.4195);
#10120 = AXIS2_PLACEMENT_3D('',#10121,#10122,#10123);
#10121 = CARTESIAN_POINT('',(210.312,-67.8245,-4.6E-02));
#10122 = DIRECTION('',(-0.,-0.,-1.));
#10123 = DIRECTION('',(-0.,-1.,0.));
#10124 = MANIFOLD_SOLID_BREP('',#10125);
#10125 = CLOSED_SHELL('',(#10126,#10159,#10179,#10199));
#10126 = ADVANCED_FACE('',(#10127),#10154,.T.);
#10127 = FACE_BOUND('',#10128,.T.);
#10128 = EDGE_LOOP('',(#10129,#10139,#10146,#10147));
#10129 = ORIENTED_EDGE('',*,*,#10130,.T.);
#10130 = EDGE_CURVE('',#10131,#10133,#10135,.T.);
#10131 = VERTEX_POINT('',#10132);
#10132 = CARTESIAN_POINT('',(211.074,-67.8245,0.));
#10133 = VERTEX_POINT('',#10134);
#10134 = CARTESIAN_POINT('',(211.074,-67.8245,-4.E-02));
#10135 = LINE('',#10136,#10137);
#10136 = CARTESIAN_POINT('',(211.074,-67.8245,0.));
#10137 = VECTOR('',#10138,1.);
#10138 = DIRECTION('',(0.,0.,-1.));
#10139 = ORIENTED_EDGE('',*,*,#10140,.T.);
#10140 = EDGE_CURVE('',#10133,#10133,#10141,.T.);
#10141 = CIRCLE('',#10142,0.762);
#10142 = AXIS2_PLACEMENT_3D('',#10143,#10144,#10145);
#10143 = CARTESIAN_POINT('',(210.312,-67.8245,-4.E-02));
#10144 = DIRECTION('',(0.,0.,1.));
#10145 = DIRECTION('',(1.,0.,-0.));
#10146 = ORIENTED_EDGE('',*,*,#10130,.F.);
#10147 = ORIENTED_EDGE('',*,*,#10148,.F.);
#10148 = EDGE_CURVE('',#10131,#10131,#10149,.T.);
#10149 = CIRCLE('',#10150,0.762);
#10150 = AXIS2_PLACEMENT_3D('',#10151,#10152,#10153);
#10151 = CARTESIAN_POINT('',(210.312,-67.8245,0.));
#10152 = DIRECTION('',(0.,0.,1.));
#10153 = DIRECTION('',(1.,0.,-0.));
#10154 = CYLINDRICAL_SURFACE('',#10155,0.762);
#10155 = AXIS2_PLACEMENT_3D('',#10156,#10157,#10158);
#10156 = CARTESIAN_POINT('',(210.312,-67.8245,0.));
#10157 = DIRECTION('',(0.,0.,1.));
#10158 = DIRECTION('',(1.,0.,-0.));
#10159 = ADVANCED_FACE('',(#10160,#10163),#10174,.F.);
#10160 = FACE_BOUND('',#10161,.F.);
#10161 = EDGE_LOOP('',(#10162));
#10162 = ORIENTED_EDGE('',*,*,#10148,.F.);
#10163 = FACE_BOUND('',#10164,.F.);
#10164 = EDGE_LOOP('',(#10165));
#10165 = ORIENTED_EDGE('',*,*,#10166,.F.);
#10166 = EDGE_CURVE('',#10167,#10167,#10169,.T.);
#10167 = VERTEX_POINT('',#10168);
#10168 = CARTESIAN_POINT('',(210.312,-68.244,0.));
#10169 = CIRCLE('',#10170,0.4195);
#10170 = AXIS2_PLACEMENT_3D('',#10171,#10172,#10173);
#10171 = CARTESIAN_POINT('',(210.312,-67.8245,0.));
#10172 = DIRECTION('',(-0.,0.,-1.));
#10173 = DIRECTION('',(-0.,-1.,0.));
#10174 = PLANE('',#10175);
#10175 = AXIS2_PLACEMENT_3D('',#10176,#10177,#10178);
#10176 = CARTESIAN_POINT('',(0.,0.,0.));
#10177 = DIRECTION('',(-0.,-0.,-1.));
#10178 = DIRECTION('',(-1.,0.,0.));
#10179 = ADVANCED_FACE('',(#10180,#10183),#10194,.T.);
#10180 = FACE_BOUND('',#10181,.T.);
#10181 = EDGE_LOOP('',(#10182));
#10182 = ORIENTED_EDGE('',*,*,#10140,.F.);
#10183 = FACE_BOUND('',#10184,.T.);
#10184 = EDGE_LOOP('',(#10185));
#10185 = ORIENTED_EDGE('',*,*,#10186,.F.);
#10186 = EDGE_CURVE('',#10187,#10187,#10189,.T.);
#10187 = VERTEX_POINT('',#10188);
#10188 = CARTESIAN_POINT('',(210.312,-68.244,-4.E-02));
#10189 = CIRCLE('',#10190,0.4195);
#10190 = AXIS2_PLACEMENT_3D('',#10191,#10192,#10193);
#10191 = CARTESIAN_POINT('',(210.312,-67.8245,-4.E-02));
#10192 = DIRECTION('',(-0.,0.,-1.));
#10193 = DIRECTION('',(-0.,-1.,0.));
#10194 = PLANE('',#10195);
#10195 = AXIS2_PLACEMENT_3D('',#10196,#10197,#10198);
#10196 = CARTESIAN_POINT('',(0.,0.,-4.E-02));
#10197 = DIRECTION('',(-0.,-0.,-1.));
#10198 = DIRECTION('',(-1.,0.,0.));
#10199 = ADVANCED_FACE('',(#10200),#10211,.F.);
#10200 = FACE_BOUND('',#10201,.T.);
#10201 = EDGE_LOOP('',(#10202,#10203,#10209,#10210));
#10202 = ORIENTED_EDGE('',*,*,#10186,.T.);
#10203 = ORIENTED_EDGE('',*,*,#10204,.T.);
#10204 = EDGE_CURVE('',#10187,#10167,#10205,.T.);
#10205 = LINE('',#10206,#10207);
#10206 = CARTESIAN_POINT('',(210.312,-68.244,-4.6E-02));
#10207 = VECTOR('',#10208,1.);
#10208 = DIRECTION('',(0.,0.,1.));
#10209 = ORIENTED_EDGE('',*,*,#10166,.F.);
#10210 = ORIENTED_EDGE('',*,*,#10204,.F.);
#10211 = CYLINDRICAL_SURFACE('',#10212,0.4195);
#10212 = AXIS2_PLACEMENT_3D('',#10213,#10214,#10215);
#10213 = CARTESIAN_POINT('',(210.312,-67.8245,-4.6E-02));
#10214 = DIRECTION('',(-0.,-0.,-1.));
#10215 = DIRECTION('',(-0.,-1.,0.));
#10216 = MANIFOLD_SOLID_BREP('',#10217);
#10217 = CLOSED_SHELL('',(#10218,#10251,#10271,#10291));
#10218 = ADVANCED_FACE('',(#10219),#10246,.T.);
#10219 = FACE_BOUND('',#10220,.F.);
#10220 = EDGE_LOOP('',(#10221,#10231,#10238,#10239));
#10221 = ORIENTED_EDGE('',*,*,#10222,.T.);
#10222 = EDGE_CURVE('',#10223,#10225,#10227,.T.);
#10223 = VERTEX_POINT('',#10224);
#10224 = CARTESIAN_POINT('',(210.312,-68.269,-4.E-02));
#10225 = VERTEX_POINT('',#10226);
#10226 = CARTESIAN_POINT('',(210.312,-68.269,1.55));
#10227 = LINE('',#10228,#10229);
#10228 = CARTESIAN_POINT('',(210.312,-68.269,-4.E-02));
#10229 = VECTOR('',#10230,1.);
#10230 = DIRECTION('',(0.,0.,1.));
#10231 = ORIENTED_EDGE('',*,*,#10232,.T.);
#10232 = EDGE_CURVE('',#10225,#10225,#10233,.T.);
#10233 = CIRCLE('',#10234,0.4445);
#10234 = AXIS2_PLACEMENT_3D('',#10235,#10236,#10237);
#10235 = CARTESIAN_POINT('',(210.312,-67.8245,1.55));
#10236 = DIRECTION('',(0.,0.,1.));
#10237 = DIRECTION('',(-0.,-1.,0.));
#10238 = ORIENTED_EDGE('',*,*,#10222,.F.);
#10239 = ORIENTED_EDGE('',*,*,#10240,.F.);
#10240 = EDGE_CURVE('',#10223,#10223,#10241,.T.);
#10241 = CIRCLE('',#10242,0.4445);
#10242 = AXIS2_PLACEMENT_3D('',#10243,#10244,#10245);
#10243 = CARTESIAN_POINT('',(210.312,-67.8245,-4.E-02));
#10244 = DIRECTION('',(0.,0.,1.));
#10245 = DIRECTION('',(-0.,-1.,0.));
#10246 = CYLINDRICAL_SURFACE('',#10247,0.4445);
#10247 = AXIS2_PLACEMENT_3D('',#10248,#10249,#10250);
#10248 = CARTESIAN_POINT('',(210.312,-67.8245,-4.E-02));
#10249 = DIRECTION('',(-0.,-0.,-1.));
#10250 = DIRECTION('',(-0.,-1.,0.));
#10251 = ADVANCED_FACE('',(#10252,#10255),#10266,.F.);
#10252 = FACE_BOUND('',#10253,.F.);
#10253 = EDGE_LOOP('',(#10254));
#10254 = ORIENTED_EDGE('',*,*,#10240,.T.);
#10255 = FACE_BOUND('',#10256,.F.);
#10256 = EDGE_LOOP('',(#10257));
#10257 = ORIENTED_EDGE('',*,*,#10258,.T.);
#10258 = EDGE_CURVE('',#10259,#10259,#10261,.T.);
#10259 = VERTEX_POINT('',#10260);
#10260 = CARTESIAN_POINT('',(210.312,-68.244,-4.E-02));
#10261 = CIRCLE('',#10262,0.4195);
#10262 = AXIS2_PLACEMENT_3D('',#10263,#10264,#10265);
#10263 = CARTESIAN_POINT('',(210.312,-67.8245,-4.E-02));
#10264 = DIRECTION('',(-0.,0.,-1.));
#10265 = DIRECTION('',(-0.,-1.,0.));
#10266 = PLANE('',#10267);
#10267 = AXIS2_PLACEMENT_3D('',#10268,#10269,#10270);
#10268 = CARTESIAN_POINT('',(210.312,-68.269,-4.E-02));
#10269 = DIRECTION('',(0.,0.,1.));
#10270 = DIRECTION('',(1.,0.,-0.));
#10271 = ADVANCED_FACE('',(#10272,#10275),#10286,.T.);
#10272 = FACE_BOUND('',#10273,.T.);
#10273 = EDGE_LOOP('',(#10274));
#10274 = ORIENTED_EDGE('',*,*,#10232,.T.);
#10275 = FACE_BOUND('',#10276,.T.);
#10276 = EDGE_LOOP('',(#10277));
#10277 = ORIENTED_EDGE('',*,*,#10278,.T.);
#10278 = EDGE_CURVE('',#10279,#10279,#10281,.T.);
#10279 = VERTEX_POINT('',#10280);
#10280 = CARTESIAN_POINT('',(210.312,-68.244,1.55));
#10281 = CIRCLE('',#10282,0.4195);
#10282 = AXIS2_PLACEMENT_3D('',#10283,#10284,#10285);
#10283 = CARTESIAN_POINT('',(210.312,-67.8245,1.55));
#10284 = DIRECTION('',(-0.,0.,-1.));
#10285 = DIRECTION('',(-0.,-1.,0.));
#10286 = PLANE('',#10287);
#10287 = AXIS2_PLACEMENT_3D('',#10288,#10289,#10290);
#10288 = CARTESIAN_POINT('',(210.312,-68.269,1.55));
#10289 = DIRECTION('',(0.,0.,1.));
#10290 = DIRECTION('',(1.,0.,-0.));
#10291 = ADVANCED_FACE('',(#10292),#10303,.F.);
#10292 = FACE_BOUND('',#10293,.T.);
#10293 = EDGE_LOOP('',(#10294,#10295,#10301,#10302));
#10294 = ORIENTED_EDGE('',*,*,#10258,.T.);
#10295 = ORIENTED_EDGE('',*,*,#10296,.T.);
#10296 = EDGE_CURVE('',#10259,#10279,#10297,.T.);
#10297 = LINE('',#10298,#10299);
#10298 = CARTESIAN_POINT('',(210.312,-68.244,-4.6E-02));
#10299 = VECTOR('',#10300,1.);
#10300 = DIRECTION('',(0.,0.,1.));
#10301 = ORIENTED_EDGE('',*,*,#10278,.F.);
#10302 = ORIENTED_EDGE('',*,*,#10296,.F.);
#10303 = CYLINDRICAL_SURFACE('',#10304,0.4195);
#10304 = AXIS2_PLACEMENT_3D('',#10305,#10306,#10307);
#10305 = CARTESIAN_POINT('',(210.312,-67.8245,-4.6E-02));
#10306 = DIRECTION('',(-0.,-0.,-1.));
#10307 = DIRECTION('',(-0.,-1.,0.));
#10308 = MANIFOLD_SOLID_BREP('',#10309);
#10309 = CLOSED_SHELL('',(#10310,#10352,#10383,#10414,#10492,#10570,
    #10587,#10604,#10621,#10638,#10655,#10672,#10689));
#10310 = ADVANCED_FACE('',(#10311),#10347,.T.);
#10311 = FACE_BOUND('',#10312,.T.);
#10312 = EDGE_LOOP('',(#10313,#10323,#10332,#10340));
#10313 = ORIENTED_EDGE('',*,*,#10314,.T.);
#10314 = EDGE_CURVE('',#10315,#10317,#10319,.T.);
#10315 = VERTEX_POINT('',#10316);
#10316 = CARTESIAN_POINT('',(209.931,-67.2149,1.51));
#10317 = VERTEX_POINT('',#10318);
#10318 = CARTESIAN_POINT('',(209.931,-67.2149,1.55));
#10319 = LINE('',#10320,#10321);
#10320 = CARTESIAN_POINT('',(209.931,-67.2149,1.51));
#10321 = VECTOR('',#10322,1.);
#10322 = DIRECTION('',(0.,0.,1.));
#10323 = ORIENTED_EDGE('',*,*,#10324,.T.);
#10324 = EDGE_CURVE('',#10317,#10325,#10327,.T.);
#10325 = VERTEX_POINT('',#10326);
#10326 = CARTESIAN_POINT('',(210.0834,-67.0625,1.55));
#10327 = CIRCLE('',#10328,0.152400250784);
#10328 = AXIS2_PLACEMENT_3D('',#10329,#10330,#10331);
#10329 = CARTESIAN_POINT('',(210.08340025078,-67.21490025078,1.55));
#10330 = DIRECTION('',(0.,0.,-1.));
#10331 = DIRECTION('',(-0.999999999999,1.645562329516E-06,0.));
#10332 = ORIENTED_EDGE('',*,*,#10333,.F.);
#10333 = EDGE_CURVE('',#10334,#10325,#10336,.T.);
#10334 = VERTEX_POINT('',#10335);
#10335 = CARTESIAN_POINT('',(210.0834,-67.0625,1.51));
#10336 = LINE('',#10337,#10338);
#10337 = CARTESIAN_POINT('',(210.0834,-67.0625,1.51));
#10338 = VECTOR('',#10339,1.);
#10339 = DIRECTION('',(0.,0.,1.));
#10340 = ORIENTED_EDGE('',*,*,#10341,.F.);
#10341 = EDGE_CURVE('',#10315,#10334,#10342,.T.);
#10342 = CIRCLE('',#10343,0.152400250784);
#10343 = AXIS2_PLACEMENT_3D('',#10344,#10345,#10346);
#10344 = CARTESIAN_POINT('',(210.08340025078,-67.21490025078,1.51));
#10345 = DIRECTION('',(0.,0.,-1.));
#10346 = DIRECTION('',(-0.999999999999,1.645562329516E-06,0.));
#10347 = CYLINDRICAL_SURFACE('',#10348,0.152400250784);
#10348 = AXIS2_PLACEMENT_3D('',#10349,#10350,#10351);
#10349 = CARTESIAN_POINT('',(210.08340025078,-67.21490025078,1.51));
#10350 = DIRECTION('',(0.,0.,-1.));
#10351 = DIRECTION('',(-0.999999999999,1.645562329516E-06,0.));
#10352 = ADVANCED_FACE('',(#10353),#10378,.T.);
#10353 = FACE_BOUND('',#10354,.T.);
#10354 = EDGE_LOOP('',(#10355,#10363,#10371,#10377));
#10355 = ORIENTED_EDGE('',*,*,#10356,.F.);
#10356 = EDGE_CURVE('',#10357,#10315,#10359,.T.);
#10357 = VERTEX_POINT('',#10358);
#10358 = CARTESIAN_POINT('',(209.931,-67.64894587731,1.51));
#10359 = LINE('',#10360,#10361);
#10360 = CARTESIAN_POINT('',(209.931,-68.4341,1.51));
#10361 = VECTOR('',#10362,1.);
#10362 = DIRECTION('',(0.,1.,0.));
#10363 = ORIENTED_EDGE('',*,*,#10364,.F.);
#10364 = EDGE_CURVE('',#10365,#10357,#10367,.T.);
#10365 = VERTEX_POINT('',#10366);
#10366 = CARTESIAN_POINT('',(209.931,-67.64894587731,1.55));
#10367 = LINE('',#10368,#10369);
#10368 = CARTESIAN_POINT('',(209.931,-67.64894587729,-4.6E-02));
#10369 = VECTOR('',#10370,1.);
#10370 = DIRECTION('',(-0.,-0.,-1.));
#10371 = ORIENTED_EDGE('',*,*,#10372,.T.);
#10372 = EDGE_CURVE('',#10365,#10317,#10373,.T.);
#10373 = LINE('',#10374,#10375);
#10374 = CARTESIAN_POINT('',(209.931,-68.4341,1.55));
#10375 = VECTOR('',#10376,1.);
#10376 = DIRECTION('',(0.,1.,0.));
#10377 = ORIENTED_EDGE('',*,*,#10314,.F.);
#10378 = PLANE('',#10379);
#10379 = AXIS2_PLACEMENT_3D('',#10380,#10381,#10382);
#10380 = CARTESIAN_POINT('',(209.931,-68.4341,1.51));
#10381 = DIRECTION('',(-1.,0.,0.));
#10382 = DIRECTION('',(0.,1.,0.));
#10383 = ADVANCED_FACE('',(#10384),#10409,.T.);
#10384 = FACE_BOUND('',#10385,.T.);
#10385 = EDGE_LOOP('',(#10386,#10387,#10395,#10403));
#10386 = ORIENTED_EDGE('',*,*,#10333,.T.);
#10387 = ORIENTED_EDGE('',*,*,#10388,.T.);
#10388 = EDGE_CURVE('',#10325,#10389,#10391,.T.);
#10389 = VERTEX_POINT('',#10390);
#10390 = CARTESIAN_POINT('',(212.2106,-67.0625,1.55));
#10391 = LINE('',#10392,#10393);
#10392 = CARTESIAN_POINT('',(210.0834,-67.0625,1.55));
#10393 = VECTOR('',#10394,1.);
#10394 = DIRECTION('',(1.,0.,0.));
#10395 = ORIENTED_EDGE('',*,*,#10396,.F.);
#10396 = EDGE_CURVE('',#10397,#10389,#10399,.T.);
#10397 = VERTEX_POINT('',#10398);
#10398 = CARTESIAN_POINT('',(212.2106,-67.0625,1.51));
#10399 = LINE('',#10400,#10401);
#10400 = CARTESIAN_POINT('',(212.2106,-67.0625,1.51));
#10401 = VECTOR('',#10402,1.);
#10402 = DIRECTION('',(0.,0.,1.));
#10403 = ORIENTED_EDGE('',*,*,#10404,.F.);
#10404 = EDGE_CURVE('',#10334,#10397,#10405,.T.);
#10405 = LINE('',#10406,#10407);
#10406 = CARTESIAN_POINT('',(210.0834,-67.0625,1.51));
#10407 = VECTOR('',#10408,1.);
#10408 = DIRECTION('',(1.,0.,0.));
#10409 = PLANE('',#10410);
#10410 = AXIS2_PLACEMENT_3D('',#10411,#10412,#10413);
#10411 = CARTESIAN_POINT('',(210.0834,-67.0625,1.51));
#10412 = DIRECTION('',(0.,1.,0.));
#10413 = DIRECTION('',(1.,0.,0.));
#10414 = ADVANCED_FACE('',(#10415),#10487,.F.);
#10415 = FACE_BOUND('',#10416,.F.);
#10416 = EDGE_LOOP('',(#10417,#10418,#10419,#10428,#10437,#10445,#10454,
    #10462,#10471,#10479,#10486));
#10417 = ORIENTED_EDGE('',*,*,#10341,.F.);
#10418 = ORIENTED_EDGE('',*,*,#10356,.F.);
#10419 = ORIENTED_EDGE('',*,*,#10420,.T.);
#10420 = EDGE_CURVE('',#10357,#10421,#10423,.T.);
#10421 = VERTEX_POINT('',#10422);
#10422 = CARTESIAN_POINT('',(210.312,-68.244,1.51));
#10423 = CIRCLE('',#10424,0.4195);
#10424 = AXIS2_PLACEMENT_3D('',#10425,#10426,#10427);
#10425 = CARTESIAN_POINT('',(210.312,-67.8245,1.51));
#10426 = DIRECTION('',(-0.,0.,-1.));
#10427 = DIRECTION('',(-0.,-1.,0.));
#10428 = ORIENTED_EDGE('',*,*,#10429,.T.);
#10429 = EDGE_CURVE('',#10421,#10430,#10432,.T.);
#10430 = VERTEX_POINT('',#10431);
#10431 = CARTESIAN_POINT('',(209.931,-68.00005412268,1.51));
#10432 = CIRCLE('',#10433,0.4195);
#10433 = AXIS2_PLACEMENT_3D('',#10434,#10435,#10436);
#10434 = CARTESIAN_POINT('',(210.312,-67.8245,1.51));
#10435 = DIRECTION('',(-0.,0.,-1.));
#10436 = DIRECTION('',(-0.,-1.,0.));
#10437 = ORIENTED_EDGE('',*,*,#10438,.F.);
#10438 = EDGE_CURVE('',#10439,#10430,#10441,.T.);
#10439 = VERTEX_POINT('',#10440);
#10440 = CARTESIAN_POINT('',(209.931,-68.4341,1.51));
#10441 = LINE('',#10442,#10443);
#10442 = CARTESIAN_POINT('',(209.931,-68.4341,1.51));
#10443 = VECTOR('',#10444,1.);
#10444 = DIRECTION('',(0.,1.,0.));
#10445 = ORIENTED_EDGE('',*,*,#10446,.F.);
#10446 = EDGE_CURVE('',#10447,#10439,#10449,.T.);
#10447 = VERTEX_POINT('',#10448);
#10448 = CARTESIAN_POINT('',(210.0834,-68.5865,1.51));
#10449 = CIRCLE('',#10450,0.152400250784);
#10450 = AXIS2_PLACEMENT_3D('',#10451,#10452,#10453);
#10451 = CARTESIAN_POINT('',(210.08340025078,-68.43409974921,1.51));
#10452 = DIRECTION('',(0.,0.,-1.));
#10453 = DIRECTION('',(-1.645562236269E-06,-0.999999999999,-0.));
#10454 = ORIENTED_EDGE('',*,*,#10455,.F.);
#10455 = EDGE_CURVE('',#10456,#10447,#10458,.T.);
#10456 = VERTEX_POINT('',#10457);
#10457 = CARTESIAN_POINT('',(212.2106,-68.5865,1.51));
#10458 = LINE('',#10459,#10460);
#10459 = CARTESIAN_POINT('',(212.2106,-68.5865,1.51));
#10460 = VECTOR('',#10461,1.);
#10461 = DIRECTION('',(-1.,0.,0.));
#10462 = ORIENTED_EDGE('',*,*,#10463,.F.);
#10463 = EDGE_CURVE('',#10464,#10456,#10466,.T.);
#10464 = VERTEX_POINT('',#10465);
#10465 = CARTESIAN_POINT('',(212.363,-68.4341,1.51));
#10466 = CIRCLE('',#10467,0.152400250784);
#10467 = AXIS2_PLACEMENT_3D('',#10468,#10469,#10470);
#10468 = CARTESIAN_POINT('',(212.21059974921,-68.43409974921,1.51));
#10469 = DIRECTION('',(0.,0.,-1.));
#10470 = DIRECTION('',(0.999999999999,-1.645562516009E-06,0.));
#10471 = ORIENTED_EDGE('',*,*,#10472,.F.);
#10472 = EDGE_CURVE('',#10473,#10464,#10475,.T.);
#10473 = VERTEX_POINT('',#10474);
#10474 = CARTESIAN_POINT('',(212.363,-67.2149,1.51));
#10475 = LINE('',#10476,#10477);
#10476 = CARTESIAN_POINT('',(212.363,-67.2149,1.51));
#10477 = VECTOR('',#10478,1.);
#10478 = DIRECTION('',(0.,-1.,0.));
#10479 = ORIENTED_EDGE('',*,*,#10480,.F.);
#10480 = EDGE_CURVE('',#10397,#10473,#10481,.T.);
#10481 = CIRCLE('',#10482,0.152400250784);
#10482 = AXIS2_PLACEMENT_3D('',#10483,#10484,#10485);
#10483 = CARTESIAN_POINT('',(212.21059974921,-67.21490025078,1.51));
#10484 = DIRECTION('',(0.,0.,-1.));
#10485 = DIRECTION('',(1.645562609256E-06,0.999999999999,0.));
#10486 = ORIENTED_EDGE('',*,*,#10404,.F.);
#10487 = PLANE('',#10488);
#10488 = AXIS2_PLACEMENT_3D('',#10489,#10490,#10491);
#10489 = CARTESIAN_POINT('',(0.,0.,1.51));
#10490 = DIRECTION('',(0.,0.,1.));
#10491 = DIRECTION('',(1.,0.,-0.));
#10492 = ADVANCED_FACE('',(#10493),#10565,.T.);
#10493 = FACE_BOUND('',#10494,.T.);
#10494 = EDGE_LOOP('',(#10495,#10496,#10497,#10506,#10515,#10523,#10532,
    #10540,#10549,#10557,#10564));
#10495 = ORIENTED_EDGE('',*,*,#10324,.F.);
#10496 = ORIENTED_EDGE('',*,*,#10372,.F.);
#10497 = ORIENTED_EDGE('',*,*,#10498,.T.);
#10498 = EDGE_CURVE('',#10365,#10499,#10501,.T.);
#10499 = VERTEX_POINT('',#10500);
#10500 = CARTESIAN_POINT('',(210.312,-68.244,1.55));
#10501 = CIRCLE('',#10502,0.4195);
#10502 = AXIS2_PLACEMENT_3D('',#10503,#10504,#10505);
#10503 = CARTESIAN_POINT('',(210.312,-67.8245,1.55));
#10504 = DIRECTION('',(-0.,0.,-1.));
#10505 = DIRECTION('',(-0.,-1.,0.));
#10506 = ORIENTED_EDGE('',*,*,#10507,.T.);
#10507 = EDGE_CURVE('',#10499,#10508,#10510,.T.);
#10508 = VERTEX_POINT('',#10509);
#10509 = CARTESIAN_POINT('',(209.931,-68.00005412268,1.55));
#10510 = CIRCLE('',#10511,0.4195);
#10511 = AXIS2_PLACEMENT_3D('',#10512,#10513,#10514);
#10512 = CARTESIAN_POINT('',(210.312,-67.8245,1.55));
#10513 = DIRECTION('',(-0.,0.,-1.));
#10514 = DIRECTION('',(-0.,-1.,0.));
#10515 = ORIENTED_EDGE('',*,*,#10516,.F.);
#10516 = EDGE_CURVE('',#10517,#10508,#10519,.T.);
#10517 = VERTEX_POINT('',#10518);
#10518 = CARTESIAN_POINT('',(209.931,-68.4341,1.55));
#10519 = LINE('',#10520,#10521);
#10520 = CARTESIAN_POINT('',(209.931,-68.4341,1.55));
#10521 = VECTOR('',#10522,1.);
#10522 = DIRECTION('',(0.,1.,0.));
#10523 = ORIENTED_EDGE('',*,*,#10524,.F.);
#10524 = EDGE_CURVE('',#10525,#10517,#10527,.T.);
#10525 = VERTEX_POINT('',#10526);
#10526 = CARTESIAN_POINT('',(210.0834,-68.5865,1.55));
#10527 = CIRCLE('',#10528,0.152400250784);
#10528 = AXIS2_PLACEMENT_3D('',#10529,#10530,#10531);
#10529 = CARTESIAN_POINT('',(210.08340025078,-68.43409974921,1.55));
#10530 = DIRECTION('',(0.,0.,-1.));
#10531 = DIRECTION('',(-1.645562236269E-06,-0.999999999999,-0.));
#10532 = ORIENTED_EDGE('',*,*,#10533,.F.);
#10533 = EDGE_CURVE('',#10534,#10525,#10536,.T.);
#10534 = VERTEX_POINT('',#10535);
#10535 = CARTESIAN_POINT('',(212.2106,-68.5865,1.55));
#10536 = LINE('',#10537,#10538);
#10537 = CARTESIAN_POINT('',(212.2106,-68.5865,1.55));
#10538 = VECTOR('',#10539,1.);
#10539 = DIRECTION('',(-1.,0.,0.));
#10540 = ORIENTED_EDGE('',*,*,#10541,.F.);
#10541 = EDGE_CURVE('',#10542,#10534,#10544,.T.);
#10542 = VERTEX_POINT('',#10543);
#10543 = CARTESIAN_POINT('',(212.363,-68.4341,1.55));
#10544 = CIRCLE('',#10545,0.152400250784);
#10545 = AXIS2_PLACEMENT_3D('',#10546,#10547,#10548);
#10546 = CARTESIAN_POINT('',(212.21059974921,-68.43409974921,1.55));
#10547 = DIRECTION('',(0.,0.,-1.));
#10548 = DIRECTION('',(0.999999999999,-1.645562516009E-06,0.));
#10549 = ORIENTED_EDGE('',*,*,#10550,.F.);
#10550 = EDGE_CURVE('',#10551,#10542,#10553,.T.);
#10551 = VERTEX_POINT('',#10552);
#10552 = CARTESIAN_POINT('',(212.363,-67.2149,1.55));
#10553 = LINE('',#10554,#10555);
#10554 = CARTESIAN_POINT('',(212.363,-67.2149,1.55));
#10555 = VECTOR('',#10556,1.);
#10556 = DIRECTION('',(0.,-1.,0.));
#10557 = ORIENTED_EDGE('',*,*,#10558,.F.);
#10558 = EDGE_CURVE('',#10389,#10551,#10559,.T.);
#10559 = CIRCLE('',#10560,0.152400250784);
#10560 = AXIS2_PLACEMENT_3D('',#10561,#10562,#10563);
#10561 = CARTESIAN_POINT('',(212.21059974921,-67.21490025078,1.55));
#10562 = DIRECTION('',(0.,0.,-1.));
#10563 = DIRECTION('',(1.645562609256E-06,0.999999999999,0.));
#10564 = ORIENTED_EDGE('',*,*,#10388,.F.);
#10565 = PLANE('',#10566);
#10566 = AXIS2_PLACEMENT_3D('',#10567,#10568,#10569);
#10567 = CARTESIAN_POINT('',(0.,0.,1.55));
#10568 = DIRECTION('',(0.,0.,1.));
#10569 = DIRECTION('',(1.,0.,-0.));
#10570 = ADVANCED_FACE('',(#10571),#10582,.F.);
#10571 = FACE_BOUND('',#10572,.T.);
#10572 = EDGE_LOOP('',(#10573,#10574,#10580,#10581));
#10573 = ORIENTED_EDGE('',*,*,#10420,.T.);
#10574 = ORIENTED_EDGE('',*,*,#10575,.T.);
#10575 = EDGE_CURVE('',#10421,#10499,#10576,.T.);
#10576 = LINE('',#10577,#10578);
#10577 = CARTESIAN_POINT('',(210.312,-68.244,-4.6E-02));
#10578 = VECTOR('',#10579,1.);
#10579 = DIRECTION('',(0.,0.,1.));
#10580 = ORIENTED_EDGE('',*,*,#10498,.F.);
#10581 = ORIENTED_EDGE('',*,*,#10364,.T.);
#10582 = CYLINDRICAL_SURFACE('',#10583,0.4195);
#10583 = AXIS2_PLACEMENT_3D('',#10584,#10585,#10586);
#10584 = CARTESIAN_POINT('',(210.312,-67.8245,-4.6E-02));
#10585 = DIRECTION('',(-0.,-0.,-1.));
#10586 = DIRECTION('',(-0.,-1.,0.));
#10587 = ADVANCED_FACE('',(#10588),#10599,.T.);
#10588 = FACE_BOUND('',#10589,.T.);
#10589 = EDGE_LOOP('',(#10590,#10591,#10592,#10598));
#10590 = ORIENTED_EDGE('',*,*,#10396,.T.);
#10591 = ORIENTED_EDGE('',*,*,#10558,.T.);
#10592 = ORIENTED_EDGE('',*,*,#10593,.F.);
#10593 = EDGE_CURVE('',#10473,#10551,#10594,.T.);
#10594 = LINE('',#10595,#10596);
#10595 = CARTESIAN_POINT('',(212.363,-67.2149,1.51));
#10596 = VECTOR('',#10597,1.);
#10597 = DIRECTION('',(0.,0.,1.));
#10598 = ORIENTED_EDGE('',*,*,#10480,.F.);
#10599 = CYLINDRICAL_SURFACE('',#10600,0.152400250784);
#10600 = AXIS2_PLACEMENT_3D('',#10601,#10602,#10603);
#10601 = CARTESIAN_POINT('',(212.21059974921,-67.21490025078,1.51));
#10602 = DIRECTION('',(0.,0.,-1.));
#10603 = DIRECTION('',(1.645562609256E-06,0.999999999999,0.));
#10604 = ADVANCED_FACE('',(#10605),#10616,.T.);
#10605 = FACE_BOUND('',#10606,.T.);
#10606 = EDGE_LOOP('',(#10607,#10608,#10609,#10615));
#10607 = ORIENTED_EDGE('',*,*,#10593,.T.);
#10608 = ORIENTED_EDGE('',*,*,#10550,.T.);
#10609 = ORIENTED_EDGE('',*,*,#10610,.F.);
#10610 = EDGE_CURVE('',#10464,#10542,#10611,.T.);
#10611 = LINE('',#10612,#10613);
#10612 = CARTESIAN_POINT('',(212.363,-68.4341,1.51));
#10613 = VECTOR('',#10614,1.);
#10614 = DIRECTION('',(0.,0.,1.));
#10615 = ORIENTED_EDGE('',*,*,#10472,.F.);
#10616 = PLANE('',#10617);
#10617 = AXIS2_PLACEMENT_3D('',#10618,#10619,#10620);
#10618 = CARTESIAN_POINT('',(212.363,-67.2149,1.51));
#10619 = DIRECTION('',(1.,0.,-0.));
#10620 = DIRECTION('',(0.,-1.,0.));
#10621 = ADVANCED_FACE('',(#10622),#10633,.T.);
#10622 = FACE_BOUND('',#10623,.T.);
#10623 = EDGE_LOOP('',(#10624,#10625,#10626,#10632));
#10624 = ORIENTED_EDGE('',*,*,#10610,.T.);
#10625 = ORIENTED_EDGE('',*,*,#10541,.T.);
#10626 = ORIENTED_EDGE('',*,*,#10627,.F.);
#10627 = EDGE_CURVE('',#10456,#10534,#10628,.T.);
#10628 = LINE('',#10629,#10630);
#10629 = CARTESIAN_POINT('',(212.2106,-68.5865,1.51));
#10630 = VECTOR('',#10631,1.);
#10631 = DIRECTION('',(0.,0.,1.));
#10632 = ORIENTED_EDGE('',*,*,#10463,.F.);
#10633 = CYLINDRICAL_SURFACE('',#10634,0.152400250784);
#10634 = AXIS2_PLACEMENT_3D('',#10635,#10636,#10637);
#10635 = CARTESIAN_POINT('',(212.21059974921,-68.43409974921,1.51));
#10636 = DIRECTION('',(0.,0.,-1.));
#10637 = DIRECTION('',(0.999999999999,-1.645562516009E-06,0.));
#10638 = ADVANCED_FACE('',(#10639),#10650,.T.);
#10639 = FACE_BOUND('',#10640,.T.);
#10640 = EDGE_LOOP('',(#10641,#10642,#10643,#10649));
#10641 = ORIENTED_EDGE('',*,*,#10627,.T.);
#10642 = ORIENTED_EDGE('',*,*,#10533,.T.);
#10643 = ORIENTED_EDGE('',*,*,#10644,.F.);
#10644 = EDGE_CURVE('',#10447,#10525,#10645,.T.);
#10645 = LINE('',#10646,#10647);
#10646 = CARTESIAN_POINT('',(210.0834,-68.5865,1.51));
#10647 = VECTOR('',#10648,1.);
#10648 = DIRECTION('',(0.,0.,1.));
#10649 = ORIENTED_EDGE('',*,*,#10455,.F.);
#10650 = PLANE('',#10651);
#10651 = AXIS2_PLACEMENT_3D('',#10652,#10653,#10654);
#10652 = CARTESIAN_POINT('',(212.2106,-68.5865,1.51));
#10653 = DIRECTION('',(0.,-1.,0.));
#10654 = DIRECTION('',(-1.,0.,0.));
#10655 = ADVANCED_FACE('',(#10656),#10667,.T.);
#10656 = FACE_BOUND('',#10657,.T.);
#10657 = EDGE_LOOP('',(#10658,#10659,#10660,#10666));
#10658 = ORIENTED_EDGE('',*,*,#10644,.T.);
#10659 = ORIENTED_EDGE('',*,*,#10524,.T.);
#10660 = ORIENTED_EDGE('',*,*,#10661,.F.);
#10661 = EDGE_CURVE('',#10439,#10517,#10662,.T.);
#10662 = LINE('',#10663,#10664);
#10663 = CARTESIAN_POINT('',(209.931,-68.4341,1.51));
#10664 = VECTOR('',#10665,1.);
#10665 = DIRECTION('',(0.,0.,1.));
#10666 = ORIENTED_EDGE('',*,*,#10446,.F.);
#10667 = CYLINDRICAL_SURFACE('',#10668,0.152400250784);
#10668 = AXIS2_PLACEMENT_3D('',#10669,#10670,#10671);
#10669 = CARTESIAN_POINT('',(210.08340025078,-68.43409974921,1.51));
#10670 = DIRECTION('',(0.,0.,-1.));
#10671 = DIRECTION('',(-1.645562236269E-06,-0.999999999999,-0.));
#10672 = ADVANCED_FACE('',(#10673),#10684,.T.);
#10673 = FACE_BOUND('',#10674,.T.);
#10674 = EDGE_LOOP('',(#10675,#10676,#10677,#10678));
#10675 = ORIENTED_EDGE('',*,*,#10438,.F.);
#10676 = ORIENTED_EDGE('',*,*,#10661,.T.);
#10677 = ORIENTED_EDGE('',*,*,#10516,.T.);
#10678 = ORIENTED_EDGE('',*,*,#10679,.T.);
#10679 = EDGE_CURVE('',#10508,#10430,#10680,.T.);
#10680 = LINE('',#10681,#10682);
#10681 = CARTESIAN_POINT('',(209.931,-68.0000541227,-4.6E-02));
#10682 = VECTOR('',#10683,1.);
#10683 = DIRECTION('',(-0.,-0.,-1.));
#10684 = PLANE('',#10685);
#10685 = AXIS2_PLACEMENT_3D('',#10686,#10687,#10688);
#10686 = CARTESIAN_POINT('',(209.931,-68.4341,1.51));
#10687 = DIRECTION('',(-1.,0.,0.));
#10688 = DIRECTION('',(0.,1.,0.));
#10689 = ADVANCED_FACE('',(#10690),#10696,.F.);
#10690 = FACE_BOUND('',#10691,.T.);
#10691 = EDGE_LOOP('',(#10692,#10693,#10694,#10695));
#10692 = ORIENTED_EDGE('',*,*,#10575,.F.);
#10693 = ORIENTED_EDGE('',*,*,#10429,.T.);
#10694 = ORIENTED_EDGE('',*,*,#10679,.F.);
#10695 = ORIENTED_EDGE('',*,*,#10507,.F.);
#10696 = CYLINDRICAL_SURFACE('',#10697,0.4195);
#10697 = AXIS2_PLACEMENT_3D('',#10698,#10699,#10700);
#10698 = CARTESIAN_POINT('',(210.312,-67.8245,-4.6E-02));
#10699 = DIRECTION('',(-0.,-0.,-1.));
#10700 = DIRECTION('',(-0.,-1.,0.));
#10701 = MANIFOLD_SOLID_BREP('',#10702);
#10702 = CLOSED_SHELL('',(#10703,#10736,#10756,#10776));
#10703 = ADVANCED_FACE('',(#10704),#10731,.T.);
#10704 = FACE_BOUND('',#10705,.F.);
#10705 = EDGE_LOOP('',(#10706,#10716,#10723,#10724));
#10706 = ORIENTED_EDGE('',*,*,#10707,.T.);
#10707 = EDGE_CURVE('',#10708,#10710,#10712,.T.);
#10708 = VERTEX_POINT('',#10709);
#10709 = CARTESIAN_POINT('',(144.365,-86.495,1.51));
#10710 = VERTEX_POINT('',#10711);
#10711 = CARTESIAN_POINT('',(144.365,-86.495,1.55));
#10712 = LINE('',#10713,#10714);
#10713 = CARTESIAN_POINT('',(144.365,-86.495,1.51));
#10714 = VECTOR('',#10715,1.);
#10715 = DIRECTION('',(0.,0.,1.));
#10716 = ORIENTED_EDGE('',*,*,#10717,.T.);
#10717 = EDGE_CURVE('',#10710,#10710,#10718,.T.);
#10718 = CIRCLE('',#10719,1.1);
#10719 = AXIS2_PLACEMENT_3D('',#10720,#10721,#10722);
#10720 = CARTESIAN_POINT('',(143.265,-86.495,1.55));
#10721 = DIRECTION('',(0.,0.,1.));
#10722 = DIRECTION('',(1.,0.,-0.));
#10723 = ORIENTED_EDGE('',*,*,#10707,.F.);
#10724 = ORIENTED_EDGE('',*,*,#10725,.F.);
#10725 = EDGE_CURVE('',#10708,#10708,#10726,.T.);
#10726 = CIRCLE('',#10727,1.1);
#10727 = AXIS2_PLACEMENT_3D('',#10728,#10729,#10730);
#10728 = CARTESIAN_POINT('',(143.265,-86.495,1.51));
#10729 = DIRECTION('',(0.,0.,1.));
#10730 = DIRECTION('',(1.,0.,-0.));
#10731 = CYLINDRICAL_SURFACE('',#10732,1.1);
#10732 = AXIS2_PLACEMENT_3D('',#10733,#10734,#10735);
#10733 = CARTESIAN_POINT('',(143.265,-86.495,1.51));
#10734 = DIRECTION('',(-0.,-0.,-1.));
#10735 = DIRECTION('',(1.,0.,-0.));
#10736 = ADVANCED_FACE('',(#10737,#10740),#10751,.F.);
#10737 = FACE_BOUND('',#10738,.F.);
#10738 = EDGE_LOOP('',(#10739));
#10739 = ORIENTED_EDGE('',*,*,#10725,.T.);
#10740 = FACE_BOUND('',#10741,.F.);
#10741 = EDGE_LOOP('',(#10742));
#10742 = ORIENTED_EDGE('',*,*,#10743,.T.);
#10743 = EDGE_CURVE('',#10744,#10744,#10746,.T.);
#10744 = VERTEX_POINT('',#10745);
#10745 = CARTESIAN_POINT('',(143.265,-87.22,1.51));
#10746 = CIRCLE('',#10747,0.725);
#10747 = AXIS2_PLACEMENT_3D('',#10748,#10749,#10750);
#10748 = CARTESIAN_POINT('',(143.265,-86.495,1.51));
#10749 = DIRECTION('',(-0.,0.,-1.));
#10750 = DIRECTION('',(-0.,-1.,0.));
#10751 = PLANE('',#10752);
#10752 = AXIS2_PLACEMENT_3D('',#10753,#10754,#10755);
#10753 = CARTESIAN_POINT('',(0.,0.,1.51));
#10754 = DIRECTION('',(0.,0.,1.));
#10755 = DIRECTION('',(1.,0.,-0.));
#10756 = ADVANCED_FACE('',(#10757,#10760),#10771,.T.);
#10757 = FACE_BOUND('',#10758,.T.);
#10758 = EDGE_LOOP('',(#10759));
#10759 = ORIENTED_EDGE('',*,*,#10717,.T.);
#10760 = FACE_BOUND('',#10761,.T.);
#10761 = EDGE_LOOP('',(#10762));
#10762 = ORIENTED_EDGE('',*,*,#10763,.T.);
#10763 = EDGE_CURVE('',#10764,#10764,#10766,.T.);
#10764 = VERTEX_POINT('',#10765);
#10765 = CARTESIAN_POINT('',(143.265,-87.22,1.55));
#10766 = CIRCLE('',#10767,0.725);
#10767 = AXIS2_PLACEMENT_3D('',#10768,#10769,#10770);
#10768 = CARTESIAN_POINT('',(143.265,-86.495,1.55));
#10769 = DIRECTION('',(-0.,0.,-1.));
#10770 = DIRECTION('',(-0.,-1.,0.));
#10771 = PLANE('',#10772);
#10772 = AXIS2_PLACEMENT_3D('',#10773,#10774,#10775);
#10773 = CARTESIAN_POINT('',(0.,0.,1.55));
#10774 = DIRECTION('',(0.,0.,1.));
#10775 = DIRECTION('',(1.,0.,-0.));
#10776 = ADVANCED_FACE('',(#10777),#10788,.F.);
#10777 = FACE_BOUND('',#10778,.T.);
#10778 = EDGE_LOOP('',(#10779,#10780,#10786,#10787));
#10779 = ORIENTED_EDGE('',*,*,#10743,.T.);
#10780 = ORIENTED_EDGE('',*,*,#10781,.T.);
#10781 = EDGE_CURVE('',#10744,#10764,#10782,.T.);
#10782 = LINE('',#10783,#10784);
#10783 = CARTESIAN_POINT('',(143.265,-87.22,-4.6E-02));
#10784 = VECTOR('',#10785,1.);
#10785 = DIRECTION('',(0.,0.,1.));
#10786 = ORIENTED_EDGE('',*,*,#10763,.F.);
#10787 = ORIENTED_EDGE('',*,*,#10781,.F.);
#10788 = CYLINDRICAL_SURFACE('',#10789,0.725);
#10789 = AXIS2_PLACEMENT_3D('',#10790,#10791,#10792);
#10790 = CARTESIAN_POINT('',(143.265,-86.495,-4.6E-02));
#10791 = DIRECTION('',(-0.,-0.,-1.));
#10792 = DIRECTION('',(-0.,-1.,0.));
#10793 = MANIFOLD_SOLID_BREP('',#10794);
#10794 = CLOSED_SHELL('',(#10795,#10828,#10848,#10868));
#10795 = ADVANCED_FACE('',(#10796),#10823,.T.);
#10796 = FACE_BOUND('',#10797,.T.);
#10797 = EDGE_LOOP('',(#10798,#10808,#10815,#10816));
#10798 = ORIENTED_EDGE('',*,*,#10799,.T.);
#10799 = EDGE_CURVE('',#10800,#10802,#10804,.T.);
#10800 = VERTEX_POINT('',#10801);
#10801 = CARTESIAN_POINT('',(144.365,-86.495,0.));
#10802 = VERTEX_POINT('',#10803);
#10803 = CARTESIAN_POINT('',(144.365,-86.495,-4.E-02));
#10804 = LINE('',#10805,#10806);
#10805 = CARTESIAN_POINT('',(144.365,-86.495,0.));
#10806 = VECTOR('',#10807,1.);
#10807 = DIRECTION('',(0.,0.,-1.));
#10808 = ORIENTED_EDGE('',*,*,#10809,.T.);
#10809 = EDGE_CURVE('',#10802,#10802,#10810,.T.);
#10810 = CIRCLE('',#10811,1.1);
#10811 = AXIS2_PLACEMENT_3D('',#10812,#10813,#10814);
#10812 = CARTESIAN_POINT('',(143.265,-86.495,-4.E-02));
#10813 = DIRECTION('',(0.,0.,1.));
#10814 = DIRECTION('',(1.,0.,-0.));
#10815 = ORIENTED_EDGE('',*,*,#10799,.F.);
#10816 = ORIENTED_EDGE('',*,*,#10817,.F.);
#10817 = EDGE_CURVE('',#10800,#10800,#10818,.T.);
#10818 = CIRCLE('',#10819,1.1);
#10819 = AXIS2_PLACEMENT_3D('',#10820,#10821,#10822);
#10820 = CARTESIAN_POINT('',(143.265,-86.495,0.));
#10821 = DIRECTION('',(0.,0.,1.));
#10822 = DIRECTION('',(1.,0.,-0.));
#10823 = CYLINDRICAL_SURFACE('',#10824,1.1);
#10824 = AXIS2_PLACEMENT_3D('',#10825,#10826,#10827);
#10825 = CARTESIAN_POINT('',(143.265,-86.495,0.));
#10826 = DIRECTION('',(0.,0.,1.));
#10827 = DIRECTION('',(1.,0.,-0.));
#10828 = ADVANCED_FACE('',(#10829,#10832),#10843,.F.);
#10829 = FACE_BOUND('',#10830,.F.);
#10830 = EDGE_LOOP('',(#10831));
#10831 = ORIENTED_EDGE('',*,*,#10817,.F.);
#10832 = FACE_BOUND('',#10833,.F.);
#10833 = EDGE_LOOP('',(#10834));
#10834 = ORIENTED_EDGE('',*,*,#10835,.F.);
#10835 = EDGE_CURVE('',#10836,#10836,#10838,.T.);
#10836 = VERTEX_POINT('',#10837);
#10837 = CARTESIAN_POINT('',(143.265,-87.22,0.));
#10838 = CIRCLE('',#10839,0.725);
#10839 = AXIS2_PLACEMENT_3D('',#10840,#10841,#10842);
#10840 = CARTESIAN_POINT('',(143.265,-86.495,0.));
#10841 = DIRECTION('',(-0.,0.,-1.));
#10842 = DIRECTION('',(-0.,-1.,0.));
#10843 = PLANE('',#10844);
#10844 = AXIS2_PLACEMENT_3D('',#10845,#10846,#10847);
#10845 = CARTESIAN_POINT('',(0.,0.,0.));
#10846 = DIRECTION('',(-0.,-0.,-1.));
#10847 = DIRECTION('',(-1.,0.,0.));
#10848 = ADVANCED_FACE('',(#10849,#10852),#10863,.T.);
#10849 = FACE_BOUND('',#10850,.T.);
#10850 = EDGE_LOOP('',(#10851));
#10851 = ORIENTED_EDGE('',*,*,#10809,.F.);
#10852 = FACE_BOUND('',#10853,.T.);
#10853 = EDGE_LOOP('',(#10854));
#10854 = ORIENTED_EDGE('',*,*,#10855,.F.);
#10855 = EDGE_CURVE('',#10856,#10856,#10858,.T.);
#10856 = VERTEX_POINT('',#10857);
#10857 = CARTESIAN_POINT('',(143.265,-87.22,-4.E-02));
#10858 = CIRCLE('',#10859,0.725);
#10859 = AXIS2_PLACEMENT_3D('',#10860,#10861,#10862);
#10860 = CARTESIAN_POINT('',(143.265,-86.495,-4.E-02));
#10861 = DIRECTION('',(-0.,0.,-1.));
#10862 = DIRECTION('',(-0.,-1.,0.));
#10863 = PLANE('',#10864);
#10864 = AXIS2_PLACEMENT_3D('',#10865,#10866,#10867);
#10865 = CARTESIAN_POINT('',(0.,0.,-4.E-02));
#10866 = DIRECTION('',(-0.,-0.,-1.));
#10867 = DIRECTION('',(-1.,0.,0.));
#10868 = ADVANCED_FACE('',(#10869),#10880,.F.);
#10869 = FACE_BOUND('',#10870,.T.);
#10870 = EDGE_LOOP('',(#10871,#10872,#10878,#10879));
#10871 = ORIENTED_EDGE('',*,*,#10855,.T.);
#10872 = ORIENTED_EDGE('',*,*,#10873,.T.);
#10873 = EDGE_CURVE('',#10856,#10836,#10874,.T.);
#10874 = LINE('',#10875,#10876);
#10875 = CARTESIAN_POINT('',(143.265,-87.22,-4.6E-02));
#10876 = VECTOR('',#10877,1.);
#10877 = DIRECTION('',(0.,0.,1.));
#10878 = ORIENTED_EDGE('',*,*,#10835,.F.);
#10879 = ORIENTED_EDGE('',*,*,#10873,.F.);
#10880 = CYLINDRICAL_SURFACE('',#10881,0.725);
#10881 = AXIS2_PLACEMENT_3D('',#10882,#10883,#10884);
#10882 = CARTESIAN_POINT('',(143.265,-86.495,-4.6E-02));
#10883 = DIRECTION('',(-0.,-0.,-1.));
#10884 = DIRECTION('',(-0.,-1.,0.));
#10885 = MANIFOLD_SOLID_BREP('',#10886);
#10886 = CLOSED_SHELL('',(#10887,#10920,#10940,#10960));
#10887 = ADVANCED_FACE('',(#10888),#10915,.T.);
#10888 = FACE_BOUND('',#10889,.F.);
#10889 = EDGE_LOOP('',(#10890,#10900,#10907,#10908));
#10890 = ORIENTED_EDGE('',*,*,#10891,.T.);
#10891 = EDGE_CURVE('',#10892,#10894,#10896,.T.);
#10892 = VERTEX_POINT('',#10893);
#10893 = CARTESIAN_POINT('',(143.265,-87.245,-4.E-02));
#10894 = VERTEX_POINT('',#10895);
#10895 = CARTESIAN_POINT('',(143.265,-87.245,1.55));
#10896 = LINE('',#10897,#10898);
#10897 = CARTESIAN_POINT('',(143.265,-87.245,-4.E-02));
#10898 = VECTOR('',#10899,1.);
#10899 = DIRECTION('',(0.,0.,1.));
#10900 = ORIENTED_EDGE('',*,*,#10901,.T.);
#10901 = EDGE_CURVE('',#10894,#10894,#10902,.T.);
#10902 = CIRCLE('',#10903,0.75);
#10903 = AXIS2_PLACEMENT_3D('',#10904,#10905,#10906);
#10904 = CARTESIAN_POINT('',(143.265,-86.495,1.55));
#10905 = DIRECTION('',(0.,0.,1.));
#10906 = DIRECTION('',(-0.,-1.,0.));
#10907 = ORIENTED_EDGE('',*,*,#10891,.F.);
#10908 = ORIENTED_EDGE('',*,*,#10909,.F.);
#10909 = EDGE_CURVE('',#10892,#10892,#10910,.T.);
#10910 = CIRCLE('',#10911,0.75);
#10911 = AXIS2_PLACEMENT_3D('',#10912,#10913,#10914);
#10912 = CARTESIAN_POINT('',(143.265,-86.495,-4.E-02));
#10913 = DIRECTION('',(0.,0.,1.));
#10914 = DIRECTION('',(-0.,-1.,0.));
#10915 = CYLINDRICAL_SURFACE('',#10916,0.75);
#10916 = AXIS2_PLACEMENT_3D('',#10917,#10918,#10919);
#10917 = CARTESIAN_POINT('',(143.265,-86.495,-4.E-02));
#10918 = DIRECTION('',(-0.,-0.,-1.));
#10919 = DIRECTION('',(-0.,-1.,0.));
#10920 = ADVANCED_FACE('',(#10921,#10924),#10935,.F.);
#10921 = FACE_BOUND('',#10922,.F.);
#10922 = EDGE_LOOP('',(#10923));
#10923 = ORIENTED_EDGE('',*,*,#10909,.T.);
#10924 = FACE_BOUND('',#10925,.F.);
#10925 = EDGE_LOOP('',(#10926));
#10926 = ORIENTED_EDGE('',*,*,#10927,.T.);
#10927 = EDGE_CURVE('',#10928,#10928,#10930,.T.);
#10928 = VERTEX_POINT('',#10929);
#10929 = CARTESIAN_POINT('',(143.265,-87.22,-4.E-02));
#10930 = CIRCLE('',#10931,0.725);
#10931 = AXIS2_PLACEMENT_3D('',#10932,#10933,#10934);
#10932 = CARTESIAN_POINT('',(143.265,-86.495,-4.E-02));
#10933 = DIRECTION('',(-0.,0.,-1.));
#10934 = DIRECTION('',(-0.,-1.,0.));
#10935 = PLANE('',#10936);
#10936 = AXIS2_PLACEMENT_3D('',#10937,#10938,#10939);
#10937 = CARTESIAN_POINT('',(143.265,-87.245,-4.E-02));
#10938 = DIRECTION('',(0.,0.,1.));
#10939 = DIRECTION('',(1.,0.,-0.));
#10940 = ADVANCED_FACE('',(#10941,#10944),#10955,.T.);
#10941 = FACE_BOUND('',#10942,.T.);
#10942 = EDGE_LOOP('',(#10943));
#10943 = ORIENTED_EDGE('',*,*,#10901,.T.);
#10944 = FACE_BOUND('',#10945,.T.);
#10945 = EDGE_LOOP('',(#10946));
#10946 = ORIENTED_EDGE('',*,*,#10947,.T.);
#10947 = EDGE_CURVE('',#10948,#10948,#10950,.T.);
#10948 = VERTEX_POINT('',#10949);
#10949 = CARTESIAN_POINT('',(143.265,-87.22,1.55));
#10950 = CIRCLE('',#10951,0.725);
#10951 = AXIS2_PLACEMENT_3D('',#10952,#10953,#10954);
#10952 = CARTESIAN_POINT('',(143.265,-86.495,1.55));
#10953 = DIRECTION('',(-0.,0.,-1.));
#10954 = DIRECTION('',(-0.,-1.,0.));
#10955 = PLANE('',#10956);
#10956 = AXIS2_PLACEMENT_3D('',#10957,#10958,#10959);
#10957 = CARTESIAN_POINT('',(143.265,-87.245,1.55));
#10958 = DIRECTION('',(0.,0.,1.));
#10959 = DIRECTION('',(1.,0.,-0.));
#10960 = ADVANCED_FACE('',(#10961),#10972,.F.);
#10961 = FACE_BOUND('',#10962,.T.);
#10962 = EDGE_LOOP('',(#10963,#10964,#10970,#10971));
#10963 = ORIENTED_EDGE('',*,*,#10927,.T.);
#10964 = ORIENTED_EDGE('',*,*,#10965,.T.);
#10965 = EDGE_CURVE('',#10928,#10948,#10966,.T.);
#10966 = LINE('',#10967,#10968);
#10967 = CARTESIAN_POINT('',(143.265,-87.22,-4.6E-02));
#10968 = VECTOR('',#10969,1.);
#10969 = DIRECTION('',(0.,0.,1.));
#10970 = ORIENTED_EDGE('',*,*,#10947,.F.);
#10971 = ORIENTED_EDGE('',*,*,#10965,.F.);
#10972 = CYLINDRICAL_SURFACE('',#10973,0.725);
#10973 = AXIS2_PLACEMENT_3D('',#10974,#10975,#10976);
#10974 = CARTESIAN_POINT('',(143.265,-86.495,-4.6E-02));
#10975 = DIRECTION('',(-0.,-0.,-1.));
#10976 = DIRECTION('',(-0.,-1.,0.));
#10977 = MANIFOLD_SOLID_BREP('',#10978);
#10978 = CLOSED_SHELL('',(#10979,#11012,#11032,#11052));
#10979 = ADVANCED_FACE('',(#10980),#11007,.T.);
#10980 = FACE_BOUND('',#10981,.F.);
#10981 = EDGE_LOOP('',(#10982,#10992,#10999,#11000));
#10982 = ORIENTED_EDGE('',*,*,#10983,.T.);
#10983 = EDGE_CURVE('',#10984,#10986,#10988,.T.);
#10984 = VERTEX_POINT('',#10985);
#10985 = CARTESIAN_POINT('',(211.074,-62.7445,1.51));
#10986 = VERTEX_POINT('',#10987);
#10987 = CARTESIAN_POINT('',(211.074,-62.7445,1.55));
#10988 = LINE('',#10989,#10990);
#10989 = CARTESIAN_POINT('',(211.074,-62.7445,1.51));
#10990 = VECTOR('',#10991,1.);
#10991 = DIRECTION('',(0.,0.,1.));
#10992 = ORIENTED_EDGE('',*,*,#10993,.T.);
#10993 = EDGE_CURVE('',#10986,#10986,#10994,.T.);
#10994 = CIRCLE('',#10995,0.762);
#10995 = AXIS2_PLACEMENT_3D('',#10996,#10997,#10998);
#10996 = CARTESIAN_POINT('',(210.312,-62.7445,1.55));
#10997 = DIRECTION('',(0.,0.,1.));
#10998 = DIRECTION('',(1.,0.,-0.));
#10999 = ORIENTED_EDGE('',*,*,#10983,.F.);
#11000 = ORIENTED_EDGE('',*,*,#11001,.F.);
#11001 = EDGE_CURVE('',#10984,#10984,#11002,.T.);
#11002 = CIRCLE('',#11003,0.762);
#11003 = AXIS2_PLACEMENT_3D('',#11004,#11005,#11006);
#11004 = CARTESIAN_POINT('',(210.312,-62.7445,1.51));
#11005 = DIRECTION('',(0.,0.,1.));
#11006 = DIRECTION('',(1.,0.,-0.));
#11007 = CYLINDRICAL_SURFACE('',#11008,0.762);
#11008 = AXIS2_PLACEMENT_3D('',#11009,#11010,#11011);
#11009 = CARTESIAN_POINT('',(210.312,-62.7445,1.51));
#11010 = DIRECTION('',(-0.,-0.,-1.));
#11011 = DIRECTION('',(1.,0.,-0.));
#11012 = ADVANCED_FACE('',(#11013,#11016),#11027,.F.);
#11013 = FACE_BOUND('',#11014,.F.);
#11014 = EDGE_LOOP('',(#11015));
#11015 = ORIENTED_EDGE('',*,*,#11001,.T.);
#11016 = FACE_BOUND('',#11017,.F.);
#11017 = EDGE_LOOP('',(#11018));
#11018 = ORIENTED_EDGE('',*,*,#11019,.T.);
#11019 = EDGE_CURVE('',#11020,#11020,#11022,.T.);
#11020 = VERTEX_POINT('',#11021);
#11021 = CARTESIAN_POINT('',(210.312,-63.164,1.51));
#11022 = CIRCLE('',#11023,0.4195);
#11023 = AXIS2_PLACEMENT_3D('',#11024,#11025,#11026);
#11024 = CARTESIAN_POINT('',(210.312,-62.7445,1.51));
#11025 = DIRECTION('',(-0.,0.,-1.));
#11026 = DIRECTION('',(-0.,-1.,0.));
#11027 = PLANE('',#11028);
#11028 = AXIS2_PLACEMENT_3D('',#11029,#11030,#11031);
#11029 = CARTESIAN_POINT('',(0.,0.,1.51));
#11030 = DIRECTION('',(0.,0.,1.));
#11031 = DIRECTION('',(1.,0.,-0.));
#11032 = ADVANCED_FACE('',(#11033,#11036),#11047,.T.);
#11033 = FACE_BOUND('',#11034,.T.);
#11034 = EDGE_LOOP('',(#11035));
#11035 = ORIENTED_EDGE('',*,*,#10993,.T.);
#11036 = FACE_BOUND('',#11037,.T.);
#11037 = EDGE_LOOP('',(#11038));
#11038 = ORIENTED_EDGE('',*,*,#11039,.T.);
#11039 = EDGE_CURVE('',#11040,#11040,#11042,.T.);
#11040 = VERTEX_POINT('',#11041);
#11041 = CARTESIAN_POINT('',(210.312,-63.164,1.55));
#11042 = CIRCLE('',#11043,0.4195);
#11043 = AXIS2_PLACEMENT_3D('',#11044,#11045,#11046);
#11044 = CARTESIAN_POINT('',(210.312,-62.7445,1.55));
#11045 = DIRECTION('',(-0.,0.,-1.));
#11046 = DIRECTION('',(-0.,-1.,0.));
#11047 = PLANE('',#11048);
#11048 = AXIS2_PLACEMENT_3D('',#11049,#11050,#11051);
#11049 = CARTESIAN_POINT('',(0.,0.,1.55));
#11050 = DIRECTION('',(0.,0.,1.));
#11051 = DIRECTION('',(1.,0.,-0.));
#11052 = ADVANCED_FACE('',(#11053),#11064,.F.);
#11053 = FACE_BOUND('',#11054,.T.);
#11054 = EDGE_LOOP('',(#11055,#11056,#11062,#11063));
#11055 = ORIENTED_EDGE('',*,*,#11019,.T.);
#11056 = ORIENTED_EDGE('',*,*,#11057,.T.);
#11057 = EDGE_CURVE('',#11020,#11040,#11058,.T.);
#11058 = LINE('',#11059,#11060);
#11059 = CARTESIAN_POINT('',(210.312,-63.164,-4.6E-02));
#11060 = VECTOR('',#11061,1.);
#11061 = DIRECTION('',(0.,0.,1.));
#11062 = ORIENTED_EDGE('',*,*,#11039,.F.);
#11063 = ORIENTED_EDGE('',*,*,#11057,.F.);
#11064 = CYLINDRICAL_SURFACE('',#11065,0.4195);
#11065 = AXIS2_PLACEMENT_3D('',#11066,#11067,#11068);
#11066 = CARTESIAN_POINT('',(210.312,-62.7445,-4.6E-02));
#11067 = DIRECTION('',(-0.,-0.,-1.));
#11068 = DIRECTION('',(-0.,-1.,0.));
#11069 = MANIFOLD_SOLID_BREP('',#11070);
#11070 = CLOSED_SHELL('',(#11071,#11104,#11124,#11144));
#11071 = ADVANCED_FACE('',(#11072),#11099,.T.);
#11072 = FACE_BOUND('',#11073,.T.);
#11073 = EDGE_LOOP('',(#11074,#11084,#11091,#11092));
#11074 = ORIENTED_EDGE('',*,*,#11075,.T.);
#11075 = EDGE_CURVE('',#11076,#11078,#11080,.T.);
#11076 = VERTEX_POINT('',#11077);
#11077 = CARTESIAN_POINT('',(211.074,-62.7445,0.));
#11078 = VERTEX_POINT('',#11079);
#11079 = CARTESIAN_POINT('',(211.074,-62.7445,-4.E-02));
#11080 = LINE('',#11081,#11082);
#11081 = CARTESIAN_POINT('',(211.074,-62.7445,0.));
#11082 = VECTOR('',#11083,1.);
#11083 = DIRECTION('',(0.,0.,-1.));
#11084 = ORIENTED_EDGE('',*,*,#11085,.T.);
#11085 = EDGE_CURVE('',#11078,#11078,#11086,.T.);
#11086 = CIRCLE('',#11087,0.762);
#11087 = AXIS2_PLACEMENT_3D('',#11088,#11089,#11090);
#11088 = CARTESIAN_POINT('',(210.312,-62.7445,-4.E-02));
#11089 = DIRECTION('',(0.,0.,1.));
#11090 = DIRECTION('',(1.,0.,-0.));
#11091 = ORIENTED_EDGE('',*,*,#11075,.F.);
#11092 = ORIENTED_EDGE('',*,*,#11093,.F.);
#11093 = EDGE_CURVE('',#11076,#11076,#11094,.T.);
#11094 = CIRCLE('',#11095,0.762);
#11095 = AXIS2_PLACEMENT_3D('',#11096,#11097,#11098);
#11096 = CARTESIAN_POINT('',(210.312,-62.7445,0.));
#11097 = DIRECTION('',(0.,0.,1.));
#11098 = DIRECTION('',(1.,0.,-0.));
#11099 = CYLINDRICAL_SURFACE('',#11100,0.762);
#11100 = AXIS2_PLACEMENT_3D('',#11101,#11102,#11103);
#11101 = CARTESIAN_POINT('',(210.312,-62.7445,0.));
#11102 = DIRECTION('',(0.,0.,1.));
#11103 = DIRECTION('',(1.,0.,-0.));
#11104 = ADVANCED_FACE('',(#11105,#11108),#11119,.F.);
#11105 = FACE_BOUND('',#11106,.F.);
#11106 = EDGE_LOOP('',(#11107));
#11107 = ORIENTED_EDGE('',*,*,#11093,.F.);
#11108 = FACE_BOUND('',#11109,.F.);
#11109 = EDGE_LOOP('',(#11110));
#11110 = ORIENTED_EDGE('',*,*,#11111,.F.);
#11111 = EDGE_CURVE('',#11112,#11112,#11114,.T.);
#11112 = VERTEX_POINT('',#11113);
#11113 = CARTESIAN_POINT('',(210.312,-63.164,0.));
#11114 = CIRCLE('',#11115,0.4195);
#11115 = AXIS2_PLACEMENT_3D('',#11116,#11117,#11118);
#11116 = CARTESIAN_POINT('',(210.312,-62.7445,0.));
#11117 = DIRECTION('',(-0.,0.,-1.));
#11118 = DIRECTION('',(-0.,-1.,0.));
#11119 = PLANE('',#11120);
#11120 = AXIS2_PLACEMENT_3D('',#11121,#11122,#11123);
#11121 = CARTESIAN_POINT('',(0.,0.,0.));
#11122 = DIRECTION('',(-0.,-0.,-1.));
#11123 = DIRECTION('',(-1.,0.,0.));
#11124 = ADVANCED_FACE('',(#11125,#11128),#11139,.T.);
#11125 = FACE_BOUND('',#11126,.T.);
#11126 = EDGE_LOOP('',(#11127));
#11127 = ORIENTED_EDGE('',*,*,#11085,.F.);
#11128 = FACE_BOUND('',#11129,.T.);
#11129 = EDGE_LOOP('',(#11130));
#11130 = ORIENTED_EDGE('',*,*,#11131,.F.);
#11131 = EDGE_CURVE('',#11132,#11132,#11134,.T.);
#11132 = VERTEX_POINT('',#11133);
#11133 = CARTESIAN_POINT('',(210.312,-63.164,-4.E-02));
#11134 = CIRCLE('',#11135,0.4195);
#11135 = AXIS2_PLACEMENT_3D('',#11136,#11137,#11138);
#11136 = CARTESIAN_POINT('',(210.312,-62.7445,-4.E-02));
#11137 = DIRECTION('',(-0.,0.,-1.));
#11138 = DIRECTION('',(-0.,-1.,0.));
#11139 = PLANE('',#11140);
#11140 = AXIS2_PLACEMENT_3D('',#11141,#11142,#11143);
#11141 = CARTESIAN_POINT('',(0.,0.,-4.E-02));
#11142 = DIRECTION('',(-0.,-0.,-1.));
#11143 = DIRECTION('',(-1.,0.,0.));
#11144 = ADVANCED_FACE('',(#11145),#11156,.F.);
#11145 = FACE_BOUND('',#11146,.T.);
#11146 = EDGE_LOOP('',(#11147,#11148,#11154,#11155));
#11147 = ORIENTED_EDGE('',*,*,#11131,.T.);
#11148 = ORIENTED_EDGE('',*,*,#11149,.T.);
#11149 = EDGE_CURVE('',#11132,#11112,#11150,.T.);
#11150 = LINE('',#11151,#11152);
#11151 = CARTESIAN_POINT('',(210.312,-63.164,-4.6E-02));
#11152 = VECTOR('',#11153,1.);
#11153 = DIRECTION('',(0.,0.,1.));
#11154 = ORIENTED_EDGE('',*,*,#11111,.F.);
#11155 = ORIENTED_EDGE('',*,*,#11149,.F.);
#11156 = CYLINDRICAL_SURFACE('',#11157,0.4195);
#11157 = AXIS2_PLACEMENT_3D('',#11158,#11159,#11160);
#11158 = CARTESIAN_POINT('',(210.312,-62.7445,-4.6E-02));
#11159 = DIRECTION('',(-0.,-0.,-1.));
#11160 = DIRECTION('',(-0.,-1.,0.));
#11161 = MANIFOLD_SOLID_BREP('',#11162);
#11162 = CLOSED_SHELL('',(#11163,#11196,#11216,#11236));
#11163 = ADVANCED_FACE('',(#11164),#11191,.T.);
#11164 = FACE_BOUND('',#11165,.F.);
#11165 = EDGE_LOOP('',(#11166,#11176,#11183,#11184));
#11166 = ORIENTED_EDGE('',*,*,#11167,.T.);
#11167 = EDGE_CURVE('',#11168,#11170,#11172,.T.);
#11168 = VERTEX_POINT('',#11169);
#11169 = CARTESIAN_POINT('',(210.312,-63.189,-4.E-02));
#11170 = VERTEX_POINT('',#11171);
#11171 = CARTESIAN_POINT('',(210.312,-63.189,1.55));
#11172 = LINE('',#11173,#11174);
#11173 = CARTESIAN_POINT('',(210.312,-63.189,-4.E-02));
#11174 = VECTOR('',#11175,1.);
#11175 = DIRECTION('',(0.,0.,1.));
#11176 = ORIENTED_EDGE('',*,*,#11177,.T.);
#11177 = EDGE_CURVE('',#11170,#11170,#11178,.T.);
#11178 = CIRCLE('',#11179,0.4445);
#11179 = AXIS2_PLACEMENT_3D('',#11180,#11181,#11182);
#11180 = CARTESIAN_POINT('',(210.312,-62.7445,1.55));
#11181 = DIRECTION('',(0.,0.,1.));
#11182 = DIRECTION('',(-0.,-1.,0.));
#11183 = ORIENTED_EDGE('',*,*,#11167,.F.);
#11184 = ORIENTED_EDGE('',*,*,#11185,.F.);
#11185 = EDGE_CURVE('',#11168,#11168,#11186,.T.);
#11186 = CIRCLE('',#11187,0.4445);
#11187 = AXIS2_PLACEMENT_3D('',#11188,#11189,#11190);
#11188 = CARTESIAN_POINT('',(210.312,-62.7445,-4.E-02));
#11189 = DIRECTION('',(0.,0.,1.));
#11190 = DIRECTION('',(-0.,-1.,0.));
#11191 = CYLINDRICAL_SURFACE('',#11192,0.4445);
#11192 = AXIS2_PLACEMENT_3D('',#11193,#11194,#11195);
#11193 = CARTESIAN_POINT('',(210.312,-62.7445,-4.E-02));
#11194 = DIRECTION('',(-0.,-0.,-1.));
#11195 = DIRECTION('',(-0.,-1.,0.));
#11196 = ADVANCED_FACE('',(#11197,#11200),#11211,.F.);
#11197 = FACE_BOUND('',#11198,.F.);
#11198 = EDGE_LOOP('',(#11199));
#11199 = ORIENTED_EDGE('',*,*,#11185,.T.);
#11200 = FACE_BOUND('',#11201,.F.);
#11201 = EDGE_LOOP('',(#11202));
#11202 = ORIENTED_EDGE('',*,*,#11203,.T.);
#11203 = EDGE_CURVE('',#11204,#11204,#11206,.T.);
#11204 = VERTEX_POINT('',#11205);
#11205 = CARTESIAN_POINT('',(210.312,-63.164,-4.E-02));
#11206 = CIRCLE('',#11207,0.4195);
#11207 = AXIS2_PLACEMENT_3D('',#11208,#11209,#11210);
#11208 = CARTESIAN_POINT('',(210.312,-62.7445,-4.E-02));
#11209 = DIRECTION('',(-0.,0.,-1.));
#11210 = DIRECTION('',(-0.,-1.,0.));
#11211 = PLANE('',#11212);
#11212 = AXIS2_PLACEMENT_3D('',#11213,#11214,#11215);
#11213 = CARTESIAN_POINT('',(210.312,-63.189,-4.E-02));
#11214 = DIRECTION('',(0.,0.,1.));
#11215 = DIRECTION('',(1.,0.,-0.));
#11216 = ADVANCED_FACE('',(#11217,#11220),#11231,.T.);
#11217 = FACE_BOUND('',#11218,.T.);
#11218 = EDGE_LOOP('',(#11219));
#11219 = ORIENTED_EDGE('',*,*,#11177,.T.);
#11220 = FACE_BOUND('',#11221,.T.);
#11221 = EDGE_LOOP('',(#11222));
#11222 = ORIENTED_EDGE('',*,*,#11223,.T.);
#11223 = EDGE_CURVE('',#11224,#11224,#11226,.T.);
#11224 = VERTEX_POINT('',#11225);
#11225 = CARTESIAN_POINT('',(210.312,-63.164,1.55));
#11226 = CIRCLE('',#11227,0.4195);
#11227 = AXIS2_PLACEMENT_3D('',#11228,#11229,#11230);
#11228 = CARTESIAN_POINT('',(210.312,-62.7445,1.55));
#11229 = DIRECTION('',(-0.,0.,-1.));
#11230 = DIRECTION('',(-0.,-1.,0.));
#11231 = PLANE('',#11232);
#11232 = AXIS2_PLACEMENT_3D('',#11233,#11234,#11235);
#11233 = CARTESIAN_POINT('',(210.312,-63.189,1.55));
#11234 = DIRECTION('',(0.,0.,1.));
#11235 = DIRECTION('',(1.,0.,-0.));
#11236 = ADVANCED_FACE('',(#11237),#11248,.F.);
#11237 = FACE_BOUND('',#11238,.T.);
#11238 = EDGE_LOOP('',(#11239,#11240,#11246,#11247));
#11239 = ORIENTED_EDGE('',*,*,#11203,.T.);
#11240 = ORIENTED_EDGE('',*,*,#11241,.T.);
#11241 = EDGE_CURVE('',#11204,#11224,#11242,.T.);
#11242 = LINE('',#11243,#11244);
#11243 = CARTESIAN_POINT('',(210.312,-63.164,-4.6E-02));
#11244 = VECTOR('',#11245,1.);
#11245 = DIRECTION('',(0.,0.,1.));
#11246 = ORIENTED_EDGE('',*,*,#11223,.F.);
#11247 = ORIENTED_EDGE('',*,*,#11241,.F.);
#11248 = CYLINDRICAL_SURFACE('',#11249,0.4195);
#11249 = AXIS2_PLACEMENT_3D('',#11250,#11251,#11252);
#11250 = CARTESIAN_POINT('',(210.312,-62.7445,-4.6E-02));
#11251 = DIRECTION('',(-0.,-0.,-1.));
#11252 = DIRECTION('',(-0.,-1.,0.));
#11253 = MANIFOLD_SOLID_BREP('',#11254);
#11254 = CLOSED_SHELL('',(#11255,#11297,#11328,#11359,#11437,#11515,
    #11532,#11549,#11566,#11583,#11600,#11617,#11634));
#11255 = ADVANCED_FACE('',(#11256),#11292,.T.);
#11256 = FACE_BOUND('',#11257,.T.);
#11257 = EDGE_LOOP('',(#11258,#11268,#11277,#11285));
#11258 = ORIENTED_EDGE('',*,*,#11259,.T.);
#11259 = EDGE_CURVE('',#11260,#11262,#11264,.T.);
#11260 = VERTEX_POINT('',#11261);
#11261 = CARTESIAN_POINT('',(209.931,-62.1349,1.51));
#11262 = VERTEX_POINT('',#11263);
#11263 = CARTESIAN_POINT('',(209.931,-62.1349,1.55));
#11264 = LINE('',#11265,#11266);
#11265 = CARTESIAN_POINT('',(209.931,-62.1349,1.51));
#11266 = VECTOR('',#11267,1.);
#11267 = DIRECTION('',(0.,0.,1.));
#11268 = ORIENTED_EDGE('',*,*,#11269,.T.);
#11269 = EDGE_CURVE('',#11262,#11270,#11272,.T.);
#11270 = VERTEX_POINT('',#11271);
#11271 = CARTESIAN_POINT('',(210.0834,-61.9825,1.55));
#11272 = CIRCLE('',#11273,0.152400250784);
#11273 = AXIS2_PLACEMENT_3D('',#11274,#11275,#11276);
#11274 = CARTESIAN_POINT('',(210.08340025078,-62.13490025078,1.55));
#11275 = DIRECTION('',(0.,0.,-1.));
#11276 = DIRECTION('',(-0.999999999999,1.645562376139E-06,0.));
#11277 = ORIENTED_EDGE('',*,*,#11278,.F.);
#11278 = EDGE_CURVE('',#11279,#11270,#11281,.T.);
#11279 = VERTEX_POINT('',#11280);
#11280 = CARTESIAN_POINT('',(210.0834,-61.9825,1.51));
#11281 = LINE('',#11282,#11283);
#11282 = CARTESIAN_POINT('',(210.0834,-61.9825,1.51));
#11283 = VECTOR('',#11284,1.);
#11284 = DIRECTION('',(0.,0.,1.));
#11285 = ORIENTED_EDGE('',*,*,#11286,.F.);
#11286 = EDGE_CURVE('',#11260,#11279,#11287,.T.);
#11287 = CIRCLE('',#11288,0.152400250784);
#11288 = AXIS2_PLACEMENT_3D('',#11289,#11290,#11291);
#11289 = CARTESIAN_POINT('',(210.08340025078,-62.13490025078,1.51));
#11290 = DIRECTION('',(0.,0.,-1.));
#11291 = DIRECTION('',(-0.999999999999,1.645562376139E-06,0.));
#11292 = CYLINDRICAL_SURFACE('',#11293,0.152400250784);
#11293 = AXIS2_PLACEMENT_3D('',#11294,#11295,#11296);
#11294 = CARTESIAN_POINT('',(210.08340025078,-62.13490025078,1.51));
#11295 = DIRECTION('',(0.,0.,-1.));
#11296 = DIRECTION('',(-0.999999999999,1.645562376139E-06,0.));
#11297 = ADVANCED_FACE('',(#11298),#11323,.T.);
#11298 = FACE_BOUND('',#11299,.T.);
#11299 = EDGE_LOOP('',(#11300,#11308,#11316,#11322));
#11300 = ORIENTED_EDGE('',*,*,#11301,.F.);
#11301 = EDGE_CURVE('',#11302,#11260,#11304,.T.);
#11302 = VERTEX_POINT('',#11303);
#11303 = CARTESIAN_POINT('',(209.931,-62.56894587726,1.51));
#11304 = LINE('',#11305,#11306);
#11305 = CARTESIAN_POINT('',(209.931,-63.3541,1.51));
#11306 = VECTOR('',#11307,1.);
#11307 = DIRECTION('',(0.,1.,0.));
#11308 = ORIENTED_EDGE('',*,*,#11309,.F.);
#11309 = EDGE_CURVE('',#11310,#11302,#11312,.T.);
#11310 = VERTEX_POINT('',#11311);
#11311 = CARTESIAN_POINT('',(209.931,-62.56894587726,1.55));
#11312 = LINE('',#11313,#11314);
#11313 = CARTESIAN_POINT('',(209.931,-62.56894587729,-4.6E-02));
#11314 = VECTOR('',#11315,1.);
#11315 = DIRECTION('',(-0.,-0.,-1.));
#11316 = ORIENTED_EDGE('',*,*,#11317,.T.);
#11317 = EDGE_CURVE('',#11310,#11262,#11318,.T.);
#11318 = LINE('',#11319,#11320);
#11319 = CARTESIAN_POINT('',(209.931,-63.3541,1.55));
#11320 = VECTOR('',#11321,1.);
#11321 = DIRECTION('',(0.,1.,0.));
#11322 = ORIENTED_EDGE('',*,*,#11259,.F.);
#11323 = PLANE('',#11324);
#11324 = AXIS2_PLACEMENT_3D('',#11325,#11326,#11327);
#11325 = CARTESIAN_POINT('',(209.931,-63.3541,1.51));
#11326 = DIRECTION('',(-1.,0.,0.));
#11327 = DIRECTION('',(0.,1.,0.));
#11328 = ADVANCED_FACE('',(#11329),#11354,.T.);
#11329 = FACE_BOUND('',#11330,.T.);
#11330 = EDGE_LOOP('',(#11331,#11332,#11340,#11348));
#11331 = ORIENTED_EDGE('',*,*,#11278,.T.);
#11332 = ORIENTED_EDGE('',*,*,#11333,.T.);
#11333 = EDGE_CURVE('',#11270,#11334,#11336,.T.);
#11334 = VERTEX_POINT('',#11335);
#11335 = CARTESIAN_POINT('',(212.2106,-61.9825,1.55));
#11336 = LINE('',#11337,#11338);
#11337 = CARTESIAN_POINT('',(210.0834,-61.9825,1.55));
#11338 = VECTOR('',#11339,1.);
#11339 = DIRECTION('',(1.,0.,0.));
#11340 = ORIENTED_EDGE('',*,*,#11341,.F.);
#11341 = EDGE_CURVE('',#11342,#11334,#11344,.T.);
#11342 = VERTEX_POINT('',#11343);
#11343 = CARTESIAN_POINT('',(212.2106,-61.9825,1.51));
#11344 = LINE('',#11345,#11346);
#11345 = CARTESIAN_POINT('',(212.2106,-61.9825,1.51));
#11346 = VECTOR('',#11347,1.);
#11347 = DIRECTION('',(0.,0.,1.));
#11348 = ORIENTED_EDGE('',*,*,#11349,.F.);
#11349 = EDGE_CURVE('',#11279,#11342,#11350,.T.);
#11350 = LINE('',#11351,#11352);
#11351 = CARTESIAN_POINT('',(210.0834,-61.9825,1.51));
#11352 = VECTOR('',#11353,1.);
#11353 = DIRECTION('',(1.,0.,0.));
#11354 = PLANE('',#11355);
#11355 = AXIS2_PLACEMENT_3D('',#11356,#11357,#11358);
#11356 = CARTESIAN_POINT('',(210.0834,-61.9825,1.51));
#11357 = DIRECTION('',(0.,1.,0.));
#11358 = DIRECTION('',(1.,0.,0.));
#11359 = ADVANCED_FACE('',(#11360),#11432,.F.);
#11360 = FACE_BOUND('',#11361,.F.);
#11361 = EDGE_LOOP('',(#11362,#11363,#11364,#11373,#11382,#11390,#11399,
    #11407,#11416,#11424,#11431));
#11362 = ORIENTED_EDGE('',*,*,#11286,.F.);
#11363 = ORIENTED_EDGE('',*,*,#11301,.F.);
#11364 = ORIENTED_EDGE('',*,*,#11365,.T.);
#11365 = EDGE_CURVE('',#11302,#11366,#11368,.T.);
#11366 = VERTEX_POINT('',#11367);
#11367 = CARTESIAN_POINT('',(210.312,-63.164,1.51));
#11368 = CIRCLE('',#11369,0.4195);
#11369 = AXIS2_PLACEMENT_3D('',#11370,#11371,#11372);
#11370 = CARTESIAN_POINT('',(210.312,-62.7445,1.51));
#11371 = DIRECTION('',(-0.,0.,-1.));
#11372 = DIRECTION('',(-0.,-1.,0.));
#11373 = ORIENTED_EDGE('',*,*,#11374,.T.);
#11374 = EDGE_CURVE('',#11366,#11375,#11377,.T.);
#11375 = VERTEX_POINT('',#11376);
#11376 = CARTESIAN_POINT('',(209.931,-62.92005412273,1.51));
#11377 = CIRCLE('',#11378,0.4195);
#11378 = AXIS2_PLACEMENT_3D('',#11379,#11380,#11381);
#11379 = CARTESIAN_POINT('',(210.312,-62.7445,1.51));
#11380 = DIRECTION('',(-0.,0.,-1.));
#11381 = DIRECTION('',(-0.,-1.,0.));
#11382 = ORIENTED_EDGE('',*,*,#11383,.F.);
#11383 = EDGE_CURVE('',#11384,#11375,#11386,.T.);
#11384 = VERTEX_POINT('',#11385);
#11385 = CARTESIAN_POINT('',(209.931,-63.3541,1.51));
#11386 = LINE('',#11387,#11388);
#11387 = CARTESIAN_POINT('',(209.931,-63.3541,1.51));
#11388 = VECTOR('',#11389,1.);
#11389 = DIRECTION('',(0.,1.,0.));
#11390 = ORIENTED_EDGE('',*,*,#11391,.F.);
#11391 = EDGE_CURVE('',#11392,#11384,#11394,.T.);
#11392 = VERTEX_POINT('',#11393);
#11393 = CARTESIAN_POINT('',(210.0834,-63.5065,1.51));
#11394 = CIRCLE('',#11395,0.152400250784);
#11395 = AXIS2_PLACEMENT_3D('',#11396,#11397,#11398);
#11396 = CARTESIAN_POINT('',(210.08340025078,-63.35409974921,1.51));
#11397 = DIRECTION('',(0.,0.,-1.));
#11398 = DIRECTION('',(-1.645562422763E-06,-0.999999999999,-0.));
#11399 = ORIENTED_EDGE('',*,*,#11400,.F.);
#11400 = EDGE_CURVE('',#11401,#11392,#11403,.T.);
#11401 = VERTEX_POINT('',#11402);
#11402 = CARTESIAN_POINT('',(212.2106,-63.5065,1.51));
#11403 = LINE('',#11404,#11405);
#11404 = CARTESIAN_POINT('',(212.2106,-63.5065,1.51));
#11405 = VECTOR('',#11406,1.);
#11406 = DIRECTION('',(-1.,0.,0.));
#11407 = ORIENTED_EDGE('',*,*,#11408,.F.);
#11408 = EDGE_CURVE('',#11409,#11401,#11411,.T.);
#11409 = VERTEX_POINT('',#11410);
#11410 = CARTESIAN_POINT('',(212.363,-63.3541,1.51));
#11411 = CIRCLE('',#11412,0.152400250784);
#11412 = AXIS2_PLACEMENT_3D('',#11413,#11414,#11415);
#11413 = CARTESIAN_POINT('',(212.21059974921,-63.35409974921,1.51));
#11414 = DIRECTION('',(0.,0.,-1.));
#11415 = DIRECTION('',(0.999999999999,-1.645562562633E-06,0.));
#11416 = ORIENTED_EDGE('',*,*,#11417,.F.);
#11417 = EDGE_CURVE('',#11418,#11409,#11420,.T.);
#11418 = VERTEX_POINT('',#11419);
#11419 = CARTESIAN_POINT('',(212.363,-62.1349,1.51));
#11420 = LINE('',#11421,#11422);
#11421 = CARTESIAN_POINT('',(212.363,-62.1349,1.51));
#11422 = VECTOR('',#11423,1.);
#11423 = DIRECTION('',(0.,-1.,0.));
#11424 = ORIENTED_EDGE('',*,*,#11425,.F.);
#11425 = EDGE_CURVE('',#11342,#11418,#11426,.T.);
#11426 = CIRCLE('',#11427,0.152400250784);
#11427 = AXIS2_PLACEMENT_3D('',#11428,#11429,#11430);
#11428 = CARTESIAN_POINT('',(212.21059974921,-62.13490025078,1.51));
#11429 = DIRECTION('',(0.,0.,-1.));
#11430 = DIRECTION('',(1.645562609256E-06,0.999999999999,0.));
#11431 = ORIENTED_EDGE('',*,*,#11349,.F.);
#11432 = PLANE('',#11433);
#11433 = AXIS2_PLACEMENT_3D('',#11434,#11435,#11436);
#11434 = CARTESIAN_POINT('',(0.,0.,1.51));
#11435 = DIRECTION('',(0.,0.,1.));
#11436 = DIRECTION('',(1.,0.,-0.));
#11437 = ADVANCED_FACE('',(#11438),#11510,.T.);
#11438 = FACE_BOUND('',#11439,.T.);
#11439 = EDGE_LOOP('',(#11440,#11441,#11442,#11451,#11460,#11468,#11477,
    #11485,#11494,#11502,#11509));
#11440 = ORIENTED_EDGE('',*,*,#11269,.F.);
#11441 = ORIENTED_EDGE('',*,*,#11317,.F.);
#11442 = ORIENTED_EDGE('',*,*,#11443,.T.);
#11443 = EDGE_CURVE('',#11310,#11444,#11446,.T.);
#11444 = VERTEX_POINT('',#11445);
#11445 = CARTESIAN_POINT('',(210.312,-63.164,1.55));
#11446 = CIRCLE('',#11447,0.4195);
#11447 = AXIS2_PLACEMENT_3D('',#11448,#11449,#11450);
#11448 = CARTESIAN_POINT('',(210.312,-62.7445,1.55));
#11449 = DIRECTION('',(-0.,0.,-1.));
#11450 = DIRECTION('',(-0.,-1.,0.));
#11451 = ORIENTED_EDGE('',*,*,#11452,.T.);
#11452 = EDGE_CURVE('',#11444,#11453,#11455,.T.);
#11453 = VERTEX_POINT('',#11454);
#11454 = CARTESIAN_POINT('',(209.931,-62.92005412273,1.55));
#11455 = CIRCLE('',#11456,0.4195);
#11456 = AXIS2_PLACEMENT_3D('',#11457,#11458,#11459);
#11457 = CARTESIAN_POINT('',(210.312,-62.7445,1.55));
#11458 = DIRECTION('',(-0.,0.,-1.));
#11459 = DIRECTION('',(-0.,-1.,0.));
#11460 = ORIENTED_EDGE('',*,*,#11461,.F.);
#11461 = EDGE_CURVE('',#11462,#11453,#11464,.T.);
#11462 = VERTEX_POINT('',#11463);
#11463 = CARTESIAN_POINT('',(209.931,-63.3541,1.55));
#11464 = LINE('',#11465,#11466);
#11465 = CARTESIAN_POINT('',(209.931,-63.3541,1.55));
#11466 = VECTOR('',#11467,1.);
#11467 = DIRECTION('',(0.,1.,0.));
#11468 = ORIENTED_EDGE('',*,*,#11469,.F.);
#11469 = EDGE_CURVE('',#11470,#11462,#11472,.T.);
#11470 = VERTEX_POINT('',#11471);
#11471 = CARTESIAN_POINT('',(210.0834,-63.5065,1.55));
#11472 = CIRCLE('',#11473,0.152400250784);
#11473 = AXIS2_PLACEMENT_3D('',#11474,#11475,#11476);
#11474 = CARTESIAN_POINT('',(210.08340025078,-63.35409974921,1.55));
#11475 = DIRECTION('',(0.,0.,-1.));
#11476 = DIRECTION('',(-1.645562422763E-06,-0.999999999999,-0.));
#11477 = ORIENTED_EDGE('',*,*,#11478,.F.);
#11478 = EDGE_CURVE('',#11479,#11470,#11481,.T.);
#11479 = VERTEX_POINT('',#11480);
#11480 = CARTESIAN_POINT('',(212.2106,-63.5065,1.55));
#11481 = LINE('',#11482,#11483);
#11482 = CARTESIAN_POINT('',(212.2106,-63.5065,1.55));
#11483 = VECTOR('',#11484,1.);
#11484 = DIRECTION('',(-1.,0.,0.));
#11485 = ORIENTED_EDGE('',*,*,#11486,.F.);
#11486 = EDGE_CURVE('',#11487,#11479,#11489,.T.);
#11487 = VERTEX_POINT('',#11488);
#11488 = CARTESIAN_POINT('',(212.363,-63.3541,1.55));
#11489 = CIRCLE('',#11490,0.152400250784);
#11490 = AXIS2_PLACEMENT_3D('',#11491,#11492,#11493);
#11491 = CARTESIAN_POINT('',(212.21059974921,-63.35409974921,1.55));
#11492 = DIRECTION('',(0.,0.,-1.));
#11493 = DIRECTION('',(0.999999999999,-1.645562562633E-06,0.));
#11494 = ORIENTED_EDGE('',*,*,#11495,.F.);
#11495 = EDGE_CURVE('',#11496,#11487,#11498,.T.);
#11496 = VERTEX_POINT('',#11497);
#11497 = CARTESIAN_POINT('',(212.363,-62.1349,1.55));
#11498 = LINE('',#11499,#11500);
#11499 = CARTESIAN_POINT('',(212.363,-62.1349,1.55));
#11500 = VECTOR('',#11501,1.);
#11501 = DIRECTION('',(0.,-1.,0.));
#11502 = ORIENTED_EDGE('',*,*,#11503,.F.);
#11503 = EDGE_CURVE('',#11334,#11496,#11504,.T.);
#11504 = CIRCLE('',#11505,0.152400250784);
#11505 = AXIS2_PLACEMENT_3D('',#11506,#11507,#11508);
#11506 = CARTESIAN_POINT('',(212.21059974921,-62.13490025078,1.55));
#11507 = DIRECTION('',(0.,0.,-1.));
#11508 = DIRECTION('',(1.645562609256E-06,0.999999999999,0.));
#11509 = ORIENTED_EDGE('',*,*,#11333,.F.);
#11510 = PLANE('',#11511);
#11511 = AXIS2_PLACEMENT_3D('',#11512,#11513,#11514);
#11512 = CARTESIAN_POINT('',(0.,0.,1.55));
#11513 = DIRECTION('',(0.,0.,1.));
#11514 = DIRECTION('',(1.,0.,-0.));
#11515 = ADVANCED_FACE('',(#11516),#11527,.F.);
#11516 = FACE_BOUND('',#11517,.T.);
#11517 = EDGE_LOOP('',(#11518,#11519,#11525,#11526));
#11518 = ORIENTED_EDGE('',*,*,#11365,.T.);
#11519 = ORIENTED_EDGE('',*,*,#11520,.T.);
#11520 = EDGE_CURVE('',#11366,#11444,#11521,.T.);
#11521 = LINE('',#11522,#11523);
#11522 = CARTESIAN_POINT('',(210.312,-63.164,-4.6E-02));
#11523 = VECTOR('',#11524,1.);
#11524 = DIRECTION('',(0.,0.,1.));
#11525 = ORIENTED_EDGE('',*,*,#11443,.F.);
#11526 = ORIENTED_EDGE('',*,*,#11309,.T.);
#11527 = CYLINDRICAL_SURFACE('',#11528,0.4195);
#11528 = AXIS2_PLACEMENT_3D('',#11529,#11530,#11531);
#11529 = CARTESIAN_POINT('',(210.312,-62.7445,-4.6E-02));
#11530 = DIRECTION('',(-0.,-0.,-1.));
#11531 = DIRECTION('',(-0.,-1.,0.));
#11532 = ADVANCED_FACE('',(#11533),#11544,.T.);
#11533 = FACE_BOUND('',#11534,.T.);
#11534 = EDGE_LOOP('',(#11535,#11536,#11537,#11543));
#11535 = ORIENTED_EDGE('',*,*,#11341,.T.);
#11536 = ORIENTED_EDGE('',*,*,#11503,.T.);
#11537 = ORIENTED_EDGE('',*,*,#11538,.F.);
#11538 = EDGE_CURVE('',#11418,#11496,#11539,.T.);
#11539 = LINE('',#11540,#11541);
#11540 = CARTESIAN_POINT('',(212.363,-62.1349,1.51));
#11541 = VECTOR('',#11542,1.);
#11542 = DIRECTION('',(0.,0.,1.));
#11543 = ORIENTED_EDGE('',*,*,#11425,.F.);
#11544 = CYLINDRICAL_SURFACE('',#11545,0.152400250784);
#11545 = AXIS2_PLACEMENT_3D('',#11546,#11547,#11548);
#11546 = CARTESIAN_POINT('',(212.21059974921,-62.13490025078,1.51));
#11547 = DIRECTION('',(0.,0.,-1.));
#11548 = DIRECTION('',(1.645562609256E-06,0.999999999999,0.));
#11549 = ADVANCED_FACE('',(#11550),#11561,.T.);
#11550 = FACE_BOUND('',#11551,.T.);
#11551 = EDGE_LOOP('',(#11552,#11553,#11554,#11560));
#11552 = ORIENTED_EDGE('',*,*,#11538,.T.);
#11553 = ORIENTED_EDGE('',*,*,#11495,.T.);
#11554 = ORIENTED_EDGE('',*,*,#11555,.F.);
#11555 = EDGE_CURVE('',#11409,#11487,#11556,.T.);
#11556 = LINE('',#11557,#11558);
#11557 = CARTESIAN_POINT('',(212.363,-63.3541,1.51));
#11558 = VECTOR('',#11559,1.);
#11559 = DIRECTION('',(0.,0.,1.));
#11560 = ORIENTED_EDGE('',*,*,#11417,.F.);
#11561 = PLANE('',#11562);
#11562 = AXIS2_PLACEMENT_3D('',#11563,#11564,#11565);
#11563 = CARTESIAN_POINT('',(212.363,-62.1349,1.51));
#11564 = DIRECTION('',(1.,0.,-0.));
#11565 = DIRECTION('',(0.,-1.,0.));
#11566 = ADVANCED_FACE('',(#11567),#11578,.T.);
#11567 = FACE_BOUND('',#11568,.T.);
#11568 = EDGE_LOOP('',(#11569,#11570,#11571,#11577));
#11569 = ORIENTED_EDGE('',*,*,#11555,.T.);
#11570 = ORIENTED_EDGE('',*,*,#11486,.T.);
#11571 = ORIENTED_EDGE('',*,*,#11572,.F.);
#11572 = EDGE_CURVE('',#11401,#11479,#11573,.T.);
#11573 = LINE('',#11574,#11575);
#11574 = CARTESIAN_POINT('',(212.2106,-63.5065,1.51));
#11575 = VECTOR('',#11576,1.);
#11576 = DIRECTION('',(0.,0.,1.));
#11577 = ORIENTED_EDGE('',*,*,#11408,.F.);
#11578 = CYLINDRICAL_SURFACE('',#11579,0.152400250784);
#11579 = AXIS2_PLACEMENT_3D('',#11580,#11581,#11582);
#11580 = CARTESIAN_POINT('',(212.21059974921,-63.35409974921,1.51));
#11581 = DIRECTION('',(0.,0.,-1.));
#11582 = DIRECTION('',(0.999999999999,-1.645562562633E-06,0.));
#11583 = ADVANCED_FACE('',(#11584),#11595,.T.);
#11584 = FACE_BOUND('',#11585,.T.);
#11585 = EDGE_LOOP('',(#11586,#11587,#11588,#11594));
#11586 = ORIENTED_EDGE('',*,*,#11572,.T.);
#11587 = ORIENTED_EDGE('',*,*,#11478,.T.);
#11588 = ORIENTED_EDGE('',*,*,#11589,.F.);
#11589 = EDGE_CURVE('',#11392,#11470,#11590,.T.);
#11590 = LINE('',#11591,#11592);
#11591 = CARTESIAN_POINT('',(210.0834,-63.5065,1.51));
#11592 = VECTOR('',#11593,1.);
#11593 = DIRECTION('',(0.,0.,1.));
#11594 = ORIENTED_EDGE('',*,*,#11400,.F.);
#11595 = PLANE('',#11596);
#11596 = AXIS2_PLACEMENT_3D('',#11597,#11598,#11599);
#11597 = CARTESIAN_POINT('',(212.2106,-63.5065,1.51));
#11598 = DIRECTION('',(0.,-1.,0.));
#11599 = DIRECTION('',(-1.,0.,0.));
#11600 = ADVANCED_FACE('',(#11601),#11612,.T.);
#11601 = FACE_BOUND('',#11602,.T.);
#11602 = EDGE_LOOP('',(#11603,#11604,#11605,#11611));
#11603 = ORIENTED_EDGE('',*,*,#11589,.T.);
#11604 = ORIENTED_EDGE('',*,*,#11469,.T.);
#11605 = ORIENTED_EDGE('',*,*,#11606,.F.);
#11606 = EDGE_CURVE('',#11384,#11462,#11607,.T.);
#11607 = LINE('',#11608,#11609);
#11608 = CARTESIAN_POINT('',(209.931,-63.3541,1.51));
#11609 = VECTOR('',#11610,1.);
#11610 = DIRECTION('',(0.,0.,1.));
#11611 = ORIENTED_EDGE('',*,*,#11391,.F.);
#11612 = CYLINDRICAL_SURFACE('',#11613,0.152400250784);
#11613 = AXIS2_PLACEMENT_3D('',#11614,#11615,#11616);
#11614 = CARTESIAN_POINT('',(210.08340025078,-63.35409974921,1.51));
#11615 = DIRECTION('',(0.,0.,-1.));
#11616 = DIRECTION('',(-1.645562422763E-06,-0.999999999999,-0.));
#11617 = ADVANCED_FACE('',(#11618),#11629,.T.);
#11618 = FACE_BOUND('',#11619,.T.);
#11619 = EDGE_LOOP('',(#11620,#11621,#11622,#11623));
#11620 = ORIENTED_EDGE('',*,*,#11383,.F.);
#11621 = ORIENTED_EDGE('',*,*,#11606,.T.);
#11622 = ORIENTED_EDGE('',*,*,#11461,.T.);
#11623 = ORIENTED_EDGE('',*,*,#11624,.T.);
#11624 = EDGE_CURVE('',#11453,#11375,#11625,.T.);
#11625 = LINE('',#11626,#11627);
#11626 = CARTESIAN_POINT('',(209.931,-62.9200541227,-4.6E-02));
#11627 = VECTOR('',#11628,1.);
#11628 = DIRECTION('',(-0.,-0.,-1.));
#11629 = PLANE('',#11630);
#11630 = AXIS2_PLACEMENT_3D('',#11631,#11632,#11633);
#11631 = CARTESIAN_POINT('',(209.931,-63.3541,1.51));
#11632 = DIRECTION('',(-1.,0.,0.));
#11633 = DIRECTION('',(0.,1.,0.));
#11634 = ADVANCED_FACE('',(#11635),#11641,.F.);
#11635 = FACE_BOUND('',#11636,.T.);
#11636 = EDGE_LOOP('',(#11637,#11638,#11639,#11640));
#11637 = ORIENTED_EDGE('',*,*,#11520,.F.);
#11638 = ORIENTED_EDGE('',*,*,#11374,.T.);
#11639 = ORIENTED_EDGE('',*,*,#11624,.F.);
#11640 = ORIENTED_EDGE('',*,*,#11452,.F.);
#11641 = CYLINDRICAL_SURFACE('',#11642,0.4195);
#11642 = AXIS2_PLACEMENT_3D('',#11643,#11644,#11645);
#11643 = CARTESIAN_POINT('',(210.312,-62.7445,-4.6E-02));
#11644 = DIRECTION('',(-0.,-0.,-1.));
#11645 = DIRECTION('',(-0.,-1.,0.));
#11646 = MANIFOLD_SOLID_BREP('',#11647);
#11647 = CLOSED_SHELL('',(#11648,#11681,#11701,#11721));
#11648 = ADVANCED_FACE('',(#11649),#11676,.T.);
#11649 = FACE_BOUND('',#11650,.F.);
#11650 = EDGE_LOOP('',(#11651,#11661,#11668,#11669));
#11651 = ORIENTED_EDGE('',*,*,#11652,.T.);
#11652 = EDGE_CURVE('',#11653,#11655,#11657,.T.);
#11653 = VERTEX_POINT('',#11654);
#11654 = CARTESIAN_POINT('',(163.555,-86.4975,1.51));
#11655 = VERTEX_POINT('',#11656);
#11656 = CARTESIAN_POINT('',(163.555,-86.4975,1.55));
#11657 = LINE('',#11658,#11659);
#11658 = CARTESIAN_POINT('',(163.555,-86.4975,1.51));
#11659 = VECTOR('',#11660,1.);
#11660 = DIRECTION('',(0.,0.,1.));
#11661 = ORIENTED_EDGE('',*,*,#11662,.T.);
#11662 = EDGE_CURVE('',#11655,#11655,#11663,.T.);
#11663 = CIRCLE('',#11664,1.1);
#11664 = AXIS2_PLACEMENT_3D('',#11665,#11666,#11667);
#11665 = CARTESIAN_POINT('',(162.455,-86.4975,1.55));
#11666 = DIRECTION('',(0.,0.,1.));
#11667 = DIRECTION('',(1.,0.,-0.));
#11668 = ORIENTED_EDGE('',*,*,#11652,.F.);
#11669 = ORIENTED_EDGE('',*,*,#11670,.F.);
#11670 = EDGE_CURVE('',#11653,#11653,#11671,.T.);
#11671 = CIRCLE('',#11672,1.1);
#11672 = AXIS2_PLACEMENT_3D('',#11673,#11674,#11675);
#11673 = CARTESIAN_POINT('',(162.455,-86.4975,1.51));
#11674 = DIRECTION('',(0.,0.,1.));
#11675 = DIRECTION('',(1.,0.,-0.));
#11676 = CYLINDRICAL_SURFACE('',#11677,1.1);
#11677 = AXIS2_PLACEMENT_3D('',#11678,#11679,#11680);
#11678 = CARTESIAN_POINT('',(162.455,-86.4975,1.51));
#11679 = DIRECTION('',(-0.,-0.,-1.));
#11680 = DIRECTION('',(1.,0.,-0.));
#11681 = ADVANCED_FACE('',(#11682,#11685),#11696,.F.);
#11682 = FACE_BOUND('',#11683,.F.);
#11683 = EDGE_LOOP('',(#11684));
#11684 = ORIENTED_EDGE('',*,*,#11670,.T.);
#11685 = FACE_BOUND('',#11686,.F.);
#11686 = EDGE_LOOP('',(#11687));
#11687 = ORIENTED_EDGE('',*,*,#11688,.T.);
#11688 = EDGE_CURVE('',#11689,#11689,#11691,.T.);
#11689 = VERTEX_POINT('',#11690);
#11690 = CARTESIAN_POINT('',(162.455,-87.2225,1.51));
#11691 = CIRCLE('',#11692,0.725);
#11692 = AXIS2_PLACEMENT_3D('',#11693,#11694,#11695);
#11693 = CARTESIAN_POINT('',(162.455,-86.4975,1.51));
#11694 = DIRECTION('',(-0.,0.,-1.));
#11695 = DIRECTION('',(3.920235783504E-14,-1.,-0.));
#11696 = PLANE('',#11697);
#11697 = AXIS2_PLACEMENT_3D('',#11698,#11699,#11700);
#11698 = CARTESIAN_POINT('',(0.,0.,1.51));
#11699 = DIRECTION('',(0.,0.,1.));
#11700 = DIRECTION('',(1.,0.,-0.));
#11701 = ADVANCED_FACE('',(#11702,#11705),#11716,.T.);
#11702 = FACE_BOUND('',#11703,.T.);
#11703 = EDGE_LOOP('',(#11704));
#11704 = ORIENTED_EDGE('',*,*,#11662,.T.);
#11705 = FACE_BOUND('',#11706,.T.);
#11706 = EDGE_LOOP('',(#11707));
#11707 = ORIENTED_EDGE('',*,*,#11708,.T.);
#11708 = EDGE_CURVE('',#11709,#11709,#11711,.T.);
#11709 = VERTEX_POINT('',#11710);
#11710 = CARTESIAN_POINT('',(162.455,-87.2225,1.55));
#11711 = CIRCLE('',#11712,0.725);
#11712 = AXIS2_PLACEMENT_3D('',#11713,#11714,#11715);
#11713 = CARTESIAN_POINT('',(162.455,-86.4975,1.55));
#11714 = DIRECTION('',(-0.,0.,-1.));
#11715 = DIRECTION('',(3.920235783504E-14,-1.,-0.));
#11716 = PLANE('',#11717);
#11717 = AXIS2_PLACEMENT_3D('',#11718,#11719,#11720);
#11718 = CARTESIAN_POINT('',(0.,0.,1.55));
#11719 = DIRECTION('',(0.,0.,1.));
#11720 = DIRECTION('',(1.,0.,-0.));
#11721 = ADVANCED_FACE('',(#11722),#11733,.F.);
#11722 = FACE_BOUND('',#11723,.T.);
#11723 = EDGE_LOOP('',(#11724,#11725,#11731,#11732));
#11724 = ORIENTED_EDGE('',*,*,#11688,.T.);
#11725 = ORIENTED_EDGE('',*,*,#11726,.T.);
#11726 = EDGE_CURVE('',#11689,#11709,#11727,.T.);
#11727 = LINE('',#11728,#11729);
#11728 = CARTESIAN_POINT('',(162.455,-87.2225,-4.6E-02));
#11729 = VECTOR('',#11730,1.);
#11730 = DIRECTION('',(0.,0.,1.));
#11731 = ORIENTED_EDGE('',*,*,#11708,.F.);
#11732 = ORIENTED_EDGE('',*,*,#11726,.F.);
#11733 = CYLINDRICAL_SURFACE('',#11734,0.725);
#11734 = AXIS2_PLACEMENT_3D('',#11735,#11736,#11737);
#11735 = CARTESIAN_POINT('',(162.455,-86.4975,-4.6E-02));
#11736 = DIRECTION('',(-0.,0.,-1.));
#11737 = DIRECTION('',(3.920235783504E-14,-1.,-0.));
#11738 = MANIFOLD_SOLID_BREP('',#11739);
#11739 = CLOSED_SHELL('',(#11740,#11773,#11793,#11813));
#11740 = ADVANCED_FACE('',(#11741),#11768,.T.);
#11741 = FACE_BOUND('',#11742,.T.);
#11742 = EDGE_LOOP('',(#11743,#11753,#11760,#11761));
#11743 = ORIENTED_EDGE('',*,*,#11744,.T.);
#11744 = EDGE_CURVE('',#11745,#11747,#11749,.T.);
#11745 = VERTEX_POINT('',#11746);
#11746 = CARTESIAN_POINT('',(163.555,-86.4975,0.));
#11747 = VERTEX_POINT('',#11748);
#11748 = CARTESIAN_POINT('',(163.555,-86.4975,-4.E-02));
#11749 = LINE('',#11750,#11751);
#11750 = CARTESIAN_POINT('',(163.555,-86.4975,0.));
#11751 = VECTOR('',#11752,1.);
#11752 = DIRECTION('',(0.,0.,-1.));
#11753 = ORIENTED_EDGE('',*,*,#11754,.T.);
#11754 = EDGE_CURVE('',#11747,#11747,#11755,.T.);
#11755 = CIRCLE('',#11756,1.1);
#11756 = AXIS2_PLACEMENT_3D('',#11757,#11758,#11759);
#11757 = CARTESIAN_POINT('',(162.455,-86.4975,-4.E-02));
#11758 = DIRECTION('',(0.,0.,1.));
#11759 = DIRECTION('',(1.,0.,-0.));
#11760 = ORIENTED_EDGE('',*,*,#11744,.F.);
#11761 = ORIENTED_EDGE('',*,*,#11762,.F.);
#11762 = EDGE_CURVE('',#11745,#11745,#11763,.T.);
#11763 = CIRCLE('',#11764,1.1);
#11764 = AXIS2_PLACEMENT_3D('',#11765,#11766,#11767);
#11765 = CARTESIAN_POINT('',(162.455,-86.4975,0.));
#11766 = DIRECTION('',(0.,0.,1.));
#11767 = DIRECTION('',(1.,0.,-0.));
#11768 = CYLINDRICAL_SURFACE('',#11769,1.1);
#11769 = AXIS2_PLACEMENT_3D('',#11770,#11771,#11772);
#11770 = CARTESIAN_POINT('',(162.455,-86.4975,0.));
#11771 = DIRECTION('',(0.,0.,1.));
#11772 = DIRECTION('',(1.,0.,-0.));
#11773 = ADVANCED_FACE('',(#11774,#11777),#11788,.F.);
#11774 = FACE_BOUND('',#11775,.F.);
#11775 = EDGE_LOOP('',(#11776));
#11776 = ORIENTED_EDGE('',*,*,#11762,.F.);
#11777 = FACE_BOUND('',#11778,.F.);
#11778 = EDGE_LOOP('',(#11779));
#11779 = ORIENTED_EDGE('',*,*,#11780,.F.);
#11780 = EDGE_CURVE('',#11781,#11781,#11783,.T.);
#11781 = VERTEX_POINT('',#11782);
#11782 = CARTESIAN_POINT('',(162.455,-87.2225,0.));
#11783 = CIRCLE('',#11784,0.725);
#11784 = AXIS2_PLACEMENT_3D('',#11785,#11786,#11787);
#11785 = CARTESIAN_POINT('',(162.455,-86.4975,0.));
#11786 = DIRECTION('',(-0.,0.,-1.));
#11787 = DIRECTION('',(3.920235783504E-14,-1.,-0.));
#11788 = PLANE('',#11789);
#11789 = AXIS2_PLACEMENT_3D('',#11790,#11791,#11792);
#11790 = CARTESIAN_POINT('',(0.,0.,0.));
#11791 = DIRECTION('',(-0.,-0.,-1.));
#11792 = DIRECTION('',(-1.,0.,0.));
#11793 = ADVANCED_FACE('',(#11794,#11797),#11808,.T.);
#11794 = FACE_BOUND('',#11795,.T.);
#11795 = EDGE_LOOP('',(#11796));
#11796 = ORIENTED_EDGE('',*,*,#11754,.F.);
#11797 = FACE_BOUND('',#11798,.T.);
#11798 = EDGE_LOOP('',(#11799));
#11799 = ORIENTED_EDGE('',*,*,#11800,.F.);
#11800 = EDGE_CURVE('',#11801,#11801,#11803,.T.);
#11801 = VERTEX_POINT('',#11802);
#11802 = CARTESIAN_POINT('',(162.455,-87.2225,-4.E-02));
#11803 = CIRCLE('',#11804,0.725);
#11804 = AXIS2_PLACEMENT_3D('',#11805,#11806,#11807);
#11805 = CARTESIAN_POINT('',(162.455,-86.4975,-4.E-02));
#11806 = DIRECTION('',(-0.,0.,-1.));
#11807 = DIRECTION('',(3.920235783504E-14,-1.,-0.));
#11808 = PLANE('',#11809);
#11809 = AXIS2_PLACEMENT_3D('',#11810,#11811,#11812);
#11810 = CARTESIAN_POINT('',(0.,0.,-4.E-02));
#11811 = DIRECTION('',(-0.,-0.,-1.));
#11812 = DIRECTION('',(-1.,0.,0.));
#11813 = ADVANCED_FACE('',(#11814),#11825,.F.);
#11814 = FACE_BOUND('',#11815,.T.);
#11815 = EDGE_LOOP('',(#11816,#11817,#11823,#11824));
#11816 = ORIENTED_EDGE('',*,*,#11800,.T.);
#11817 = ORIENTED_EDGE('',*,*,#11818,.T.);
#11818 = EDGE_CURVE('',#11801,#11781,#11819,.T.);
#11819 = LINE('',#11820,#11821);
#11820 = CARTESIAN_POINT('',(162.455,-87.2225,-4.6E-02));
#11821 = VECTOR('',#11822,1.);
#11822 = DIRECTION('',(0.,0.,1.));
#11823 = ORIENTED_EDGE('',*,*,#11780,.F.);
#11824 = ORIENTED_EDGE('',*,*,#11818,.F.);
#11825 = CYLINDRICAL_SURFACE('',#11826,0.725);
#11826 = AXIS2_PLACEMENT_3D('',#11827,#11828,#11829);
#11827 = CARTESIAN_POINT('',(162.455,-86.4975,-4.6E-02));
#11828 = DIRECTION('',(-0.,0.,-1.));
#11829 = DIRECTION('',(3.920235783504E-14,-1.,-0.));
#11830 = MANIFOLD_SOLID_BREP('',#11831);
#11831 = CLOSED_SHELL('',(#11832,#11865,#11885,#11905));
#11832 = ADVANCED_FACE('',(#11833),#11860,.T.);
#11833 = FACE_BOUND('',#11834,.F.);
#11834 = EDGE_LOOP('',(#11835,#11845,#11852,#11853));
#11835 = ORIENTED_EDGE('',*,*,#11836,.T.);
#11836 = EDGE_CURVE('',#11837,#11839,#11841,.T.);
#11837 = VERTEX_POINT('',#11838);
#11838 = CARTESIAN_POINT('',(162.455,-87.2475,-4.E-02));
#11839 = VERTEX_POINT('',#11840);
#11840 = CARTESIAN_POINT('',(162.455,-87.2475,1.55));
#11841 = LINE('',#11842,#11843);
#11842 = CARTESIAN_POINT('',(162.455,-87.2475,-4.E-02));
#11843 = VECTOR('',#11844,1.);
#11844 = DIRECTION('',(0.,0.,1.));
#11845 = ORIENTED_EDGE('',*,*,#11846,.T.);
#11846 = EDGE_CURVE('',#11839,#11839,#11847,.T.);
#11847 = CIRCLE('',#11848,0.75);
#11848 = AXIS2_PLACEMENT_3D('',#11849,#11850,#11851);
#11849 = CARTESIAN_POINT('',(162.455,-86.4975,1.55));
#11850 = DIRECTION('',(0.,0.,1.));
#11851 = DIRECTION('',(-0.,-1.,0.));
#11852 = ORIENTED_EDGE('',*,*,#11836,.F.);
#11853 = ORIENTED_EDGE('',*,*,#11854,.F.);
#11854 = EDGE_CURVE('',#11837,#11837,#11855,.T.);
#11855 = CIRCLE('',#11856,0.75);
#11856 = AXIS2_PLACEMENT_3D('',#11857,#11858,#11859);
#11857 = CARTESIAN_POINT('',(162.455,-86.4975,-4.E-02));
#11858 = DIRECTION('',(0.,0.,1.));
#11859 = DIRECTION('',(-0.,-1.,0.));
#11860 = CYLINDRICAL_SURFACE('',#11861,0.75);
#11861 = AXIS2_PLACEMENT_3D('',#11862,#11863,#11864);
#11862 = CARTESIAN_POINT('',(162.455,-86.4975,-4.E-02));
#11863 = DIRECTION('',(-0.,-0.,-1.));
#11864 = DIRECTION('',(-0.,-1.,0.));
#11865 = ADVANCED_FACE('',(#11866,#11869),#11880,.F.);
#11866 = FACE_BOUND('',#11867,.F.);
#11867 = EDGE_LOOP('',(#11868));
#11868 = ORIENTED_EDGE('',*,*,#11854,.T.);
#11869 = FACE_BOUND('',#11870,.F.);
#11870 = EDGE_LOOP('',(#11871));
#11871 = ORIENTED_EDGE('',*,*,#11872,.T.);
#11872 = EDGE_CURVE('',#11873,#11873,#11875,.T.);
#11873 = VERTEX_POINT('',#11874);
#11874 = CARTESIAN_POINT('',(162.455,-87.2225,-4.E-02));
#11875 = CIRCLE('',#11876,0.725);
#11876 = AXIS2_PLACEMENT_3D('',#11877,#11878,#11879);
#11877 = CARTESIAN_POINT('',(162.455,-86.4975,-4.E-02));
#11878 = DIRECTION('',(-0.,0.,-1.));
#11879 = DIRECTION('',(3.920235783504E-14,-1.,-0.));
#11880 = PLANE('',#11881);
#11881 = AXIS2_PLACEMENT_3D('',#11882,#11883,#11884);
#11882 = CARTESIAN_POINT('',(162.455,-87.2475,-4.E-02));
#11883 = DIRECTION('',(0.,0.,1.));
#11884 = DIRECTION('',(1.,0.,-0.));
#11885 = ADVANCED_FACE('',(#11886,#11889),#11900,.T.);
#11886 = FACE_BOUND('',#11887,.T.);
#11887 = EDGE_LOOP('',(#11888));
#11888 = ORIENTED_EDGE('',*,*,#11846,.T.);
#11889 = FACE_BOUND('',#11890,.T.);
#11890 = EDGE_LOOP('',(#11891));
#11891 = ORIENTED_EDGE('',*,*,#11892,.T.);
#11892 = EDGE_CURVE('',#11893,#11893,#11895,.T.);
#11893 = VERTEX_POINT('',#11894);
#11894 = CARTESIAN_POINT('',(162.455,-87.2225,1.55));
#11895 = CIRCLE('',#11896,0.725);
#11896 = AXIS2_PLACEMENT_3D('',#11897,#11898,#11899);
#11897 = CARTESIAN_POINT('',(162.455,-86.4975,1.55));
#11898 = DIRECTION('',(-0.,0.,-1.));
#11899 = DIRECTION('',(3.920235783504E-14,-1.,-0.));
#11900 = PLANE('',#11901);
#11901 = AXIS2_PLACEMENT_3D('',#11902,#11903,#11904);
#11902 = CARTESIAN_POINT('',(162.455,-87.2475,1.55));
#11903 = DIRECTION('',(0.,0.,1.));
#11904 = DIRECTION('',(1.,0.,-0.));
#11905 = ADVANCED_FACE('',(#11906),#11917,.F.);
#11906 = FACE_BOUND('',#11907,.T.);
#11907 = EDGE_LOOP('',(#11908,#11909,#11915,#11916));
#11908 = ORIENTED_EDGE('',*,*,#11872,.T.);
#11909 = ORIENTED_EDGE('',*,*,#11910,.T.);
#11910 = EDGE_CURVE('',#11873,#11893,#11911,.T.);
#11911 = LINE('',#11912,#11913);
#11912 = CARTESIAN_POINT('',(162.455,-87.2225,-4.6E-02));
#11913 = VECTOR('',#11914,1.);
#11914 = DIRECTION('',(0.,0.,1.));
#11915 = ORIENTED_EDGE('',*,*,#11892,.F.);
#11916 = ORIENTED_EDGE('',*,*,#11910,.F.);
#11917 = CYLINDRICAL_SURFACE('',#11918,0.725);
#11918 = AXIS2_PLACEMENT_3D('',#11919,#11920,#11921);
#11919 = CARTESIAN_POINT('',(162.455,-86.4975,-4.6E-02));
#11920 = DIRECTION('',(-0.,0.,-1.));
#11921 = DIRECTION('',(3.920235783504E-14,-1.,-0.));
#11922 = MANIFOLD_SOLID_BREP('',#11923);
#11923 = CLOSED_SHELL('',(#11924,#11957,#11977,#11997));
#11924 = ADVANCED_FACE('',(#11925),#11952,.T.);
#11925 = FACE_BOUND('',#11926,.F.);
#11926 = EDGE_LOOP('',(#11927,#11937,#11944,#11945));
#11927 = ORIENTED_EDGE('',*,*,#11928,.T.);
#11928 = EDGE_CURVE('',#11929,#11931,#11933,.T.);
#11929 = VERTEX_POINT('',#11930);
#11930 = CARTESIAN_POINT('',(182.71,-86.4805,1.51));
#11931 = VERTEX_POINT('',#11932);
#11932 = CARTESIAN_POINT('',(182.71,-86.4805,1.55));
#11933 = LINE('',#11934,#11935);
#11934 = CARTESIAN_POINT('',(182.71,-86.4805,1.51));
#11935 = VECTOR('',#11936,1.);
#11936 = DIRECTION('',(0.,0.,1.));
#11937 = ORIENTED_EDGE('',*,*,#11938,.T.);
#11938 = EDGE_CURVE('',#11931,#11931,#11939,.T.);
#11939 = CIRCLE('',#11940,1.1);
#11940 = AXIS2_PLACEMENT_3D('',#11941,#11942,#11943);
#11941 = CARTESIAN_POINT('',(181.61,-86.4805,1.55));
#11942 = DIRECTION('',(0.,0.,1.));
#11943 = DIRECTION('',(1.,0.,-0.));
#11944 = ORIENTED_EDGE('',*,*,#11928,.F.);
#11945 = ORIENTED_EDGE('',*,*,#11946,.F.);
#11946 = EDGE_CURVE('',#11929,#11929,#11947,.T.);
#11947 = CIRCLE('',#11948,1.1);
#11948 = AXIS2_PLACEMENT_3D('',#11949,#11950,#11951);
#11949 = CARTESIAN_POINT('',(181.61,-86.4805,1.51));
#11950 = DIRECTION('',(0.,0.,1.));
#11951 = DIRECTION('',(1.,0.,-0.));
#11952 = CYLINDRICAL_SURFACE('',#11953,1.1);
#11953 = AXIS2_PLACEMENT_3D('',#11954,#11955,#11956);
#11954 = CARTESIAN_POINT('',(181.61,-86.4805,1.51));
#11955 = DIRECTION('',(-0.,-0.,-1.));
#11956 = DIRECTION('',(1.,0.,-0.));
#11957 = ADVANCED_FACE('',(#11958,#11961),#11972,.F.);
#11958 = FACE_BOUND('',#11959,.F.);
#11959 = EDGE_LOOP('',(#11960));
#11960 = ORIENTED_EDGE('',*,*,#11946,.T.);
#11961 = FACE_BOUND('',#11962,.F.);
#11962 = EDGE_LOOP('',(#11963));
#11963 = ORIENTED_EDGE('',*,*,#11964,.T.);
#11964 = EDGE_CURVE('',#11965,#11965,#11967,.T.);
#11965 = VERTEX_POINT('',#11966);
#11966 = CARTESIAN_POINT('',(181.61,-87.2055,1.51));
#11967 = CIRCLE('',#11968,0.725);
#11968 = AXIS2_PLACEMENT_3D('',#11969,#11970,#11971);
#11969 = CARTESIAN_POINT('',(181.61,-86.4805,1.51));
#11970 = DIRECTION('',(-0.,0.,-1.));
#11971 = DIRECTION('',(-0.,-1.,0.));
#11972 = PLANE('',#11973);
#11973 = AXIS2_PLACEMENT_3D('',#11974,#11975,#11976);
#11974 = CARTESIAN_POINT('',(0.,0.,1.51));
#11975 = DIRECTION('',(0.,0.,1.));
#11976 = DIRECTION('',(1.,0.,-0.));
#11977 = ADVANCED_FACE('',(#11978,#11981),#11992,.T.);
#11978 = FACE_BOUND('',#11979,.T.);
#11979 = EDGE_LOOP('',(#11980));
#11980 = ORIENTED_EDGE('',*,*,#11938,.T.);
#11981 = FACE_BOUND('',#11982,.T.);
#11982 = EDGE_LOOP('',(#11983));
#11983 = ORIENTED_EDGE('',*,*,#11984,.T.);
#11984 = EDGE_CURVE('',#11985,#11985,#11987,.T.);
#11985 = VERTEX_POINT('',#11986);
#11986 = CARTESIAN_POINT('',(181.61,-87.2055,1.55));
#11987 = CIRCLE('',#11988,0.725);
#11988 = AXIS2_PLACEMENT_3D('',#11989,#11990,#11991);
#11989 = CARTESIAN_POINT('',(181.61,-86.4805,1.55));
#11990 = DIRECTION('',(-0.,0.,-1.));
#11991 = DIRECTION('',(-0.,-1.,0.));
#11992 = PLANE('',#11993);
#11993 = AXIS2_PLACEMENT_3D('',#11994,#11995,#11996);
#11994 = CARTESIAN_POINT('',(0.,0.,1.55));
#11995 = DIRECTION('',(0.,0.,1.));
#11996 = DIRECTION('',(1.,0.,-0.));
#11997 = ADVANCED_FACE('',(#11998),#12009,.F.);
#11998 = FACE_BOUND('',#11999,.T.);
#11999 = EDGE_LOOP('',(#12000,#12001,#12007,#12008));
#12000 = ORIENTED_EDGE('',*,*,#11964,.T.);
#12001 = ORIENTED_EDGE('',*,*,#12002,.T.);
#12002 = EDGE_CURVE('',#11965,#11985,#12003,.T.);
#12003 = LINE('',#12004,#12005);
#12004 = CARTESIAN_POINT('',(181.61,-87.2055,-4.6E-02));
#12005 = VECTOR('',#12006,1.);
#12006 = DIRECTION('',(0.,0.,1.));
#12007 = ORIENTED_EDGE('',*,*,#11984,.F.);
#12008 = ORIENTED_EDGE('',*,*,#12002,.F.);
#12009 = CYLINDRICAL_SURFACE('',#12010,0.725);
#12010 = AXIS2_PLACEMENT_3D('',#12011,#12012,#12013);
#12011 = CARTESIAN_POINT('',(181.61,-86.4805,-4.6E-02));
#12012 = DIRECTION('',(-0.,-0.,-1.));
#12013 = DIRECTION('',(-0.,-1.,0.));
#12014 = MANIFOLD_SOLID_BREP('',#12015);
#12015 = CLOSED_SHELL('',(#12016,#12049,#12069,#12089));
#12016 = ADVANCED_FACE('',(#12017),#12044,.T.);
#12017 = FACE_BOUND('',#12018,.T.);
#12018 = EDGE_LOOP('',(#12019,#12029,#12036,#12037));
#12019 = ORIENTED_EDGE('',*,*,#12020,.T.);
#12020 = EDGE_CURVE('',#12021,#12023,#12025,.T.);
#12021 = VERTEX_POINT('',#12022);
#12022 = CARTESIAN_POINT('',(182.71,-86.4805,0.));
#12023 = VERTEX_POINT('',#12024);
#12024 = CARTESIAN_POINT('',(182.71,-86.4805,-4.E-02));
#12025 = LINE('',#12026,#12027);
#12026 = CARTESIAN_POINT('',(182.71,-86.4805,0.));
#12027 = VECTOR('',#12028,1.);
#12028 = DIRECTION('',(0.,0.,-1.));
#12029 = ORIENTED_EDGE('',*,*,#12030,.T.);
#12030 = EDGE_CURVE('',#12023,#12023,#12031,.T.);
#12031 = CIRCLE('',#12032,1.1);
#12032 = AXIS2_PLACEMENT_3D('',#12033,#12034,#12035);
#12033 = CARTESIAN_POINT('',(181.61,-86.4805,-4.E-02));
#12034 = DIRECTION('',(0.,0.,1.));
#12035 = DIRECTION('',(1.,0.,-0.));
#12036 = ORIENTED_EDGE('',*,*,#12020,.F.);
#12037 = ORIENTED_EDGE('',*,*,#12038,.F.);
#12038 = EDGE_CURVE('',#12021,#12021,#12039,.T.);
#12039 = CIRCLE('',#12040,1.1);
#12040 = AXIS2_PLACEMENT_3D('',#12041,#12042,#12043);
#12041 = CARTESIAN_POINT('',(181.61,-86.4805,0.));
#12042 = DIRECTION('',(0.,0.,1.));
#12043 = DIRECTION('',(1.,0.,-0.));
#12044 = CYLINDRICAL_SURFACE('',#12045,1.1);
#12045 = AXIS2_PLACEMENT_3D('',#12046,#12047,#12048);
#12046 = CARTESIAN_POINT('',(181.61,-86.4805,0.));
#12047 = DIRECTION('',(0.,0.,1.));
#12048 = DIRECTION('',(1.,0.,-0.));
#12049 = ADVANCED_FACE('',(#12050,#12053),#12064,.F.);
#12050 = FACE_BOUND('',#12051,.F.);
#12051 = EDGE_LOOP('',(#12052));
#12052 = ORIENTED_EDGE('',*,*,#12038,.F.);
#12053 = FACE_BOUND('',#12054,.F.);
#12054 = EDGE_LOOP('',(#12055));
#12055 = ORIENTED_EDGE('',*,*,#12056,.F.);
#12056 = EDGE_CURVE('',#12057,#12057,#12059,.T.);
#12057 = VERTEX_POINT('',#12058);
#12058 = CARTESIAN_POINT('',(181.61,-87.2055,0.));
#12059 = CIRCLE('',#12060,0.725);
#12060 = AXIS2_PLACEMENT_3D('',#12061,#12062,#12063);
#12061 = CARTESIAN_POINT('',(181.61,-86.4805,0.));
#12062 = DIRECTION('',(-0.,0.,-1.));
#12063 = DIRECTION('',(-0.,-1.,0.));
#12064 = PLANE('',#12065);
#12065 = AXIS2_PLACEMENT_3D('',#12066,#12067,#12068);
#12066 = CARTESIAN_POINT('',(0.,0.,0.));
#12067 = DIRECTION('',(-0.,-0.,-1.));
#12068 = DIRECTION('',(-1.,0.,0.));
#12069 = ADVANCED_FACE('',(#12070,#12073),#12084,.T.);
#12070 = FACE_BOUND('',#12071,.T.);
#12071 = EDGE_LOOP('',(#12072));
#12072 = ORIENTED_EDGE('',*,*,#12030,.F.);
#12073 = FACE_BOUND('',#12074,.T.);
#12074 = EDGE_LOOP('',(#12075));
#12075 = ORIENTED_EDGE('',*,*,#12076,.F.);
#12076 = EDGE_CURVE('',#12077,#12077,#12079,.T.);
#12077 = VERTEX_POINT('',#12078);
#12078 = CARTESIAN_POINT('',(181.61,-87.2055,-4.E-02));
#12079 = CIRCLE('',#12080,0.725);
#12080 = AXIS2_PLACEMENT_3D('',#12081,#12082,#12083);
#12081 = CARTESIAN_POINT('',(181.61,-86.4805,-4.E-02));
#12082 = DIRECTION('',(-0.,0.,-1.));
#12083 = DIRECTION('',(-0.,-1.,0.));
#12084 = PLANE('',#12085);
#12085 = AXIS2_PLACEMENT_3D('',#12086,#12087,#12088);
#12086 = CARTESIAN_POINT('',(0.,0.,-4.E-02));
#12087 = DIRECTION('',(-0.,-0.,-1.));
#12088 = DIRECTION('',(-1.,0.,0.));
#12089 = ADVANCED_FACE('',(#12090),#12101,.F.);
#12090 = FACE_BOUND('',#12091,.T.);
#12091 = EDGE_LOOP('',(#12092,#12093,#12099,#12100));
#12092 = ORIENTED_EDGE('',*,*,#12076,.T.);
#12093 = ORIENTED_EDGE('',*,*,#12094,.T.);
#12094 = EDGE_CURVE('',#12077,#12057,#12095,.T.);
#12095 = LINE('',#12096,#12097);
#12096 = CARTESIAN_POINT('',(181.61,-87.2055,-4.6E-02));
#12097 = VECTOR('',#12098,1.);
#12098 = DIRECTION('',(0.,0.,1.));
#12099 = ORIENTED_EDGE('',*,*,#12056,.F.);
#12100 = ORIENTED_EDGE('',*,*,#12094,.F.);
#12101 = CYLINDRICAL_SURFACE('',#12102,0.725);
#12102 = AXIS2_PLACEMENT_3D('',#12103,#12104,#12105);
#12103 = CARTESIAN_POINT('',(181.61,-86.4805,-4.6E-02));
#12104 = DIRECTION('',(-0.,-0.,-1.));
#12105 = DIRECTION('',(-0.,-1.,0.));
#12106 = MANIFOLD_SOLID_BREP('',#12107);
#12107 = CLOSED_SHELL('',(#12108,#12141,#12161,#12181));
#12108 = ADVANCED_FACE('',(#12109),#12136,.T.);
#12109 = FACE_BOUND('',#12110,.F.);
#12110 = EDGE_LOOP('',(#12111,#12121,#12128,#12129));
#12111 = ORIENTED_EDGE('',*,*,#12112,.T.);
#12112 = EDGE_CURVE('',#12113,#12115,#12117,.T.);
#12113 = VERTEX_POINT('',#12114);
#12114 = CARTESIAN_POINT('',(181.61,-87.2305,-4.E-02));
#12115 = VERTEX_POINT('',#12116);
#12116 = CARTESIAN_POINT('',(181.61,-87.2305,1.55));
#12117 = LINE('',#12118,#12119);
#12118 = CARTESIAN_POINT('',(181.61,-87.2305,-4.E-02));
#12119 = VECTOR('',#12120,1.);
#12120 = DIRECTION('',(0.,0.,1.));
#12121 = ORIENTED_EDGE('',*,*,#12122,.T.);
#12122 = EDGE_CURVE('',#12115,#12115,#12123,.T.);
#12123 = CIRCLE('',#12124,0.75);
#12124 = AXIS2_PLACEMENT_3D('',#12125,#12126,#12127);
#12125 = CARTESIAN_POINT('',(181.61,-86.4805,1.55));
#12126 = DIRECTION('',(0.,0.,1.));
#12127 = DIRECTION('',(-0.,-1.,0.));
#12128 = ORIENTED_EDGE('',*,*,#12112,.F.);
#12129 = ORIENTED_EDGE('',*,*,#12130,.F.);
#12130 = EDGE_CURVE('',#12113,#12113,#12131,.T.);
#12131 = CIRCLE('',#12132,0.75);
#12132 = AXIS2_PLACEMENT_3D('',#12133,#12134,#12135);
#12133 = CARTESIAN_POINT('',(181.61,-86.4805,-4.E-02));
#12134 = DIRECTION('',(0.,0.,1.));
#12135 = DIRECTION('',(-0.,-1.,0.));
#12136 = CYLINDRICAL_SURFACE('',#12137,0.75);
#12137 = AXIS2_PLACEMENT_3D('',#12138,#12139,#12140);
#12138 = CARTESIAN_POINT('',(181.61,-86.4805,-4.E-02));
#12139 = DIRECTION('',(-0.,-0.,-1.));
#12140 = DIRECTION('',(-0.,-1.,0.));
#12141 = ADVANCED_FACE('',(#12142,#12145),#12156,.F.);
#12142 = FACE_BOUND('',#12143,.F.);
#12143 = EDGE_LOOP('',(#12144));
#12144 = ORIENTED_EDGE('',*,*,#12130,.T.);
#12145 = FACE_BOUND('',#12146,.F.);
#12146 = EDGE_LOOP('',(#12147));
#12147 = ORIENTED_EDGE('',*,*,#12148,.T.);
#12148 = EDGE_CURVE('',#12149,#12149,#12151,.T.);
#12149 = VERTEX_POINT('',#12150);
#12150 = CARTESIAN_POINT('',(181.61,-87.2055,-4.E-02));
#12151 = CIRCLE('',#12152,0.725);
#12152 = AXIS2_PLACEMENT_3D('',#12153,#12154,#12155);
#12153 = CARTESIAN_POINT('',(181.61,-86.4805,-4.E-02));
#12154 = DIRECTION('',(-0.,0.,-1.));
#12155 = DIRECTION('',(-0.,-1.,0.));
#12156 = PLANE('',#12157);
#12157 = AXIS2_PLACEMENT_3D('',#12158,#12159,#12160);
#12158 = CARTESIAN_POINT('',(181.61,-87.2305,-4.E-02));
#12159 = DIRECTION('',(0.,0.,1.));
#12160 = DIRECTION('',(1.,0.,-0.));
#12161 = ADVANCED_FACE('',(#12162,#12165),#12176,.T.);
#12162 = FACE_BOUND('',#12163,.T.);
#12163 = EDGE_LOOP('',(#12164));
#12164 = ORIENTED_EDGE('',*,*,#12122,.T.);
#12165 = FACE_BOUND('',#12166,.T.);
#12166 = EDGE_LOOP('',(#12167));
#12167 = ORIENTED_EDGE('',*,*,#12168,.T.);
#12168 = EDGE_CURVE('',#12169,#12169,#12171,.T.);
#12169 = VERTEX_POINT('',#12170);
#12170 = CARTESIAN_POINT('',(181.61,-87.2055,1.55));
#12171 = CIRCLE('',#12172,0.725);
#12172 = AXIS2_PLACEMENT_3D('',#12173,#12174,#12175);
#12173 = CARTESIAN_POINT('',(181.61,-86.4805,1.55));
#12174 = DIRECTION('',(-0.,0.,-1.));
#12175 = DIRECTION('',(-0.,-1.,0.));
#12176 = PLANE('',#12177);
#12177 = AXIS2_PLACEMENT_3D('',#12178,#12179,#12180);
#12178 = CARTESIAN_POINT('',(181.61,-87.2305,1.55));
#12179 = DIRECTION('',(0.,0.,1.));
#12180 = DIRECTION('',(1.,0.,-0.));
#12181 = ADVANCED_FACE('',(#12182),#12193,.F.);
#12182 = FACE_BOUND('',#12183,.T.);
#12183 = EDGE_LOOP('',(#12184,#12185,#12191,#12192));
#12184 = ORIENTED_EDGE('',*,*,#12148,.T.);
#12185 = ORIENTED_EDGE('',*,*,#12186,.T.);
#12186 = EDGE_CURVE('',#12149,#12169,#12187,.T.);
#12187 = LINE('',#12188,#12189);
#12188 = CARTESIAN_POINT('',(181.61,-87.2055,-4.6E-02));
#12189 = VECTOR('',#12190,1.);
#12190 = DIRECTION('',(0.,0.,1.));
#12191 = ORIENTED_EDGE('',*,*,#12168,.F.);
#12192 = ORIENTED_EDGE('',*,*,#12186,.F.);
#12193 = CYLINDRICAL_SURFACE('',#12194,0.725);
#12194 = AXIS2_PLACEMENT_3D('',#12195,#12196,#12197);
#12195 = CARTESIAN_POINT('',(181.61,-86.4805,-4.6E-02));
#12196 = DIRECTION('',(-0.,-0.,-1.));
#12197 = DIRECTION('',(-0.,-1.,0.));
#12198 = MANIFOLD_SOLID_BREP('',#12199);
#12199 = CLOSED_SHELL('',(#12200,#12233,#12253,#12273));
#12200 = ADVANCED_FACE('',(#12201),#12228,.T.);
#12201 = FACE_BOUND('',#12202,.F.);
#12202 = EDGE_LOOP('',(#12203,#12213,#12220,#12221));
#12203 = ORIENTED_EDGE('',*,*,#12204,.T.);
#12204 = EDGE_CURVE('',#12205,#12207,#12209,.T.);
#12205 = VERTEX_POINT('',#12206);
#12206 = CARTESIAN_POINT('',(211.074,-65.2845,1.51));
#12207 = VERTEX_POINT('',#12208);
#12208 = CARTESIAN_POINT('',(211.074,-65.2845,1.55));
#12209 = LINE('',#12210,#12211);
#12210 = CARTESIAN_POINT('',(211.074,-65.2845,1.51));
#12211 = VECTOR('',#12212,1.);
#12212 = DIRECTION('',(0.,0.,1.));
#12213 = ORIENTED_EDGE('',*,*,#12214,.T.);
#12214 = EDGE_CURVE('',#12207,#12207,#12215,.T.);
#12215 = CIRCLE('',#12216,0.762);
#12216 = AXIS2_PLACEMENT_3D('',#12217,#12218,#12219);
#12217 = CARTESIAN_POINT('',(210.312,-65.2845,1.55));
#12218 = DIRECTION('',(0.,0.,1.));
#12219 = DIRECTION('',(1.,0.,-0.));
#12220 = ORIENTED_EDGE('',*,*,#12204,.F.);
#12221 = ORIENTED_EDGE('',*,*,#12222,.F.);
#12222 = EDGE_CURVE('',#12205,#12205,#12223,.T.);
#12223 = CIRCLE('',#12224,0.762);
#12224 = AXIS2_PLACEMENT_3D('',#12225,#12226,#12227);
#12225 = CARTESIAN_POINT('',(210.312,-65.2845,1.51));
#12226 = DIRECTION('',(0.,0.,1.));
#12227 = DIRECTION('',(1.,0.,-0.));
#12228 = CYLINDRICAL_SURFACE('',#12229,0.762);
#12229 = AXIS2_PLACEMENT_3D('',#12230,#12231,#12232);
#12230 = CARTESIAN_POINT('',(210.312,-65.2845,1.51));
#12231 = DIRECTION('',(-0.,-0.,-1.));
#12232 = DIRECTION('',(1.,0.,-0.));
#12233 = ADVANCED_FACE('',(#12234,#12237),#12248,.F.);
#12234 = FACE_BOUND('',#12235,.F.);
#12235 = EDGE_LOOP('',(#12236));
#12236 = ORIENTED_EDGE('',*,*,#12222,.T.);
#12237 = FACE_BOUND('',#12238,.F.);
#12238 = EDGE_LOOP('',(#12239));
#12239 = ORIENTED_EDGE('',*,*,#12240,.T.);
#12240 = EDGE_CURVE('',#12241,#12241,#12243,.T.);
#12241 = VERTEX_POINT('',#12242);
#12242 = CARTESIAN_POINT('',(210.312,-65.704,1.51));
#12243 = CIRCLE('',#12244,0.4195);
#12244 = AXIS2_PLACEMENT_3D('',#12245,#12246,#12247);
#12245 = CARTESIAN_POINT('',(210.312,-65.2845,1.51));
#12246 = DIRECTION('',(-0.,0.,-1.));
#12247 = DIRECTION('',(-0.,-1.,0.));
#12248 = PLANE('',#12249);
#12249 = AXIS2_PLACEMENT_3D('',#12250,#12251,#12252);
#12250 = CARTESIAN_POINT('',(0.,0.,1.51));
#12251 = DIRECTION('',(0.,0.,1.));
#12252 = DIRECTION('',(1.,0.,-0.));
#12253 = ADVANCED_FACE('',(#12254,#12257),#12268,.T.);
#12254 = FACE_BOUND('',#12255,.T.);
#12255 = EDGE_LOOP('',(#12256));
#12256 = ORIENTED_EDGE('',*,*,#12214,.T.);
#12257 = FACE_BOUND('',#12258,.T.);
#12258 = EDGE_LOOP('',(#12259));
#12259 = ORIENTED_EDGE('',*,*,#12260,.T.);
#12260 = EDGE_CURVE('',#12261,#12261,#12263,.T.);
#12261 = VERTEX_POINT('',#12262);
#12262 = CARTESIAN_POINT('',(210.312,-65.704,1.55));
#12263 = CIRCLE('',#12264,0.4195);
#12264 = AXIS2_PLACEMENT_3D('',#12265,#12266,#12267);
#12265 = CARTESIAN_POINT('',(210.312,-65.2845,1.55));
#12266 = DIRECTION('',(-0.,0.,-1.));
#12267 = DIRECTION('',(-0.,-1.,0.));
#12268 = PLANE('',#12269);
#12269 = AXIS2_PLACEMENT_3D('',#12270,#12271,#12272);
#12270 = CARTESIAN_POINT('',(0.,0.,1.55));
#12271 = DIRECTION('',(0.,0.,1.));
#12272 = DIRECTION('',(1.,0.,-0.));
#12273 = ADVANCED_FACE('',(#12274),#12285,.F.);
#12274 = FACE_BOUND('',#12275,.T.);
#12275 = EDGE_LOOP('',(#12276,#12277,#12283,#12284));
#12276 = ORIENTED_EDGE('',*,*,#12240,.T.);
#12277 = ORIENTED_EDGE('',*,*,#12278,.T.);
#12278 = EDGE_CURVE('',#12241,#12261,#12279,.T.);
#12279 = LINE('',#12280,#12281);
#12280 = CARTESIAN_POINT('',(210.312,-65.704,-4.6E-02));
#12281 = VECTOR('',#12282,1.);
#12282 = DIRECTION('',(0.,0.,1.));
#12283 = ORIENTED_EDGE('',*,*,#12260,.F.);
#12284 = ORIENTED_EDGE('',*,*,#12278,.F.);
#12285 = CYLINDRICAL_SURFACE('',#12286,0.4195);
#12286 = AXIS2_PLACEMENT_3D('',#12287,#12288,#12289);
#12287 = CARTESIAN_POINT('',(210.312,-65.2845,-4.6E-02));
#12288 = DIRECTION('',(-0.,-0.,-1.));
#12289 = DIRECTION('',(-0.,-1.,0.));
#12290 = MANIFOLD_SOLID_BREP('',#12291);
#12291 = CLOSED_SHELL('',(#12292,#12325,#12345,#12365));
#12292 = ADVANCED_FACE('',(#12293),#12320,.T.);
#12293 = FACE_BOUND('',#12294,.T.);
#12294 = EDGE_LOOP('',(#12295,#12305,#12312,#12313));
#12295 = ORIENTED_EDGE('',*,*,#12296,.T.);
#12296 = EDGE_CURVE('',#12297,#12299,#12301,.T.);
#12297 = VERTEX_POINT('',#12298);
#12298 = CARTESIAN_POINT('',(211.074,-65.2845,0.));
#12299 = VERTEX_POINT('',#12300);
#12300 = CARTESIAN_POINT('',(211.074,-65.2845,-4.E-02));
#12301 = LINE('',#12302,#12303);
#12302 = CARTESIAN_POINT('',(211.074,-65.2845,0.));
#12303 = VECTOR('',#12304,1.);
#12304 = DIRECTION('',(0.,0.,-1.));
#12305 = ORIENTED_EDGE('',*,*,#12306,.T.);
#12306 = EDGE_CURVE('',#12299,#12299,#12307,.T.);
#12307 = CIRCLE('',#12308,0.762);
#12308 = AXIS2_PLACEMENT_3D('',#12309,#12310,#12311);
#12309 = CARTESIAN_POINT('',(210.312,-65.2845,-4.E-02));
#12310 = DIRECTION('',(0.,0.,1.));
#12311 = DIRECTION('',(1.,0.,-0.));
#12312 = ORIENTED_EDGE('',*,*,#12296,.F.);
#12313 = ORIENTED_EDGE('',*,*,#12314,.F.);
#12314 = EDGE_CURVE('',#12297,#12297,#12315,.T.);
#12315 = CIRCLE('',#12316,0.762);
#12316 = AXIS2_PLACEMENT_3D('',#12317,#12318,#12319);
#12317 = CARTESIAN_POINT('',(210.312,-65.2845,0.));
#12318 = DIRECTION('',(0.,0.,1.));
#12319 = DIRECTION('',(1.,0.,-0.));
#12320 = CYLINDRICAL_SURFACE('',#12321,0.762);
#12321 = AXIS2_PLACEMENT_3D('',#12322,#12323,#12324);
#12322 = CARTESIAN_POINT('',(210.312,-65.2845,0.));
#12323 = DIRECTION('',(0.,0.,1.));
#12324 = DIRECTION('',(1.,0.,-0.));
#12325 = ADVANCED_FACE('',(#12326,#12329),#12340,.F.);
#12326 = FACE_BOUND('',#12327,.F.);
#12327 = EDGE_LOOP('',(#12328));
#12328 = ORIENTED_EDGE('',*,*,#12314,.F.);
#12329 = FACE_BOUND('',#12330,.F.);
#12330 = EDGE_LOOP('',(#12331));
#12331 = ORIENTED_EDGE('',*,*,#12332,.F.);
#12332 = EDGE_CURVE('',#12333,#12333,#12335,.T.);
#12333 = VERTEX_POINT('',#12334);
#12334 = CARTESIAN_POINT('',(210.312,-65.704,0.));
#12335 = CIRCLE('',#12336,0.4195);
#12336 = AXIS2_PLACEMENT_3D('',#12337,#12338,#12339);
#12337 = CARTESIAN_POINT('',(210.312,-65.2845,0.));
#12338 = DIRECTION('',(-0.,0.,-1.));
#12339 = DIRECTION('',(-0.,-1.,0.));
#12340 = PLANE('',#12341);
#12341 = AXIS2_PLACEMENT_3D('',#12342,#12343,#12344);
#12342 = CARTESIAN_POINT('',(0.,0.,0.));
#12343 = DIRECTION('',(-0.,-0.,-1.));
#12344 = DIRECTION('',(-1.,0.,0.));
#12345 = ADVANCED_FACE('',(#12346,#12349),#12360,.T.);
#12346 = FACE_BOUND('',#12347,.T.);
#12347 = EDGE_LOOP('',(#12348));
#12348 = ORIENTED_EDGE('',*,*,#12306,.F.);
#12349 = FACE_BOUND('',#12350,.T.);
#12350 = EDGE_LOOP('',(#12351));
#12351 = ORIENTED_EDGE('',*,*,#12352,.F.);
#12352 = EDGE_CURVE('',#12353,#12353,#12355,.T.);
#12353 = VERTEX_POINT('',#12354);
#12354 = CARTESIAN_POINT('',(210.312,-65.704,-4.E-02));
#12355 = CIRCLE('',#12356,0.4195);
#12356 = AXIS2_PLACEMENT_3D('',#12357,#12358,#12359);
#12357 = CARTESIAN_POINT('',(210.312,-65.2845,-4.E-02));
#12358 = DIRECTION('',(-0.,0.,-1.));
#12359 = DIRECTION('',(-0.,-1.,0.));
#12360 = PLANE('',#12361);
#12361 = AXIS2_PLACEMENT_3D('',#12362,#12363,#12364);
#12362 = CARTESIAN_POINT('',(0.,0.,-4.E-02));
#12363 = DIRECTION('',(-0.,-0.,-1.));
#12364 = DIRECTION('',(-1.,0.,0.));
#12365 = ADVANCED_FACE('',(#12366),#12377,.F.);
#12366 = FACE_BOUND('',#12367,.T.);
#12367 = EDGE_LOOP('',(#12368,#12369,#12375,#12376));
#12368 = ORIENTED_EDGE('',*,*,#12352,.T.);
#12369 = ORIENTED_EDGE('',*,*,#12370,.T.);
#12370 = EDGE_CURVE('',#12353,#12333,#12371,.T.);
#12371 = LINE('',#12372,#12373);
#12372 = CARTESIAN_POINT('',(210.312,-65.704,-4.6E-02));
#12373 = VECTOR('',#12374,1.);
#12374 = DIRECTION('',(0.,0.,1.));
#12375 = ORIENTED_EDGE('',*,*,#12332,.F.);
#12376 = ORIENTED_EDGE('',*,*,#12370,.F.);
#12377 = CYLINDRICAL_SURFACE('',#12378,0.4195);
#12378 = AXIS2_PLACEMENT_3D('',#12379,#12380,#12381);
#12379 = CARTESIAN_POINT('',(210.312,-65.2845,-4.6E-02));
#12380 = DIRECTION('',(-0.,-0.,-1.));
#12381 = DIRECTION('',(-0.,-1.,0.));
#12382 = MANIFOLD_SOLID_BREP('',#12383);
#12383 = CLOSED_SHELL('',(#12384,#12417,#12437,#12457));
#12384 = ADVANCED_FACE('',(#12385),#12412,.T.);
#12385 = FACE_BOUND('',#12386,.F.);
#12386 = EDGE_LOOP('',(#12387,#12397,#12404,#12405));
#12387 = ORIENTED_EDGE('',*,*,#12388,.T.);
#12388 = EDGE_CURVE('',#12389,#12391,#12393,.T.);
#12389 = VERTEX_POINT('',#12390);
#12390 = CARTESIAN_POINT('',(210.312,-65.729,-4.E-02));
#12391 = VERTEX_POINT('',#12392);
#12392 = CARTESIAN_POINT('',(210.312,-65.729,1.55));
#12393 = LINE('',#12394,#12395);
#12394 = CARTESIAN_POINT('',(210.312,-65.729,-4.E-02));
#12395 = VECTOR('',#12396,1.);
#12396 = DIRECTION('',(0.,0.,1.));
#12397 = ORIENTED_EDGE('',*,*,#12398,.T.);
#12398 = EDGE_CURVE('',#12391,#12391,#12399,.T.);
#12399 = CIRCLE('',#12400,0.4445);
#12400 = AXIS2_PLACEMENT_3D('',#12401,#12402,#12403);
#12401 = CARTESIAN_POINT('',(210.312,-65.2845,1.55));
#12402 = DIRECTION('',(0.,0.,1.));
#12403 = DIRECTION('',(-0.,-1.,0.));
#12404 = ORIENTED_EDGE('',*,*,#12388,.F.);
#12405 = ORIENTED_EDGE('',*,*,#12406,.F.);
#12406 = EDGE_CURVE('',#12389,#12389,#12407,.T.);
#12407 = CIRCLE('',#12408,0.4445);
#12408 = AXIS2_PLACEMENT_3D('',#12409,#12410,#12411);
#12409 = CARTESIAN_POINT('',(210.312,-65.2845,-4.E-02));
#12410 = DIRECTION('',(0.,0.,1.));
#12411 = DIRECTION('',(-0.,-1.,0.));
#12412 = CYLINDRICAL_SURFACE('',#12413,0.4445);
#12413 = AXIS2_PLACEMENT_3D('',#12414,#12415,#12416);
#12414 = CARTESIAN_POINT('',(210.312,-65.2845,-4.E-02));
#12415 = DIRECTION('',(-0.,-0.,-1.));
#12416 = DIRECTION('',(-0.,-1.,0.));
#12417 = ADVANCED_FACE('',(#12418,#12421),#12432,.F.);
#12418 = FACE_BOUND('',#12419,.F.);
#12419 = EDGE_LOOP('',(#12420));
#12420 = ORIENTED_EDGE('',*,*,#12406,.T.);
#12421 = FACE_BOUND('',#12422,.F.);
#12422 = EDGE_LOOP('',(#12423));
#12423 = ORIENTED_EDGE('',*,*,#12424,.T.);
#12424 = EDGE_CURVE('',#12425,#12425,#12427,.T.);
#12425 = VERTEX_POINT('',#12426);
#12426 = CARTESIAN_POINT('',(210.312,-65.704,-4.E-02));
#12427 = CIRCLE('',#12428,0.4195);
#12428 = AXIS2_PLACEMENT_3D('',#12429,#12430,#12431);
#12429 = CARTESIAN_POINT('',(210.312,-65.2845,-4.E-02));
#12430 = DIRECTION('',(-0.,0.,-1.));
#12431 = DIRECTION('',(-0.,-1.,0.));
#12432 = PLANE('',#12433);
#12433 = AXIS2_PLACEMENT_3D('',#12434,#12435,#12436);
#12434 = CARTESIAN_POINT('',(210.312,-65.729,-4.E-02));
#12435 = DIRECTION('',(0.,0.,1.));
#12436 = DIRECTION('',(1.,0.,-0.));
#12437 = ADVANCED_FACE('',(#12438,#12441),#12452,.T.);
#12438 = FACE_BOUND('',#12439,.T.);
#12439 = EDGE_LOOP('',(#12440));
#12440 = ORIENTED_EDGE('',*,*,#12398,.T.);
#12441 = FACE_BOUND('',#12442,.T.);
#12442 = EDGE_LOOP('',(#12443));
#12443 = ORIENTED_EDGE('',*,*,#12444,.T.);
#12444 = EDGE_CURVE('',#12445,#12445,#12447,.T.);
#12445 = VERTEX_POINT('',#12446);
#12446 = CARTESIAN_POINT('',(210.312,-65.704,1.55));
#12447 = CIRCLE('',#12448,0.4195);
#12448 = AXIS2_PLACEMENT_3D('',#12449,#12450,#12451);
#12449 = CARTESIAN_POINT('',(210.312,-65.2845,1.55));
#12450 = DIRECTION('',(-0.,0.,-1.));
#12451 = DIRECTION('',(-0.,-1.,0.));
#12452 = PLANE('',#12453);
#12453 = AXIS2_PLACEMENT_3D('',#12454,#12455,#12456);
#12454 = CARTESIAN_POINT('',(210.312,-65.729,1.55));
#12455 = DIRECTION('',(0.,0.,1.));
#12456 = DIRECTION('',(1.,0.,-0.));
#12457 = ADVANCED_FACE('',(#12458),#12469,.F.);
#12458 = FACE_BOUND('',#12459,.T.);
#12459 = EDGE_LOOP('',(#12460,#12461,#12467,#12468));
#12460 = ORIENTED_EDGE('',*,*,#12424,.T.);
#12461 = ORIENTED_EDGE('',*,*,#12462,.T.);
#12462 = EDGE_CURVE('',#12425,#12445,#12463,.T.);
#12463 = LINE('',#12464,#12465);
#12464 = CARTESIAN_POINT('',(210.312,-65.704,-4.6E-02));
#12465 = VECTOR('',#12466,1.);
#12466 = DIRECTION('',(0.,0.,1.));
#12467 = ORIENTED_EDGE('',*,*,#12444,.F.);
#12468 = ORIENTED_EDGE('',*,*,#12462,.F.);
#12469 = CYLINDRICAL_SURFACE('',#12470,0.4195);
#12470 = AXIS2_PLACEMENT_3D('',#12471,#12472,#12473);
#12471 = CARTESIAN_POINT('',(210.312,-65.2845,-4.6E-02));
#12472 = DIRECTION('',(-0.,-0.,-1.));
#12473 = DIRECTION('',(-0.,-1.,0.));
#12474 = MANIFOLD_SOLID_BREP('',#12475);
#12475 = CLOSED_SHELL('',(#12476,#12518,#12549,#12580,#12658,#12736,
    #12753,#12770,#12787,#12804,#12821,#12838,#12855));
#12476 = ADVANCED_FACE('',(#12477),#12513,.T.);
#12477 = FACE_BOUND('',#12478,.T.);
#12478 = EDGE_LOOP('',(#12479,#12489,#12498,#12506));
#12479 = ORIENTED_EDGE('',*,*,#12480,.T.);
#12480 = EDGE_CURVE('',#12481,#12483,#12485,.T.);
#12481 = VERTEX_POINT('',#12482);
#12482 = CARTESIAN_POINT('',(209.931,-64.6749,1.51));
#12483 = VERTEX_POINT('',#12484);
#12484 = CARTESIAN_POINT('',(209.931,-64.6749,1.55));
#12485 = LINE('',#12486,#12487);
#12486 = CARTESIAN_POINT('',(209.931,-64.6749,1.51));
#12487 = VECTOR('',#12488,1.);
#12488 = DIRECTION('',(0.,0.,1.));
#12489 = ORIENTED_EDGE('',*,*,#12490,.T.);
#12490 = EDGE_CURVE('',#12483,#12491,#12493,.T.);
#12491 = VERTEX_POINT('',#12492);
#12492 = CARTESIAN_POINT('',(210.0834,-64.5225,1.55));
#12493 = CIRCLE('',#12494,0.152400250784);
#12494 = AXIS2_PLACEMENT_3D('',#12495,#12496,#12497);
#12495 = CARTESIAN_POINT('',(210.08340025078,-64.67490025078,1.55));
#12496 = DIRECTION('',(0.,0.,-1.));
#12497 = DIRECTION('',(-0.999999999999,1.645562422763E-06,0.));
#12498 = ORIENTED_EDGE('',*,*,#12499,.F.);
#12499 = EDGE_CURVE('',#12500,#12491,#12502,.T.);
#12500 = VERTEX_POINT('',#12501);
#12501 = CARTESIAN_POINT('',(210.0834,-64.5225,1.51));
#12502 = LINE('',#12503,#12504);
#12503 = CARTESIAN_POINT('',(210.0834,-64.5225,1.51));
#12504 = VECTOR('',#12505,1.);
#12505 = DIRECTION('',(0.,0.,1.));
#12506 = ORIENTED_EDGE('',*,*,#12507,.F.);
#12507 = EDGE_CURVE('',#12481,#12500,#12508,.T.);
#12508 = CIRCLE('',#12509,0.152400250784);
#12509 = AXIS2_PLACEMENT_3D('',#12510,#12511,#12512);
#12510 = CARTESIAN_POINT('',(210.08340025078,-64.67490025078,1.51));
#12511 = DIRECTION('',(0.,0.,-1.));
#12512 = DIRECTION('',(-0.999999999999,1.645562422763E-06,0.));
#12513 = CYLINDRICAL_SURFACE('',#12514,0.152400250784);
#12514 = AXIS2_PLACEMENT_3D('',#12515,#12516,#12517);
#12515 = CARTESIAN_POINT('',(210.08340025078,-64.67490025078,1.51));
#12516 = DIRECTION('',(0.,0.,-1.));
#12517 = DIRECTION('',(-0.999999999999,1.645562422763E-06,0.));
#12518 = ADVANCED_FACE('',(#12519),#12544,.T.);
#12519 = FACE_BOUND('',#12520,.T.);
#12520 = EDGE_LOOP('',(#12521,#12529,#12537,#12543));
#12521 = ORIENTED_EDGE('',*,*,#12522,.F.);
#12522 = EDGE_CURVE('',#12523,#12481,#12525,.T.);
#12523 = VERTEX_POINT('',#12524);
#12524 = CARTESIAN_POINT('',(209.931,-65.10894587731,1.51));
#12525 = LINE('',#12526,#12527);
#12526 = CARTESIAN_POINT('',(209.931,-65.8941,1.51));
#12527 = VECTOR('',#12528,1.);
#12528 = DIRECTION('',(0.,1.,0.));
#12529 = ORIENTED_EDGE('',*,*,#12530,.F.);
#12530 = EDGE_CURVE('',#12531,#12523,#12533,.T.);
#12531 = VERTEX_POINT('',#12532);
#12532 = CARTESIAN_POINT('',(209.931,-65.10894587731,1.55));
#12533 = LINE('',#12534,#12535);
#12534 = CARTESIAN_POINT('',(209.931,-65.10894587729,-4.6E-02));
#12535 = VECTOR('',#12536,1.);
#12536 = DIRECTION('',(-0.,-0.,-1.));
#12537 = ORIENTED_EDGE('',*,*,#12538,.T.);
#12538 = EDGE_CURVE('',#12531,#12483,#12539,.T.);
#12539 = LINE('',#12540,#12541);
#12540 = CARTESIAN_POINT('',(209.931,-65.8941,1.55));
#12541 = VECTOR('',#12542,1.);
#12542 = DIRECTION('',(0.,1.,0.));
#12543 = ORIENTED_EDGE('',*,*,#12480,.F.);
#12544 = PLANE('',#12545);
#12545 = AXIS2_PLACEMENT_3D('',#12546,#12547,#12548);
#12546 = CARTESIAN_POINT('',(209.931,-65.8941,1.51));
#12547 = DIRECTION('',(-1.,0.,0.));
#12548 = DIRECTION('',(0.,1.,0.));
#12549 = ADVANCED_FACE('',(#12550),#12575,.T.);
#12550 = FACE_BOUND('',#12551,.T.);
#12551 = EDGE_LOOP('',(#12552,#12553,#12561,#12569));
#12552 = ORIENTED_EDGE('',*,*,#12499,.T.);
#12553 = ORIENTED_EDGE('',*,*,#12554,.T.);
#12554 = EDGE_CURVE('',#12491,#12555,#12557,.T.);
#12555 = VERTEX_POINT('',#12556);
#12556 = CARTESIAN_POINT('',(212.2106,-64.5225,1.55));
#12557 = LINE('',#12558,#12559);
#12558 = CARTESIAN_POINT('',(210.0834,-64.5225,1.55));
#12559 = VECTOR('',#12560,1.);
#12560 = DIRECTION('',(1.,0.,0.));
#12561 = ORIENTED_EDGE('',*,*,#12562,.F.);
#12562 = EDGE_CURVE('',#12563,#12555,#12565,.T.);
#12563 = VERTEX_POINT('',#12564);
#12564 = CARTESIAN_POINT('',(212.2106,-64.5225,1.51));
#12565 = LINE('',#12566,#12567);
#12566 = CARTESIAN_POINT('',(212.2106,-64.5225,1.51));
#12567 = VECTOR('',#12568,1.);
#12568 = DIRECTION('',(0.,0.,1.));
#12569 = ORIENTED_EDGE('',*,*,#12570,.F.);
#12570 = EDGE_CURVE('',#12500,#12563,#12571,.T.);
#12571 = LINE('',#12572,#12573);
#12572 = CARTESIAN_POINT('',(210.0834,-64.5225,1.51));
#12573 = VECTOR('',#12574,1.);
#12574 = DIRECTION('',(1.,0.,0.));
#12575 = PLANE('',#12576);
#12576 = AXIS2_PLACEMENT_3D('',#12577,#12578,#12579);
#12577 = CARTESIAN_POINT('',(210.0834,-64.5225,1.51));
#12578 = DIRECTION('',(0.,1.,0.));
#12579 = DIRECTION('',(1.,0.,0.));
#12580 = ADVANCED_FACE('',(#12581),#12653,.F.);
#12581 = FACE_BOUND('',#12582,.F.);
#12582 = EDGE_LOOP('',(#12583,#12584,#12585,#12594,#12603,#12611,#12620,
    #12628,#12637,#12645,#12652));
#12583 = ORIENTED_EDGE('',*,*,#12507,.F.);
#12584 = ORIENTED_EDGE('',*,*,#12522,.F.);
#12585 = ORIENTED_EDGE('',*,*,#12586,.T.);
#12586 = EDGE_CURVE('',#12523,#12587,#12589,.T.);
#12587 = VERTEX_POINT('',#12588);
#12588 = CARTESIAN_POINT('',(210.312,-65.704,1.51));
#12589 = CIRCLE('',#12590,0.4195);
#12590 = AXIS2_PLACEMENT_3D('',#12591,#12592,#12593);
#12591 = CARTESIAN_POINT('',(210.312,-65.2845,1.51));
#12592 = DIRECTION('',(-0.,0.,-1.));
#12593 = DIRECTION('',(-0.,-1.,0.));
#12594 = ORIENTED_EDGE('',*,*,#12595,.T.);
#12595 = EDGE_CURVE('',#12587,#12596,#12598,.T.);
#12596 = VERTEX_POINT('',#12597);
#12597 = CARTESIAN_POINT('',(209.931,-65.46005412268,1.51));
#12598 = CIRCLE('',#12599,0.4195);
#12599 = AXIS2_PLACEMENT_3D('',#12600,#12601,#12602);
#12600 = CARTESIAN_POINT('',(210.312,-65.2845,1.51));
#12601 = DIRECTION('',(-0.,0.,-1.));
#12602 = DIRECTION('',(-0.,-1.,0.));
#12603 = ORIENTED_EDGE('',*,*,#12604,.F.);
#12604 = EDGE_CURVE('',#12605,#12596,#12607,.T.);
#12605 = VERTEX_POINT('',#12606);
#12606 = CARTESIAN_POINT('',(209.931,-65.8941,1.51));
#12607 = LINE('',#12608,#12609);
#12608 = CARTESIAN_POINT('',(209.931,-65.8941,1.51));
#12609 = VECTOR('',#12610,1.);
#12610 = DIRECTION('',(0.,1.,0.));
#12611 = ORIENTED_EDGE('',*,*,#12612,.F.);
#12612 = EDGE_CURVE('',#12613,#12605,#12615,.T.);
#12613 = VERTEX_POINT('',#12614);
#12614 = CARTESIAN_POINT('',(210.0834,-66.0465,1.51));
#12615 = CIRCLE('',#12616,0.152400250784);
#12616 = AXIS2_PLACEMENT_3D('',#12617,#12618,#12619);
#12617 = CARTESIAN_POINT('',(210.08340025078,-65.89409974921,1.51));
#12618 = DIRECTION('',(0.,0.,-1.));
#12619 = DIRECTION('',(-1.645562236269E-06,-0.999999999999,-0.));
#12620 = ORIENTED_EDGE('',*,*,#12621,.F.);
#12621 = EDGE_CURVE('',#12622,#12613,#12624,.T.);
#12622 = VERTEX_POINT('',#12623);
#12623 = CARTESIAN_POINT('',(212.2106,-66.0465,1.51));
#12624 = LINE('',#12625,#12626);
#12625 = CARTESIAN_POINT('',(212.2106,-66.0465,1.51));
#12626 = VECTOR('',#12627,1.);
#12627 = DIRECTION('',(-1.,0.,0.));
#12628 = ORIENTED_EDGE('',*,*,#12629,.F.);
#12629 = EDGE_CURVE('',#12630,#12622,#12632,.T.);
#12630 = VERTEX_POINT('',#12631);
#12631 = CARTESIAN_POINT('',(212.363,-65.8941,1.51));
#12632 = CIRCLE('',#12633,0.152400250784);
#12633 = AXIS2_PLACEMENT_3D('',#12634,#12635,#12636);
#12634 = CARTESIAN_POINT('',(212.21059974921,-65.89409974921,1.51));
#12635 = DIRECTION('',(0.,0.,-1.));
#12636 = DIRECTION('',(0.999999999999,-1.645562516009E-06,0.));
#12637 = ORIENTED_EDGE('',*,*,#12638,.F.);
#12638 = EDGE_CURVE('',#12639,#12630,#12641,.T.);
#12639 = VERTEX_POINT('',#12640);
#12640 = CARTESIAN_POINT('',(212.363,-64.6749,1.51));
#12641 = LINE('',#12642,#12643);
#12642 = CARTESIAN_POINT('',(212.363,-64.6749,1.51));
#12643 = VECTOR('',#12644,1.);
#12644 = DIRECTION('',(0.,-1.,0.));
#12645 = ORIENTED_EDGE('',*,*,#12646,.F.);
#12646 = EDGE_CURVE('',#12563,#12639,#12647,.T.);
#12647 = CIRCLE('',#12648,0.152400250784);
#12648 = AXIS2_PLACEMENT_3D('',#12649,#12650,#12651);
#12649 = CARTESIAN_POINT('',(212.21059974921,-64.67490025078,1.51));
#12650 = DIRECTION('',(0.,0.,-1.));
#12651 = DIRECTION('',(1.64556279575E-06,0.999999999999,0.));
#12652 = ORIENTED_EDGE('',*,*,#12570,.F.);
#12653 = PLANE('',#12654);
#12654 = AXIS2_PLACEMENT_3D('',#12655,#12656,#12657);
#12655 = CARTESIAN_POINT('',(0.,0.,1.51));
#12656 = DIRECTION('',(0.,0.,1.));
#12657 = DIRECTION('',(1.,0.,-0.));
#12658 = ADVANCED_FACE('',(#12659),#12731,.T.);
#12659 = FACE_BOUND('',#12660,.T.);
#12660 = EDGE_LOOP('',(#12661,#12662,#12663,#12672,#12681,#12689,#12698,
    #12706,#12715,#12723,#12730));
#12661 = ORIENTED_EDGE('',*,*,#12490,.F.);
#12662 = ORIENTED_EDGE('',*,*,#12538,.F.);
#12663 = ORIENTED_EDGE('',*,*,#12664,.T.);
#12664 = EDGE_CURVE('',#12531,#12665,#12667,.T.);
#12665 = VERTEX_POINT('',#12666);
#12666 = CARTESIAN_POINT('',(210.312,-65.704,1.55));
#12667 = CIRCLE('',#12668,0.4195);
#12668 = AXIS2_PLACEMENT_3D('',#12669,#12670,#12671);
#12669 = CARTESIAN_POINT('',(210.312,-65.2845,1.55));
#12670 = DIRECTION('',(-0.,0.,-1.));
#12671 = DIRECTION('',(-0.,-1.,0.));
#12672 = ORIENTED_EDGE('',*,*,#12673,.T.);
#12673 = EDGE_CURVE('',#12665,#12674,#12676,.T.);
#12674 = VERTEX_POINT('',#12675);
#12675 = CARTESIAN_POINT('',(209.931,-65.46005412268,1.55));
#12676 = CIRCLE('',#12677,0.4195);
#12677 = AXIS2_PLACEMENT_3D('',#12678,#12679,#12680);
#12678 = CARTESIAN_POINT('',(210.312,-65.2845,1.55));
#12679 = DIRECTION('',(-0.,0.,-1.));
#12680 = DIRECTION('',(-0.,-1.,0.));
#12681 = ORIENTED_EDGE('',*,*,#12682,.F.);
#12682 = EDGE_CURVE('',#12683,#12674,#12685,.T.);
#12683 = VERTEX_POINT('',#12684);
#12684 = CARTESIAN_POINT('',(209.931,-65.8941,1.55));
#12685 = LINE('',#12686,#12687);
#12686 = CARTESIAN_POINT('',(209.931,-65.8941,1.55));
#12687 = VECTOR('',#12688,1.);
#12688 = DIRECTION('',(0.,1.,0.));
#12689 = ORIENTED_EDGE('',*,*,#12690,.F.);
#12690 = EDGE_CURVE('',#12691,#12683,#12693,.T.);
#12691 = VERTEX_POINT('',#12692);
#12692 = CARTESIAN_POINT('',(210.0834,-66.0465,1.55));
#12693 = CIRCLE('',#12694,0.152400250784);
#12694 = AXIS2_PLACEMENT_3D('',#12695,#12696,#12697);
#12695 = CARTESIAN_POINT('',(210.08340025078,-65.89409974921,1.55));
#12696 = DIRECTION('',(0.,0.,-1.));
#12697 = DIRECTION('',(-1.645562236269E-06,-0.999999999999,-0.));
#12698 = ORIENTED_EDGE('',*,*,#12699,.F.);
#12699 = EDGE_CURVE('',#12700,#12691,#12702,.T.);
#12700 = VERTEX_POINT('',#12701);
#12701 = CARTESIAN_POINT('',(212.2106,-66.0465,1.55));
#12702 = LINE('',#12703,#12704);
#12703 = CARTESIAN_POINT('',(212.2106,-66.0465,1.55));
#12704 = VECTOR('',#12705,1.);
#12705 = DIRECTION('',(-1.,0.,0.));
#12706 = ORIENTED_EDGE('',*,*,#12707,.F.);
#12707 = EDGE_CURVE('',#12708,#12700,#12710,.T.);
#12708 = VERTEX_POINT('',#12709);
#12709 = CARTESIAN_POINT('',(212.363,-65.8941,1.55));
#12710 = CIRCLE('',#12711,0.152400250784);
#12711 = AXIS2_PLACEMENT_3D('',#12712,#12713,#12714);
#12712 = CARTESIAN_POINT('',(212.21059974921,-65.89409974921,1.55));
#12713 = DIRECTION('',(0.,0.,-1.));
#12714 = DIRECTION('',(0.999999999999,-1.645562516009E-06,0.));
#12715 = ORIENTED_EDGE('',*,*,#12716,.F.);
#12716 = EDGE_CURVE('',#12717,#12708,#12719,.T.);
#12717 = VERTEX_POINT('',#12718);
#12718 = CARTESIAN_POINT('',(212.363,-64.6749,1.55));
#12719 = LINE('',#12720,#12721);
#12720 = CARTESIAN_POINT('',(212.363,-64.6749,1.55));
#12721 = VECTOR('',#12722,1.);
#12722 = DIRECTION('',(0.,-1.,0.));
#12723 = ORIENTED_EDGE('',*,*,#12724,.F.);
#12724 = EDGE_CURVE('',#12555,#12717,#12725,.T.);
#12725 = CIRCLE('',#12726,0.152400250784);
#12726 = AXIS2_PLACEMENT_3D('',#12727,#12728,#12729);
#12727 = CARTESIAN_POINT('',(212.21059974921,-64.67490025078,1.55));
#12728 = DIRECTION('',(0.,0.,-1.));
#12729 = DIRECTION('',(1.64556279575E-06,0.999999999999,0.));
#12730 = ORIENTED_EDGE('',*,*,#12554,.F.);
#12731 = PLANE('',#12732);
#12732 = AXIS2_PLACEMENT_3D('',#12733,#12734,#12735);
#12733 = CARTESIAN_POINT('',(0.,0.,1.55));
#12734 = DIRECTION('',(0.,0.,1.));
#12735 = DIRECTION('',(1.,0.,-0.));
#12736 = ADVANCED_FACE('',(#12737),#12748,.F.);
#12737 = FACE_BOUND('',#12738,.T.);
#12738 = EDGE_LOOP('',(#12739,#12740,#12746,#12747));
#12739 = ORIENTED_EDGE('',*,*,#12586,.T.);
#12740 = ORIENTED_EDGE('',*,*,#12741,.T.);
#12741 = EDGE_CURVE('',#12587,#12665,#12742,.T.);
#12742 = LINE('',#12743,#12744);
#12743 = CARTESIAN_POINT('',(210.312,-65.704,-4.6E-02));
#12744 = VECTOR('',#12745,1.);
#12745 = DIRECTION('',(0.,0.,1.));
#12746 = ORIENTED_EDGE('',*,*,#12664,.F.);
#12747 = ORIENTED_EDGE('',*,*,#12530,.T.);
#12748 = CYLINDRICAL_SURFACE('',#12749,0.4195);
#12749 = AXIS2_PLACEMENT_3D('',#12750,#12751,#12752);
#12750 = CARTESIAN_POINT('',(210.312,-65.2845,-4.6E-02));
#12751 = DIRECTION('',(-0.,-0.,-1.));
#12752 = DIRECTION('',(-0.,-1.,0.));
#12753 = ADVANCED_FACE('',(#12754),#12765,.T.);
#12754 = FACE_BOUND('',#12755,.T.);
#12755 = EDGE_LOOP('',(#12756,#12757,#12758,#12764));
#12756 = ORIENTED_EDGE('',*,*,#12562,.T.);
#12757 = ORIENTED_EDGE('',*,*,#12724,.T.);
#12758 = ORIENTED_EDGE('',*,*,#12759,.F.);
#12759 = EDGE_CURVE('',#12639,#12717,#12760,.T.);
#12760 = LINE('',#12761,#12762);
#12761 = CARTESIAN_POINT('',(212.363,-64.6749,1.51));
#12762 = VECTOR('',#12763,1.);
#12763 = DIRECTION('',(0.,0.,1.));
#12764 = ORIENTED_EDGE('',*,*,#12646,.F.);
#12765 = CYLINDRICAL_SURFACE('',#12766,0.152400250784);
#12766 = AXIS2_PLACEMENT_3D('',#12767,#12768,#12769);
#12767 = CARTESIAN_POINT('',(212.21059974921,-64.67490025078,1.51));
#12768 = DIRECTION('',(0.,0.,-1.));
#12769 = DIRECTION('',(1.64556279575E-06,0.999999999999,0.));
#12770 = ADVANCED_FACE('',(#12771),#12782,.T.);
#12771 = FACE_BOUND('',#12772,.T.);
#12772 = EDGE_LOOP('',(#12773,#12774,#12775,#12781));
#12773 = ORIENTED_EDGE('',*,*,#12759,.T.);
#12774 = ORIENTED_EDGE('',*,*,#12716,.T.);
#12775 = ORIENTED_EDGE('',*,*,#12776,.F.);
#12776 = EDGE_CURVE('',#12630,#12708,#12777,.T.);
#12777 = LINE('',#12778,#12779);
#12778 = CARTESIAN_POINT('',(212.363,-65.8941,1.51));
#12779 = VECTOR('',#12780,1.);
#12780 = DIRECTION('',(0.,0.,1.));
#12781 = ORIENTED_EDGE('',*,*,#12638,.F.);
#12782 = PLANE('',#12783);
#12783 = AXIS2_PLACEMENT_3D('',#12784,#12785,#12786);
#12784 = CARTESIAN_POINT('',(212.363,-64.6749,1.51));
#12785 = DIRECTION('',(1.,0.,-0.));
#12786 = DIRECTION('',(0.,-1.,0.));
#12787 = ADVANCED_FACE('',(#12788),#12799,.T.);
#12788 = FACE_BOUND('',#12789,.T.);
#12789 = EDGE_LOOP('',(#12790,#12791,#12792,#12798));
#12790 = ORIENTED_EDGE('',*,*,#12776,.T.);
#12791 = ORIENTED_EDGE('',*,*,#12707,.T.);
#12792 = ORIENTED_EDGE('',*,*,#12793,.F.);
#12793 = EDGE_CURVE('',#12622,#12700,#12794,.T.);
#12794 = LINE('',#12795,#12796);
#12795 = CARTESIAN_POINT('',(212.2106,-66.0465,1.51));
#12796 = VECTOR('',#12797,1.);
#12797 = DIRECTION('',(0.,0.,1.));
#12798 = ORIENTED_EDGE('',*,*,#12629,.F.);
#12799 = CYLINDRICAL_SURFACE('',#12800,0.152400250784);
#12800 = AXIS2_PLACEMENT_3D('',#12801,#12802,#12803);
#12801 = CARTESIAN_POINT('',(212.21059974921,-65.89409974921,1.51));
#12802 = DIRECTION('',(0.,0.,-1.));
#12803 = DIRECTION('',(0.999999999999,-1.645562516009E-06,0.));
#12804 = ADVANCED_FACE('',(#12805),#12816,.T.);
#12805 = FACE_BOUND('',#12806,.T.);
#12806 = EDGE_LOOP('',(#12807,#12808,#12809,#12815));
#12807 = ORIENTED_EDGE('',*,*,#12793,.T.);
#12808 = ORIENTED_EDGE('',*,*,#12699,.T.);
#12809 = ORIENTED_EDGE('',*,*,#12810,.F.);
#12810 = EDGE_CURVE('',#12613,#12691,#12811,.T.);
#12811 = LINE('',#12812,#12813);
#12812 = CARTESIAN_POINT('',(210.0834,-66.0465,1.51));
#12813 = VECTOR('',#12814,1.);
#12814 = DIRECTION('',(0.,0.,1.));
#12815 = ORIENTED_EDGE('',*,*,#12621,.F.);
#12816 = PLANE('',#12817);
#12817 = AXIS2_PLACEMENT_3D('',#12818,#12819,#12820);
#12818 = CARTESIAN_POINT('',(212.2106,-66.0465,1.51));
#12819 = DIRECTION('',(0.,-1.,0.));
#12820 = DIRECTION('',(-1.,0.,0.));
#12821 = ADVANCED_FACE('',(#12822),#12833,.T.);
#12822 = FACE_BOUND('',#12823,.T.);
#12823 = EDGE_LOOP('',(#12824,#12825,#12826,#12832));
#12824 = ORIENTED_EDGE('',*,*,#12810,.T.);
#12825 = ORIENTED_EDGE('',*,*,#12690,.T.);
#12826 = ORIENTED_EDGE('',*,*,#12827,.F.);
#12827 = EDGE_CURVE('',#12605,#12683,#12828,.T.);
#12828 = LINE('',#12829,#12830);
#12829 = CARTESIAN_POINT('',(209.931,-65.8941,1.51));
#12830 = VECTOR('',#12831,1.);
#12831 = DIRECTION('',(0.,0.,1.));
#12832 = ORIENTED_EDGE('',*,*,#12612,.F.);
#12833 = CYLINDRICAL_SURFACE('',#12834,0.152400250784);
#12834 = AXIS2_PLACEMENT_3D('',#12835,#12836,#12837);
#12835 = CARTESIAN_POINT('',(210.08340025078,-65.89409974921,1.51));
#12836 = DIRECTION('',(0.,0.,-1.));
#12837 = DIRECTION('',(-1.645562236269E-06,-0.999999999999,-0.));
#12838 = ADVANCED_FACE('',(#12839),#12850,.T.);
#12839 = FACE_BOUND('',#12840,.T.);
#12840 = EDGE_LOOP('',(#12841,#12842,#12843,#12844));
#12841 = ORIENTED_EDGE('',*,*,#12604,.F.);
#12842 = ORIENTED_EDGE('',*,*,#12827,.T.);
#12843 = ORIENTED_EDGE('',*,*,#12682,.T.);
#12844 = ORIENTED_EDGE('',*,*,#12845,.T.);
#12845 = EDGE_CURVE('',#12674,#12596,#12846,.T.);
#12846 = LINE('',#12847,#12848);
#12847 = CARTESIAN_POINT('',(209.931,-65.4600541227,-4.6E-02));
#12848 = VECTOR('',#12849,1.);
#12849 = DIRECTION('',(-0.,-0.,-1.));
#12850 = PLANE('',#12851);
#12851 = AXIS2_PLACEMENT_3D('',#12852,#12853,#12854);
#12852 = CARTESIAN_POINT('',(209.931,-65.8941,1.51));
#12853 = DIRECTION('',(-1.,0.,0.));
#12854 = DIRECTION('',(0.,1.,0.));
#12855 = ADVANCED_FACE('',(#12856),#12862,.F.);
#12856 = FACE_BOUND('',#12857,.T.);
#12857 = EDGE_LOOP('',(#12858,#12859,#12860,#12861));
#12858 = ORIENTED_EDGE('',*,*,#12741,.F.);
#12859 = ORIENTED_EDGE('',*,*,#12595,.T.);
#12860 = ORIENTED_EDGE('',*,*,#12845,.F.);
#12861 = ORIENTED_EDGE('',*,*,#12673,.F.);
#12862 = CYLINDRICAL_SURFACE('',#12863,0.4195);
#12863 = AXIS2_PLACEMENT_3D('',#12864,#12865,#12866);
#12864 = CARTESIAN_POINT('',(210.312,-65.2845,-4.6E-02));
#12865 = DIRECTION('',(-0.,-0.,-1.));
#12866 = DIRECTION('',(-0.,-1.,0.));
#12867 = MANIFOLD_SOLID_BREP('',#12868);
#12868 = CLOSED_SHELL('',(#12869,#12909,#12940,#12971,#12993,#13005));
#12869 = ADVANCED_FACE('',(#12870),#12904,.T.);
#12870 = FACE_BOUND('',#12871,.T.);
#12871 = EDGE_LOOP('',(#12872,#12882,#12890,#12898));
#12872 = ORIENTED_EDGE('',*,*,#12873,.T.);
#12873 = EDGE_CURVE('',#12874,#12876,#12878,.T.);
#12874 = VERTEX_POINT('',#12875);
#12875 = CARTESIAN_POINT('',(143.599,-64.3275,1.51));
#12876 = VERTEX_POINT('',#12877);
#12877 = CARTESIAN_POINT('',(143.599,-64.3275,1.55));
#12878 = LINE('',#12879,#12880);
#12879 = CARTESIAN_POINT('',(143.599,-64.3275,1.51));
#12880 = VECTOR('',#12881,1.);
#12881 = DIRECTION('',(0.,0.,1.));
#12882 = ORIENTED_EDGE('',*,*,#12883,.T.);
#12883 = EDGE_CURVE('',#12876,#12884,#12886,.T.);
#12884 = VERTEX_POINT('',#12885);
#12885 = CARTESIAN_POINT('',(143.599,-63.4775,1.55));
#12886 = LINE('',#12887,#12888);
#12887 = CARTESIAN_POINT('',(143.599,-64.3275,1.55));
#12888 = VECTOR('',#12889,1.);
#12889 = DIRECTION('',(0.,1.,0.));
#12890 = ORIENTED_EDGE('',*,*,#12891,.F.);
#12891 = EDGE_CURVE('',#12892,#12884,#12894,.T.);
#12892 = VERTEX_POINT('',#12893);
#12893 = CARTESIAN_POINT('',(143.599,-63.4775,1.51));
#12894 = LINE('',#12895,#12896);
#12895 = CARTESIAN_POINT('',(143.599,-63.4775,1.51));
#12896 = VECTOR('',#12897,1.);
#12897 = DIRECTION('',(0.,0.,1.));
#12898 = ORIENTED_EDGE('',*,*,#12899,.F.);
#12899 = EDGE_CURVE('',#12874,#12892,#12900,.T.);
#12900 = LINE('',#12901,#12902);
#12901 = CARTESIAN_POINT('',(143.599,-64.3275,1.51));
#12902 = VECTOR('',#12903,1.);
#12903 = DIRECTION('',(0.,1.,0.));
#12904 = PLANE('',#12905);
#12905 = AXIS2_PLACEMENT_3D('',#12906,#12907,#12908);
#12906 = CARTESIAN_POINT('',(143.599,-64.3275,1.51));
#12907 = DIRECTION('',(-1.,0.,0.));
#12908 = DIRECTION('',(0.,1.,0.));
#12909 = ADVANCED_FACE('',(#12910),#12935,.T.);
#12910 = FACE_BOUND('',#12911,.T.);
#12911 = EDGE_LOOP('',(#12912,#12913,#12921,#12929));
#12912 = ORIENTED_EDGE('',*,*,#12891,.T.);
#12913 = ORIENTED_EDGE('',*,*,#12914,.T.);
#12914 = EDGE_CURVE('',#12884,#12915,#12917,.T.);
#12915 = VERTEX_POINT('',#12916);
#12916 = CARTESIAN_POINT('',(145.199,-63.4775,1.55));
#12917 = LINE('',#12918,#12919);
#12918 = CARTESIAN_POINT('',(143.599,-63.4775,1.55));
#12919 = VECTOR('',#12920,1.);
#12920 = DIRECTION('',(1.,0.,0.));
#12921 = ORIENTED_EDGE('',*,*,#12922,.F.);
#12922 = EDGE_CURVE('',#12923,#12915,#12925,.T.);
#12923 = VERTEX_POINT('',#12924);
#12924 = CARTESIAN_POINT('',(145.199,-63.4775,1.51));
#12925 = LINE('',#12926,#12927);
#12926 = CARTESIAN_POINT('',(145.199,-63.4775,1.51));
#12927 = VECTOR('',#12928,1.);
#12928 = DIRECTION('',(0.,0.,1.));
#12929 = ORIENTED_EDGE('',*,*,#12930,.F.);
#12930 = EDGE_CURVE('',#12892,#12923,#12931,.T.);
#12931 = LINE('',#12932,#12933);
#12932 = CARTESIAN_POINT('',(143.599,-63.4775,1.51));
#12933 = VECTOR('',#12934,1.);
#12934 = DIRECTION('',(1.,0.,0.));
#12935 = PLANE('',#12936);
#12936 = AXIS2_PLACEMENT_3D('',#12937,#12938,#12939);
#12937 = CARTESIAN_POINT('',(143.599,-63.4775,1.51));
#12938 = DIRECTION('',(0.,1.,0.));
#12939 = DIRECTION('',(1.,0.,0.));
#12940 = ADVANCED_FACE('',(#12941),#12966,.T.);
#12941 = FACE_BOUND('',#12942,.T.);
#12942 = EDGE_LOOP('',(#12943,#12944,#12952,#12960));
#12943 = ORIENTED_EDGE('',*,*,#12922,.T.);
#12944 = ORIENTED_EDGE('',*,*,#12945,.T.);
#12945 = EDGE_CURVE('',#12915,#12946,#12948,.T.);
#12946 = VERTEX_POINT('',#12947);
#12947 = CARTESIAN_POINT('',(145.199,-64.3275,1.55));
#12948 = LINE('',#12949,#12950);
#12949 = CARTESIAN_POINT('',(145.199,-63.4775,1.55));
#12950 = VECTOR('',#12951,1.);
#12951 = DIRECTION('',(0.,-1.,0.));
#12952 = ORIENTED_EDGE('',*,*,#12953,.F.);
#12953 = EDGE_CURVE('',#12954,#12946,#12956,.T.);
#12954 = VERTEX_POINT('',#12955);
#12955 = CARTESIAN_POINT('',(145.199,-64.3275,1.51));
#12956 = LINE('',#12957,#12958);
#12957 = CARTESIAN_POINT('',(145.199,-64.3275,1.51));
#12958 = VECTOR('',#12959,1.);
#12959 = DIRECTION('',(0.,0.,1.));
#12960 = ORIENTED_EDGE('',*,*,#12961,.F.);
#12961 = EDGE_CURVE('',#12923,#12954,#12962,.T.);
#12962 = LINE('',#12963,#12964);
#12963 = CARTESIAN_POINT('',(145.199,-63.4775,1.51));
#12964 = VECTOR('',#12965,1.);
#12965 = DIRECTION('',(0.,-1.,0.));
#12966 = PLANE('',#12967);
#12967 = AXIS2_PLACEMENT_3D('',#12968,#12969,#12970);
#12968 = CARTESIAN_POINT('',(145.199,-63.4775,1.51));
#12969 = DIRECTION('',(1.,0.,-0.));
#12970 = DIRECTION('',(0.,-1.,0.));
#12971 = ADVANCED_FACE('',(#12972),#12988,.T.);
#12972 = FACE_BOUND('',#12973,.T.);
#12973 = EDGE_LOOP('',(#12974,#12975,#12981,#12982));
#12974 = ORIENTED_EDGE('',*,*,#12953,.T.);
#12975 = ORIENTED_EDGE('',*,*,#12976,.T.);
#12976 = EDGE_CURVE('',#12946,#12876,#12977,.T.);
#12977 = LINE('',#12978,#12979);
#12978 = CARTESIAN_POINT('',(145.199,-64.3275,1.55));
#12979 = VECTOR('',#12980,1.);
#12980 = DIRECTION('',(-1.,0.,0.));
#12981 = ORIENTED_EDGE('',*,*,#12873,.F.);
#12982 = ORIENTED_EDGE('',*,*,#12983,.F.);
#12983 = EDGE_CURVE('',#12954,#12874,#12984,.T.);
#12984 = LINE('',#12985,#12986);
#12985 = CARTESIAN_POINT('',(145.199,-64.3275,1.51));
#12986 = VECTOR('',#12987,1.);
#12987 = DIRECTION('',(-1.,0.,0.));
#12988 = PLANE('',#12989);
#12989 = AXIS2_PLACEMENT_3D('',#12990,#12991,#12992);
#12990 = CARTESIAN_POINT('',(145.199,-64.3275,1.51));
#12991 = DIRECTION('',(0.,-1.,0.));
#12992 = DIRECTION('',(-1.,0.,0.));
#12993 = ADVANCED_FACE('',(#12994),#13000,.F.);
#12994 = FACE_BOUND('',#12995,.T.);
#12995 = EDGE_LOOP('',(#12996,#12997,#12998,#12999));
#12996 = ORIENTED_EDGE('',*,*,#12899,.T.);
#12997 = ORIENTED_EDGE('',*,*,#12930,.T.);
#12998 = ORIENTED_EDGE('',*,*,#12961,.T.);
#12999 = ORIENTED_EDGE('',*,*,#12983,.T.);
#13000 = PLANE('',#13001);
#13001 = AXIS2_PLACEMENT_3D('',#13002,#13003,#13004);
#13002 = CARTESIAN_POINT('',(0.,0.,1.51));
#13003 = DIRECTION('',(0.,0.,1.));
#13004 = DIRECTION('',(1.,0.,-0.));
#13005 = ADVANCED_FACE('',(#13006),#13012,.T.);
#13006 = FACE_BOUND('',#13007,.F.);
#13007 = EDGE_LOOP('',(#13008,#13009,#13010,#13011));
#13008 = ORIENTED_EDGE('',*,*,#12883,.T.);
#13009 = ORIENTED_EDGE('',*,*,#12914,.T.);
#13010 = ORIENTED_EDGE('',*,*,#12945,.T.);
#13011 = ORIENTED_EDGE('',*,*,#12976,.T.);
#13012 = PLANE('',#13013);
#13013 = AXIS2_PLACEMENT_3D('',#13014,#13015,#13016);
#13014 = CARTESIAN_POINT('',(0.,0.,1.55));
#13015 = DIRECTION('',(0.,0.,1.));
#13016 = DIRECTION('',(1.,0.,-0.));
#13017 = MANIFOLD_SOLID_BREP('',#13018);
#13018 = CLOSED_SHELL('',(#13019,#13052,#13072,#13092));
#13019 = ADVANCED_FACE('',(#13020),#13047,.T.);
#13020 = FACE_BOUND('',#13021,.F.);
#13021 = EDGE_LOOP('',(#13022,#13032,#13039,#13040));
#13022 = ORIENTED_EDGE('',*,*,#13023,.T.);
#13023 = EDGE_CURVE('',#13024,#13026,#13028,.T.);
#13024 = VERTEX_POINT('',#13025);
#13025 = CARTESIAN_POINT('',(211.074,-60.2045,1.51));
#13026 = VERTEX_POINT('',#13027);
#13027 = CARTESIAN_POINT('',(211.074,-60.2045,1.55));
#13028 = LINE('',#13029,#13030);
#13029 = CARTESIAN_POINT('',(211.074,-60.2045,1.51));
#13030 = VECTOR('',#13031,1.);
#13031 = DIRECTION('',(0.,0.,1.));
#13032 = ORIENTED_EDGE('',*,*,#13033,.T.);
#13033 = EDGE_CURVE('',#13026,#13026,#13034,.T.);
#13034 = CIRCLE('',#13035,0.762);
#13035 = AXIS2_PLACEMENT_3D('',#13036,#13037,#13038);
#13036 = CARTESIAN_POINT('',(210.312,-60.2045,1.55));
#13037 = DIRECTION('',(0.,0.,1.));
#13038 = DIRECTION('',(1.,0.,-0.));
#13039 = ORIENTED_EDGE('',*,*,#13023,.F.);
#13040 = ORIENTED_EDGE('',*,*,#13041,.F.);
#13041 = EDGE_CURVE('',#13024,#13024,#13042,.T.);
#13042 = CIRCLE('',#13043,0.762);
#13043 = AXIS2_PLACEMENT_3D('',#13044,#13045,#13046);
#13044 = CARTESIAN_POINT('',(210.312,-60.2045,1.51));
#13045 = DIRECTION('',(0.,0.,1.));
#13046 = DIRECTION('',(1.,0.,-0.));
#13047 = CYLINDRICAL_SURFACE('',#13048,0.762);
#13048 = AXIS2_PLACEMENT_3D('',#13049,#13050,#13051);
#13049 = CARTESIAN_POINT('',(210.312,-60.2045,1.51));
#13050 = DIRECTION('',(-0.,-0.,-1.));
#13051 = DIRECTION('',(1.,0.,-0.));
#13052 = ADVANCED_FACE('',(#13053,#13056),#13067,.F.);
#13053 = FACE_BOUND('',#13054,.F.);
#13054 = EDGE_LOOP('',(#13055));
#13055 = ORIENTED_EDGE('',*,*,#13041,.T.);
#13056 = FACE_BOUND('',#13057,.F.);
#13057 = EDGE_LOOP('',(#13058));
#13058 = ORIENTED_EDGE('',*,*,#13059,.T.);
#13059 = EDGE_CURVE('',#13060,#13060,#13062,.T.);
#13060 = VERTEX_POINT('',#13061);
#13061 = CARTESIAN_POINT('',(210.312,-60.624,1.51));
#13062 = CIRCLE('',#13063,0.4195);
#13063 = AXIS2_PLACEMENT_3D('',#13064,#13065,#13066);
#13064 = CARTESIAN_POINT('',(210.312,-60.2045,1.51));
#13065 = DIRECTION('',(-0.,0.,-1.));
#13066 = DIRECTION('',(-0.,-1.,0.));
#13067 = PLANE('',#13068);
#13068 = AXIS2_PLACEMENT_3D('',#13069,#13070,#13071);
#13069 = CARTESIAN_POINT('',(0.,0.,1.51));
#13070 = DIRECTION('',(0.,0.,1.));
#13071 = DIRECTION('',(1.,0.,-0.));
#13072 = ADVANCED_FACE('',(#13073,#13076),#13087,.T.);
#13073 = FACE_BOUND('',#13074,.T.);
#13074 = EDGE_LOOP('',(#13075));
#13075 = ORIENTED_EDGE('',*,*,#13033,.T.);
#13076 = FACE_BOUND('',#13077,.T.);
#13077 = EDGE_LOOP('',(#13078));
#13078 = ORIENTED_EDGE('',*,*,#13079,.T.);
#13079 = EDGE_CURVE('',#13080,#13080,#13082,.T.);
#13080 = VERTEX_POINT('',#13081);
#13081 = CARTESIAN_POINT('',(210.312,-60.624,1.55));
#13082 = CIRCLE('',#13083,0.4195);
#13083 = AXIS2_PLACEMENT_3D('',#13084,#13085,#13086);
#13084 = CARTESIAN_POINT('',(210.312,-60.2045,1.55));
#13085 = DIRECTION('',(-0.,0.,-1.));
#13086 = DIRECTION('',(-0.,-1.,0.));
#13087 = PLANE('',#13088);
#13088 = AXIS2_PLACEMENT_3D('',#13089,#13090,#13091);
#13089 = CARTESIAN_POINT('',(0.,0.,1.55));
#13090 = DIRECTION('',(0.,0.,1.));
#13091 = DIRECTION('',(1.,0.,-0.));
#13092 = ADVANCED_FACE('',(#13093),#13104,.F.);
#13093 = FACE_BOUND('',#13094,.T.);
#13094 = EDGE_LOOP('',(#13095,#13096,#13102,#13103));
#13095 = ORIENTED_EDGE('',*,*,#13059,.T.);
#13096 = ORIENTED_EDGE('',*,*,#13097,.T.);
#13097 = EDGE_CURVE('',#13060,#13080,#13098,.T.);
#13098 = LINE('',#13099,#13100);
#13099 = CARTESIAN_POINT('',(210.312,-60.624,-4.6E-02));
#13100 = VECTOR('',#13101,1.);
#13101 = DIRECTION('',(0.,0.,1.));
#13102 = ORIENTED_EDGE('',*,*,#13079,.F.);
#13103 = ORIENTED_EDGE('',*,*,#13097,.F.);
#13104 = CYLINDRICAL_SURFACE('',#13105,0.4195);
#13105 = AXIS2_PLACEMENT_3D('',#13106,#13107,#13108);
#13106 = CARTESIAN_POINT('',(210.312,-60.2045,-4.6E-02));
#13107 = DIRECTION('',(-0.,-0.,-1.));
#13108 = DIRECTION('',(-0.,-1.,0.));
#13109 = MANIFOLD_SOLID_BREP('',#13110);
#13110 = CLOSED_SHELL('',(#13111,#13144,#13164,#13184));
#13111 = ADVANCED_FACE('',(#13112),#13139,.T.);
#13112 = FACE_BOUND('',#13113,.T.);
#13113 = EDGE_LOOP('',(#13114,#13124,#13131,#13132));
#13114 = ORIENTED_EDGE('',*,*,#13115,.T.);
#13115 = EDGE_CURVE('',#13116,#13118,#13120,.T.);
#13116 = VERTEX_POINT('',#13117);
#13117 = CARTESIAN_POINT('',(211.074,-60.2045,0.));
#13118 = VERTEX_POINT('',#13119);
#13119 = CARTESIAN_POINT('',(211.074,-60.2045,-4.E-02));
#13120 = LINE('',#13121,#13122);
#13121 = CARTESIAN_POINT('',(211.074,-60.2045,0.));
#13122 = VECTOR('',#13123,1.);
#13123 = DIRECTION('',(0.,0.,-1.));
#13124 = ORIENTED_EDGE('',*,*,#13125,.T.);
#13125 = EDGE_CURVE('',#13118,#13118,#13126,.T.);
#13126 = CIRCLE('',#13127,0.762);
#13127 = AXIS2_PLACEMENT_3D('',#13128,#13129,#13130);
#13128 = CARTESIAN_POINT('',(210.312,-60.2045,-4.E-02));
#13129 = DIRECTION('',(0.,0.,1.));
#13130 = DIRECTION('',(1.,0.,-0.));
#13131 = ORIENTED_EDGE('',*,*,#13115,.F.);
#13132 = ORIENTED_EDGE('',*,*,#13133,.F.);
#13133 = EDGE_CURVE('',#13116,#13116,#13134,.T.);
#13134 = CIRCLE('',#13135,0.762);
#13135 = AXIS2_PLACEMENT_3D('',#13136,#13137,#13138);
#13136 = CARTESIAN_POINT('',(210.312,-60.2045,0.));
#13137 = DIRECTION('',(0.,0.,1.));
#13138 = DIRECTION('',(1.,0.,-0.));
#13139 = CYLINDRICAL_SURFACE('',#13140,0.762);
#13140 = AXIS2_PLACEMENT_3D('',#13141,#13142,#13143);
#13141 = CARTESIAN_POINT('',(210.312,-60.2045,0.));
#13142 = DIRECTION('',(0.,0.,1.));
#13143 = DIRECTION('',(1.,0.,-0.));
#13144 = ADVANCED_FACE('',(#13145,#13148),#13159,.F.);
#13145 = FACE_BOUND('',#13146,.F.);
#13146 = EDGE_LOOP('',(#13147));
#13147 = ORIENTED_EDGE('',*,*,#13133,.F.);
#13148 = FACE_BOUND('',#13149,.F.);
#13149 = EDGE_LOOP('',(#13150));
#13150 = ORIENTED_EDGE('',*,*,#13151,.F.);
#13151 = EDGE_CURVE('',#13152,#13152,#13154,.T.);
#13152 = VERTEX_POINT('',#13153);
#13153 = CARTESIAN_POINT('',(210.312,-60.624,0.));
#13154 = CIRCLE('',#13155,0.4195);
#13155 = AXIS2_PLACEMENT_3D('',#13156,#13157,#13158);
#13156 = CARTESIAN_POINT('',(210.312,-60.2045,0.));
#13157 = DIRECTION('',(-0.,0.,-1.));
#13158 = DIRECTION('',(-0.,-1.,0.));
#13159 = PLANE('',#13160);
#13160 = AXIS2_PLACEMENT_3D('',#13161,#13162,#13163);
#13161 = CARTESIAN_POINT('',(0.,0.,0.));
#13162 = DIRECTION('',(-0.,-0.,-1.));
#13163 = DIRECTION('',(-1.,0.,0.));
#13164 = ADVANCED_FACE('',(#13165,#13168),#13179,.T.);
#13165 = FACE_BOUND('',#13166,.T.);
#13166 = EDGE_LOOP('',(#13167));
#13167 = ORIENTED_EDGE('',*,*,#13125,.F.);
#13168 = FACE_BOUND('',#13169,.T.);
#13169 = EDGE_LOOP('',(#13170));
#13170 = ORIENTED_EDGE('',*,*,#13171,.F.);
#13171 = EDGE_CURVE('',#13172,#13172,#13174,.T.);
#13172 = VERTEX_POINT('',#13173);
#13173 = CARTESIAN_POINT('',(210.312,-60.624,-4.E-02));
#13174 = CIRCLE('',#13175,0.4195);
#13175 = AXIS2_PLACEMENT_3D('',#13176,#13177,#13178);
#13176 = CARTESIAN_POINT('',(210.312,-60.2045,-4.E-02));
#13177 = DIRECTION('',(-0.,0.,-1.));
#13178 = DIRECTION('',(-0.,-1.,0.));
#13179 = PLANE('',#13180);
#13180 = AXIS2_PLACEMENT_3D('',#13181,#13182,#13183);
#13181 = CARTESIAN_POINT('',(0.,0.,-4.E-02));
#13182 = DIRECTION('',(-0.,-0.,-1.));
#13183 = DIRECTION('',(-1.,0.,0.));
#13184 = ADVANCED_FACE('',(#13185),#13196,.F.);
#13185 = FACE_BOUND('',#13186,.T.);
#13186 = EDGE_LOOP('',(#13187,#13188,#13194,#13195));
#13187 = ORIENTED_EDGE('',*,*,#13171,.T.);
#13188 = ORIENTED_EDGE('',*,*,#13189,.T.);
#13189 = EDGE_CURVE('',#13172,#13152,#13190,.T.);
#13190 = LINE('',#13191,#13192);
#13191 = CARTESIAN_POINT('',(210.312,-60.624,-4.6E-02));
#13192 = VECTOR('',#13193,1.);
#13193 = DIRECTION('',(0.,0.,1.));
#13194 = ORIENTED_EDGE('',*,*,#13151,.F.);
#13195 = ORIENTED_EDGE('',*,*,#13189,.F.);
#13196 = CYLINDRICAL_SURFACE('',#13197,0.4195);
#13197 = AXIS2_PLACEMENT_3D('',#13198,#13199,#13200);
#13198 = CARTESIAN_POINT('',(210.312,-60.2045,-4.6E-02));
#13199 = DIRECTION('',(-0.,-0.,-1.));
#13200 = DIRECTION('',(-0.,-1.,0.));
#13201 = MANIFOLD_SOLID_BREP('',#13202);
#13202 = CLOSED_SHELL('',(#13203,#13236,#13256,#13276));
#13203 = ADVANCED_FACE('',(#13204),#13231,.T.);
#13204 = FACE_BOUND('',#13205,.F.);
#13205 = EDGE_LOOP('',(#13206,#13216,#13223,#13224));
#13206 = ORIENTED_EDGE('',*,*,#13207,.T.);
#13207 = EDGE_CURVE('',#13208,#13210,#13212,.T.);
#13208 = VERTEX_POINT('',#13209);
#13209 = CARTESIAN_POINT('',(210.312,-60.649,-4.E-02));
#13210 = VERTEX_POINT('',#13211);
#13211 = CARTESIAN_POINT('',(210.312,-60.649,1.55));
#13212 = LINE('',#13213,#13214);
#13213 = CARTESIAN_POINT('',(210.312,-60.649,-4.E-02));
#13214 = VECTOR('',#13215,1.);
#13215 = DIRECTION('',(0.,0.,1.));
#13216 = ORIENTED_EDGE('',*,*,#13217,.T.);
#13217 = EDGE_CURVE('',#13210,#13210,#13218,.T.);
#13218 = CIRCLE('',#13219,0.4445);
#13219 = AXIS2_PLACEMENT_3D('',#13220,#13221,#13222);
#13220 = CARTESIAN_POINT('',(210.312,-60.2045,1.55));
#13221 = DIRECTION('',(0.,0.,1.));
#13222 = DIRECTION('',(-0.,-1.,0.));
#13223 = ORIENTED_EDGE('',*,*,#13207,.F.);
#13224 = ORIENTED_EDGE('',*,*,#13225,.F.);
#13225 = EDGE_CURVE('',#13208,#13208,#13226,.T.);
#13226 = CIRCLE('',#13227,0.4445);
#13227 = AXIS2_PLACEMENT_3D('',#13228,#13229,#13230);
#13228 = CARTESIAN_POINT('',(210.312,-60.2045,-4.E-02));
#13229 = DIRECTION('',(0.,0.,1.));
#13230 = DIRECTION('',(-0.,-1.,0.));
#13231 = CYLINDRICAL_SURFACE('',#13232,0.4445);
#13232 = AXIS2_PLACEMENT_3D('',#13233,#13234,#13235);
#13233 = CARTESIAN_POINT('',(210.312,-60.2045,-4.E-02));
#13234 = DIRECTION('',(-0.,-0.,-1.));
#13235 = DIRECTION('',(-0.,-1.,0.));
#13236 = ADVANCED_FACE('',(#13237,#13240),#13251,.F.);
#13237 = FACE_BOUND('',#13238,.F.);
#13238 = EDGE_LOOP('',(#13239));
#13239 = ORIENTED_EDGE('',*,*,#13225,.T.);
#13240 = FACE_BOUND('',#13241,.F.);
#13241 = EDGE_LOOP('',(#13242));
#13242 = ORIENTED_EDGE('',*,*,#13243,.T.);
#13243 = EDGE_CURVE('',#13244,#13244,#13246,.T.);
#13244 = VERTEX_POINT('',#13245);
#13245 = CARTESIAN_POINT('',(210.312,-60.624,-4.E-02));
#13246 = CIRCLE('',#13247,0.4195);
#13247 = AXIS2_PLACEMENT_3D('',#13248,#13249,#13250);
#13248 = CARTESIAN_POINT('',(210.312,-60.2045,-4.E-02));
#13249 = DIRECTION('',(-0.,0.,-1.));
#13250 = DIRECTION('',(-0.,-1.,0.));
#13251 = PLANE('',#13252);
#13252 = AXIS2_PLACEMENT_3D('',#13253,#13254,#13255);
#13253 = CARTESIAN_POINT('',(210.312,-60.649,-4.E-02));
#13254 = DIRECTION('',(0.,0.,1.));
#13255 = DIRECTION('',(1.,0.,-0.));
#13256 = ADVANCED_FACE('',(#13257,#13260),#13271,.T.);
#13257 = FACE_BOUND('',#13258,.T.);
#13258 = EDGE_LOOP('',(#13259));
#13259 = ORIENTED_EDGE('',*,*,#13217,.T.);
#13260 = FACE_BOUND('',#13261,.T.);
#13261 = EDGE_LOOP('',(#13262));
#13262 = ORIENTED_EDGE('',*,*,#13263,.T.);
#13263 = EDGE_CURVE('',#13264,#13264,#13266,.T.);
#13264 = VERTEX_POINT('',#13265);
#13265 = CARTESIAN_POINT('',(210.312,-60.624,1.55));
#13266 = CIRCLE('',#13267,0.4195);
#13267 = AXIS2_PLACEMENT_3D('',#13268,#13269,#13270);
#13268 = CARTESIAN_POINT('',(210.312,-60.2045,1.55));
#13269 = DIRECTION('',(-0.,0.,-1.));
#13270 = DIRECTION('',(-0.,-1.,0.));
#13271 = PLANE('',#13272);
#13272 = AXIS2_PLACEMENT_3D('',#13273,#13274,#13275);
#13273 = CARTESIAN_POINT('',(210.312,-60.649,1.55));
#13274 = DIRECTION('',(0.,0.,1.));
#13275 = DIRECTION('',(1.,0.,-0.));
#13276 = ADVANCED_FACE('',(#13277),#13288,.F.);
#13277 = FACE_BOUND('',#13278,.T.);
#13278 = EDGE_LOOP('',(#13279,#13280,#13286,#13287));
#13279 = ORIENTED_EDGE('',*,*,#13243,.T.);
#13280 = ORIENTED_EDGE('',*,*,#13281,.T.);
#13281 = EDGE_CURVE('',#13244,#13264,#13282,.T.);
#13282 = LINE('',#13283,#13284);
#13283 = CARTESIAN_POINT('',(210.312,-60.624,-4.6E-02));
#13284 = VECTOR('',#13285,1.);
#13285 = DIRECTION('',(0.,0.,1.));
#13286 = ORIENTED_EDGE('',*,*,#13263,.F.);
#13287 = ORIENTED_EDGE('',*,*,#13281,.F.);
#13288 = CYLINDRICAL_SURFACE('',#13289,0.4195);
#13289 = AXIS2_PLACEMENT_3D('',#13290,#13291,#13292);
#13290 = CARTESIAN_POINT('',(210.312,-60.2045,-4.6E-02));
#13291 = DIRECTION('',(-0.,-0.,-1.));
#13292 = DIRECTION('',(-0.,-1.,0.));
#13293 = MANIFOLD_SOLID_BREP('',#13294);
#13294 = CLOSED_SHELL('',(#13295,#13337,#13368,#13399,#13477,#13555,
    #13572,#13589,#13606,#13623,#13640,#13657,#13674));
#13295 = ADVANCED_FACE('',(#13296),#13332,.T.);
#13296 = FACE_BOUND('',#13297,.T.);
#13297 = EDGE_LOOP('',(#13298,#13308,#13317,#13325));
#13298 = ORIENTED_EDGE('',*,*,#13299,.T.);
#13299 = EDGE_CURVE('',#13300,#13302,#13304,.T.);
#13300 = VERTEX_POINT('',#13301);
#13301 = CARTESIAN_POINT('',(209.931,-59.5949,1.51));
#13302 = VERTEX_POINT('',#13303);
#13303 = CARTESIAN_POINT('',(209.931,-59.5949,1.55));
#13304 = LINE('',#13305,#13306);
#13305 = CARTESIAN_POINT('',(209.931,-59.5949,1.51));
#13306 = VECTOR('',#13307,1.);
#13307 = DIRECTION('',(0.,0.,1.));
#13308 = ORIENTED_EDGE('',*,*,#13309,.T.);
#13309 = EDGE_CURVE('',#13302,#13310,#13312,.T.);
#13310 = VERTEX_POINT('',#13311);
#13311 = CARTESIAN_POINT('',(210.0834,-59.4425,1.55));
#13312 = CIRCLE('',#13313,0.152400250784);
#13313 = AXIS2_PLACEMENT_3D('',#13314,#13315,#13316);
#13314 = CARTESIAN_POINT('',(210.08340025078,-59.59490025078,1.55));
#13315 = DIRECTION('',(0.,0.,-1.));
#13316 = DIRECTION('',(-0.999999999999,1.645562329516E-06,0.));
#13317 = ORIENTED_EDGE('',*,*,#13318,.F.);
#13318 = EDGE_CURVE('',#13319,#13310,#13321,.T.);
#13319 = VERTEX_POINT('',#13320);
#13320 = CARTESIAN_POINT('',(210.0834,-59.4425,1.51));
#13321 = LINE('',#13322,#13323);
#13322 = CARTESIAN_POINT('',(210.0834,-59.4425,1.51));
#13323 = VECTOR('',#13324,1.);
#13324 = DIRECTION('',(0.,0.,1.));
#13325 = ORIENTED_EDGE('',*,*,#13326,.F.);
#13326 = EDGE_CURVE('',#13300,#13319,#13327,.T.);
#13327 = CIRCLE('',#13328,0.152400250784);
#13328 = AXIS2_PLACEMENT_3D('',#13329,#13330,#13331);
#13329 = CARTESIAN_POINT('',(210.08340025078,-59.59490025078,1.51));
#13330 = DIRECTION('',(0.,0.,-1.));
#13331 = DIRECTION('',(-0.999999999999,1.645562329516E-06,0.));
#13332 = CYLINDRICAL_SURFACE('',#13333,0.152400250784);
#13333 = AXIS2_PLACEMENT_3D('',#13334,#13335,#13336);
#13334 = CARTESIAN_POINT('',(210.08340025078,-59.59490025078,1.51));
#13335 = DIRECTION('',(0.,0.,-1.));
#13336 = DIRECTION('',(-0.999999999999,1.645562329516E-06,0.));
#13337 = ADVANCED_FACE('',(#13338),#13363,.T.);
#13338 = FACE_BOUND('',#13339,.T.);
#13339 = EDGE_LOOP('',(#13340,#13348,#13356,#13362));
#13340 = ORIENTED_EDGE('',*,*,#13341,.F.);
#13341 = EDGE_CURVE('',#13342,#13300,#13344,.T.);
#13342 = VERTEX_POINT('',#13343);
#13343 = CARTESIAN_POINT('',(209.931,-60.02894587735,1.51));
#13344 = LINE('',#13345,#13346);
#13345 = CARTESIAN_POINT('',(209.931,-60.8141,1.51));
#13346 = VECTOR('',#13347,1.);
#13347 = DIRECTION('',(0.,1.,0.));
#13348 = ORIENTED_EDGE('',*,*,#13349,.F.);
#13349 = EDGE_CURVE('',#13350,#13342,#13352,.T.);
#13350 = VERTEX_POINT('',#13351);
#13351 = CARTESIAN_POINT('',(209.931,-60.02894587735,1.55));
#13352 = LINE('',#13353,#13354);
#13353 = CARTESIAN_POINT('',(209.931,-60.02894587729,-4.6E-02));
#13354 = VECTOR('',#13355,1.);
#13355 = DIRECTION('',(-0.,-0.,-1.));
#13356 = ORIENTED_EDGE('',*,*,#13357,.T.);
#13357 = EDGE_CURVE('',#13350,#13302,#13358,.T.);
#13358 = LINE('',#13359,#13360);
#13359 = CARTESIAN_POINT('',(209.931,-60.8141,1.55));
#13360 = VECTOR('',#13361,1.);
#13361 = DIRECTION('',(0.,1.,0.));
#13362 = ORIENTED_EDGE('',*,*,#13299,.F.);
#13363 = PLANE('',#13364);
#13364 = AXIS2_PLACEMENT_3D('',#13365,#13366,#13367);
#13365 = CARTESIAN_POINT('',(209.931,-60.8141,1.51));
#13366 = DIRECTION('',(-1.,0.,0.));
#13367 = DIRECTION('',(0.,1.,0.));
#13368 = ADVANCED_FACE('',(#13369),#13394,.T.);
#13369 = FACE_BOUND('',#13370,.T.);
#13370 = EDGE_LOOP('',(#13371,#13372,#13380,#13388));
#13371 = ORIENTED_EDGE('',*,*,#13318,.T.);
#13372 = ORIENTED_EDGE('',*,*,#13373,.T.);
#13373 = EDGE_CURVE('',#13310,#13374,#13376,.T.);
#13374 = VERTEX_POINT('',#13375);
#13375 = CARTESIAN_POINT('',(212.2106,-59.4425,1.55));
#13376 = LINE('',#13377,#13378);
#13377 = CARTESIAN_POINT('',(210.0834,-59.4425,1.55));
#13378 = VECTOR('',#13379,1.);
#13379 = DIRECTION('',(1.,0.,0.));
#13380 = ORIENTED_EDGE('',*,*,#13381,.F.);
#13381 = EDGE_CURVE('',#13382,#13374,#13384,.T.);
#13382 = VERTEX_POINT('',#13383);
#13383 = CARTESIAN_POINT('',(212.2106,-59.4425,1.51));
#13384 = LINE('',#13385,#13386);
#13385 = CARTESIAN_POINT('',(212.2106,-59.4425,1.51));
#13386 = VECTOR('',#13387,1.);
#13387 = DIRECTION('',(0.,0.,1.));
#13388 = ORIENTED_EDGE('',*,*,#13389,.F.);
#13389 = EDGE_CURVE('',#13319,#13382,#13390,.T.);
#13390 = LINE('',#13391,#13392);
#13391 = CARTESIAN_POINT('',(210.0834,-59.4425,1.51));
#13392 = VECTOR('',#13393,1.);
#13393 = DIRECTION('',(1.,0.,0.));
#13394 = PLANE('',#13395);
#13395 = AXIS2_PLACEMENT_3D('',#13396,#13397,#13398);
#13396 = CARTESIAN_POINT('',(210.0834,-59.4425,1.51));
#13397 = DIRECTION('',(0.,1.,0.));
#13398 = DIRECTION('',(1.,0.,0.));
#13399 = ADVANCED_FACE('',(#13400),#13472,.F.);
#13400 = FACE_BOUND('',#13401,.F.);
#13401 = EDGE_LOOP('',(#13402,#13403,#13404,#13413,#13422,#13430,#13439,
    #13447,#13456,#13464,#13471));
#13402 = ORIENTED_EDGE('',*,*,#13326,.F.);
#13403 = ORIENTED_EDGE('',*,*,#13341,.F.);
#13404 = ORIENTED_EDGE('',*,*,#13405,.T.);
#13405 = EDGE_CURVE('',#13342,#13406,#13408,.T.);
#13406 = VERTEX_POINT('',#13407);
#13407 = CARTESIAN_POINT('',(210.312,-60.624,1.51));
#13408 = CIRCLE('',#13409,0.4195);
#13409 = AXIS2_PLACEMENT_3D('',#13410,#13411,#13412);
#13410 = CARTESIAN_POINT('',(210.312,-60.2045,1.51));
#13411 = DIRECTION('',(-0.,0.,-1.));
#13412 = DIRECTION('',(-0.,-1.,0.));
#13413 = ORIENTED_EDGE('',*,*,#13414,.T.);
#13414 = EDGE_CURVE('',#13406,#13415,#13417,.T.);
#13415 = VERTEX_POINT('',#13416);
#13416 = CARTESIAN_POINT('',(209.931,-60.38005412264,1.51));
#13417 = CIRCLE('',#13418,0.4195);
#13418 = AXIS2_PLACEMENT_3D('',#13419,#13420,#13421);
#13419 = CARTESIAN_POINT('',(210.312,-60.2045,1.51));
#13420 = DIRECTION('',(-0.,0.,-1.));
#13421 = DIRECTION('',(-0.,-1.,0.));
#13422 = ORIENTED_EDGE('',*,*,#13423,.F.);
#13423 = EDGE_CURVE('',#13424,#13415,#13426,.T.);
#13424 = VERTEX_POINT('',#13425);
#13425 = CARTESIAN_POINT('',(209.931,-60.8141,1.51));
#13426 = LINE('',#13427,#13428);
#13427 = CARTESIAN_POINT('',(209.931,-60.8141,1.51));
#13428 = VECTOR('',#13429,1.);
#13429 = DIRECTION('',(0.,1.,0.));
#13430 = ORIENTED_EDGE('',*,*,#13431,.F.);
#13431 = EDGE_CURVE('',#13432,#13424,#13434,.T.);
#13432 = VERTEX_POINT('',#13433);
#13433 = CARTESIAN_POINT('',(210.0834,-60.9665,1.51));
#13434 = CIRCLE('',#13435,0.152400250784);
#13435 = AXIS2_PLACEMENT_3D('',#13436,#13437,#13438);
#13436 = CARTESIAN_POINT('',(210.08340025078,-60.81409974921,1.51));
#13437 = DIRECTION('',(0.,0.,-1.));
#13438 = DIRECTION('',(-1.645562422763E-06,-0.999999999999,-0.));
#13439 = ORIENTED_EDGE('',*,*,#13440,.F.);
#13440 = EDGE_CURVE('',#13441,#13432,#13443,.T.);
#13441 = VERTEX_POINT('',#13442);
#13442 = CARTESIAN_POINT('',(212.2106,-60.9665,1.51));
#13443 = LINE('',#13444,#13445);
#13444 = CARTESIAN_POINT('',(212.2106,-60.9665,1.51));
#13445 = VECTOR('',#13446,1.);
#13446 = DIRECTION('',(-1.,0.,0.));
#13447 = ORIENTED_EDGE('',*,*,#13448,.F.);
#13448 = EDGE_CURVE('',#13449,#13441,#13451,.T.);
#13449 = VERTEX_POINT('',#13450);
#13450 = CARTESIAN_POINT('',(212.363,-60.8141,1.51));
#13451 = CIRCLE('',#13452,0.152400250784);
#13452 = AXIS2_PLACEMENT_3D('',#13453,#13454,#13455);
#13453 = CARTESIAN_POINT('',(212.21059974921,-60.81409974921,1.51));
#13454 = DIRECTION('',(0.,0.,-1.));
#13455 = DIRECTION('',(0.999999999999,-1.645562609256E-06,0.));
#13456 = ORIENTED_EDGE('',*,*,#13457,.F.);
#13457 = EDGE_CURVE('',#13458,#13449,#13460,.T.);
#13458 = VERTEX_POINT('',#13459);
#13459 = CARTESIAN_POINT('',(212.363,-59.5949,1.51));
#13460 = LINE('',#13461,#13462);
#13461 = CARTESIAN_POINT('',(212.363,-59.5949,1.51));
#13462 = VECTOR('',#13463,1.);
#13463 = DIRECTION('',(0.,-1.,0.));
#13464 = ORIENTED_EDGE('',*,*,#13465,.F.);
#13465 = EDGE_CURVE('',#13382,#13458,#13466,.T.);
#13466 = CIRCLE('',#13467,0.152400250784);
#13467 = AXIS2_PLACEMENT_3D('',#13468,#13469,#13470);
#13468 = CARTESIAN_POINT('',(212.21059974921,-59.59490025078,1.51));
#13469 = DIRECTION('',(0.,0.,-1.));
#13470 = DIRECTION('',(1.645562609256E-06,0.999999999999,0.));
#13471 = ORIENTED_EDGE('',*,*,#13389,.F.);
#13472 = PLANE('',#13473);
#13473 = AXIS2_PLACEMENT_3D('',#13474,#13475,#13476);
#13474 = CARTESIAN_POINT('',(0.,0.,1.51));
#13475 = DIRECTION('',(0.,0.,1.));
#13476 = DIRECTION('',(1.,0.,-0.));
#13477 = ADVANCED_FACE('',(#13478),#13550,.T.);
#13478 = FACE_BOUND('',#13479,.T.);
#13479 = EDGE_LOOP('',(#13480,#13481,#13482,#13491,#13500,#13508,#13517,
    #13525,#13534,#13542,#13549));
#13480 = ORIENTED_EDGE('',*,*,#13309,.F.);
#13481 = ORIENTED_EDGE('',*,*,#13357,.F.);
#13482 = ORIENTED_EDGE('',*,*,#13483,.T.);
#13483 = EDGE_CURVE('',#13350,#13484,#13486,.T.);
#13484 = VERTEX_POINT('',#13485);
#13485 = CARTESIAN_POINT('',(210.312,-60.624,1.55));
#13486 = CIRCLE('',#13487,0.4195);
#13487 = AXIS2_PLACEMENT_3D('',#13488,#13489,#13490);
#13488 = CARTESIAN_POINT('',(210.312,-60.2045,1.55));
#13489 = DIRECTION('',(-0.,0.,-1.));
#13490 = DIRECTION('',(-0.,-1.,0.));
#13491 = ORIENTED_EDGE('',*,*,#13492,.T.);
#13492 = EDGE_CURVE('',#13484,#13493,#13495,.T.);
#13493 = VERTEX_POINT('',#13494);
#13494 = CARTESIAN_POINT('',(209.931,-60.38005412264,1.55));
#13495 = CIRCLE('',#13496,0.4195);
#13496 = AXIS2_PLACEMENT_3D('',#13497,#13498,#13499);
#13497 = CARTESIAN_POINT('',(210.312,-60.2045,1.55));
#13498 = DIRECTION('',(-0.,0.,-1.));
#13499 = DIRECTION('',(-0.,-1.,0.));
#13500 = ORIENTED_EDGE('',*,*,#13501,.F.);
#13501 = EDGE_CURVE('',#13502,#13493,#13504,.T.);
#13502 = VERTEX_POINT('',#13503);
#13503 = CARTESIAN_POINT('',(209.931,-60.8141,1.55));
#13504 = LINE('',#13505,#13506);
#13505 = CARTESIAN_POINT('',(209.931,-60.8141,1.55));
#13506 = VECTOR('',#13507,1.);
#13507 = DIRECTION('',(0.,1.,0.));
#13508 = ORIENTED_EDGE('',*,*,#13509,.F.);
#13509 = EDGE_CURVE('',#13510,#13502,#13512,.T.);
#13510 = VERTEX_POINT('',#13511);
#13511 = CARTESIAN_POINT('',(210.0834,-60.9665,1.55));
#13512 = CIRCLE('',#13513,0.152400250784);
#13513 = AXIS2_PLACEMENT_3D('',#13514,#13515,#13516);
#13514 = CARTESIAN_POINT('',(210.08340025078,-60.81409974921,1.55));
#13515 = DIRECTION('',(0.,0.,-1.));
#13516 = DIRECTION('',(-1.645562422763E-06,-0.999999999999,-0.));
#13517 = ORIENTED_EDGE('',*,*,#13518,.F.);
#13518 = EDGE_CURVE('',#13519,#13510,#13521,.T.);
#13519 = VERTEX_POINT('',#13520);
#13520 = CARTESIAN_POINT('',(212.2106,-60.9665,1.55));
#13521 = LINE('',#13522,#13523);
#13522 = CARTESIAN_POINT('',(212.2106,-60.9665,1.55));
#13523 = VECTOR('',#13524,1.);
#13524 = DIRECTION('',(-1.,0.,0.));
#13525 = ORIENTED_EDGE('',*,*,#13526,.F.);
#13526 = EDGE_CURVE('',#13527,#13519,#13529,.T.);
#13527 = VERTEX_POINT('',#13528);
#13528 = CARTESIAN_POINT('',(212.363,-60.8141,1.55));
#13529 = CIRCLE('',#13530,0.152400250784);
#13530 = AXIS2_PLACEMENT_3D('',#13531,#13532,#13533);
#13531 = CARTESIAN_POINT('',(212.21059974921,-60.81409974921,1.55));
#13532 = DIRECTION('',(0.,0.,-1.));
#13533 = DIRECTION('',(0.999999999999,-1.645562609256E-06,0.));
#13534 = ORIENTED_EDGE('',*,*,#13535,.F.);
#13535 = EDGE_CURVE('',#13536,#13527,#13538,.T.);
#13536 = VERTEX_POINT('',#13537);
#13537 = CARTESIAN_POINT('',(212.363,-59.5949,1.55));
#13538 = LINE('',#13539,#13540);
#13539 = CARTESIAN_POINT('',(212.363,-59.5949,1.55));
#13540 = VECTOR('',#13541,1.);
#13541 = DIRECTION('',(0.,-1.,0.));
#13542 = ORIENTED_EDGE('',*,*,#13543,.F.);
#13543 = EDGE_CURVE('',#13374,#13536,#13544,.T.);
#13544 = CIRCLE('',#13545,0.152400250784);
#13545 = AXIS2_PLACEMENT_3D('',#13546,#13547,#13548);
#13546 = CARTESIAN_POINT('',(212.21059974921,-59.59490025078,1.55));
#13547 = DIRECTION('',(0.,0.,-1.));
#13548 = DIRECTION('',(1.645562609256E-06,0.999999999999,0.));
#13549 = ORIENTED_EDGE('',*,*,#13373,.F.);
#13550 = PLANE('',#13551);
#13551 = AXIS2_PLACEMENT_3D('',#13552,#13553,#13554);
#13552 = CARTESIAN_POINT('',(0.,0.,1.55));
#13553 = DIRECTION('',(0.,0.,1.));
#13554 = DIRECTION('',(1.,0.,-0.));
#13555 = ADVANCED_FACE('',(#13556),#13567,.F.);
#13556 = FACE_BOUND('',#13557,.T.);
#13557 = EDGE_LOOP('',(#13558,#13559,#13565,#13566));
#13558 = ORIENTED_EDGE('',*,*,#13405,.T.);
#13559 = ORIENTED_EDGE('',*,*,#13560,.T.);
#13560 = EDGE_CURVE('',#13406,#13484,#13561,.T.);
#13561 = LINE('',#13562,#13563);
#13562 = CARTESIAN_POINT('',(210.312,-60.624,-4.6E-02));
#13563 = VECTOR('',#13564,1.);
#13564 = DIRECTION('',(0.,0.,1.));
#13565 = ORIENTED_EDGE('',*,*,#13483,.F.);
#13566 = ORIENTED_EDGE('',*,*,#13349,.T.);
#13567 = CYLINDRICAL_SURFACE('',#13568,0.4195);
#13568 = AXIS2_PLACEMENT_3D('',#13569,#13570,#13571);
#13569 = CARTESIAN_POINT('',(210.312,-60.2045,-4.6E-02));
#13570 = DIRECTION('',(-0.,-0.,-1.));
#13571 = DIRECTION('',(-0.,-1.,0.));
#13572 = ADVANCED_FACE('',(#13573),#13584,.T.);
#13573 = FACE_BOUND('',#13574,.T.);
#13574 = EDGE_LOOP('',(#13575,#13576,#13577,#13583));
#13575 = ORIENTED_EDGE('',*,*,#13381,.T.);
#13576 = ORIENTED_EDGE('',*,*,#13543,.T.);
#13577 = ORIENTED_EDGE('',*,*,#13578,.F.);
#13578 = EDGE_CURVE('',#13458,#13536,#13579,.T.);
#13579 = LINE('',#13580,#13581);
#13580 = CARTESIAN_POINT('',(212.363,-59.5949,1.51));
#13581 = VECTOR('',#13582,1.);
#13582 = DIRECTION('',(0.,0.,1.));
#13583 = ORIENTED_EDGE('',*,*,#13465,.F.);
#13584 = CYLINDRICAL_SURFACE('',#13585,0.152400250784);
#13585 = AXIS2_PLACEMENT_3D('',#13586,#13587,#13588);
#13586 = CARTESIAN_POINT('',(212.21059974921,-59.59490025078,1.51));
#13587 = DIRECTION('',(0.,0.,-1.));
#13588 = DIRECTION('',(1.645562609256E-06,0.999999999999,0.));
#13589 = ADVANCED_FACE('',(#13590),#13601,.T.);
#13590 = FACE_BOUND('',#13591,.T.);
#13591 = EDGE_LOOP('',(#13592,#13593,#13594,#13600));
#13592 = ORIENTED_EDGE('',*,*,#13578,.T.);
#13593 = ORIENTED_EDGE('',*,*,#13535,.T.);
#13594 = ORIENTED_EDGE('',*,*,#13595,.F.);
#13595 = EDGE_CURVE('',#13449,#13527,#13596,.T.);
#13596 = LINE('',#13597,#13598);
#13597 = CARTESIAN_POINT('',(212.363,-60.8141,1.51));
#13598 = VECTOR('',#13599,1.);
#13599 = DIRECTION('',(0.,0.,1.));
#13600 = ORIENTED_EDGE('',*,*,#13457,.F.);
#13601 = PLANE('',#13602);
#13602 = AXIS2_PLACEMENT_3D('',#13603,#13604,#13605);
#13603 = CARTESIAN_POINT('',(212.363,-59.5949,1.51));
#13604 = DIRECTION('',(1.,0.,-0.));
#13605 = DIRECTION('',(0.,-1.,0.));
#13606 = ADVANCED_FACE('',(#13607),#13618,.T.);
#13607 = FACE_BOUND('',#13608,.T.);
#13608 = EDGE_LOOP('',(#13609,#13610,#13611,#13617));
#13609 = ORIENTED_EDGE('',*,*,#13595,.T.);
#13610 = ORIENTED_EDGE('',*,*,#13526,.T.);
#13611 = ORIENTED_EDGE('',*,*,#13612,.F.);
#13612 = EDGE_CURVE('',#13441,#13519,#13613,.T.);
#13613 = LINE('',#13614,#13615);
#13614 = CARTESIAN_POINT('',(212.2106,-60.9665,1.51));
#13615 = VECTOR('',#13616,1.);
#13616 = DIRECTION('',(0.,0.,1.));
#13617 = ORIENTED_EDGE('',*,*,#13448,.F.);
#13618 = CYLINDRICAL_SURFACE('',#13619,0.152400250784);
#13619 = AXIS2_PLACEMENT_3D('',#13620,#13621,#13622);
#13620 = CARTESIAN_POINT('',(212.21059974921,-60.81409974921,1.51));
#13621 = DIRECTION('',(0.,0.,-1.));
#13622 = DIRECTION('',(0.999999999999,-1.645562609256E-06,0.));
#13623 = ADVANCED_FACE('',(#13624),#13635,.T.);
#13624 = FACE_BOUND('',#13625,.T.);
#13625 = EDGE_LOOP('',(#13626,#13627,#13628,#13634));
#13626 = ORIENTED_EDGE('',*,*,#13612,.T.);
#13627 = ORIENTED_EDGE('',*,*,#13518,.T.);
#13628 = ORIENTED_EDGE('',*,*,#13629,.F.);
#13629 = EDGE_CURVE('',#13432,#13510,#13630,.T.);
#13630 = LINE('',#13631,#13632);
#13631 = CARTESIAN_POINT('',(210.0834,-60.9665,1.51));
#13632 = VECTOR('',#13633,1.);
#13633 = DIRECTION('',(0.,0.,1.));
#13634 = ORIENTED_EDGE('',*,*,#13440,.F.);
#13635 = PLANE('',#13636);
#13636 = AXIS2_PLACEMENT_3D('',#13637,#13638,#13639);
#13637 = CARTESIAN_POINT('',(212.2106,-60.9665,1.51));
#13638 = DIRECTION('',(0.,-1.,0.));
#13639 = DIRECTION('',(-1.,0.,0.));
#13640 = ADVANCED_FACE('',(#13641),#13652,.T.);
#13641 = FACE_BOUND('',#13642,.T.);
#13642 = EDGE_LOOP('',(#13643,#13644,#13645,#13651));
#13643 = ORIENTED_EDGE('',*,*,#13629,.T.);
#13644 = ORIENTED_EDGE('',*,*,#13509,.T.);
#13645 = ORIENTED_EDGE('',*,*,#13646,.F.);
#13646 = EDGE_CURVE('',#13424,#13502,#13647,.T.);
#13647 = LINE('',#13648,#13649);
#13648 = CARTESIAN_POINT('',(209.931,-60.8141,1.51));
#13649 = VECTOR('',#13650,1.);
#13650 = DIRECTION('',(0.,0.,1.));
#13651 = ORIENTED_EDGE('',*,*,#13431,.F.);
#13652 = CYLINDRICAL_SURFACE('',#13653,0.152400250784);
#13653 = AXIS2_PLACEMENT_3D('',#13654,#13655,#13656);
#13654 = CARTESIAN_POINT('',(210.08340025078,-60.81409974921,1.51));
#13655 = DIRECTION('',(0.,0.,-1.));
#13656 = DIRECTION('',(-1.645562422763E-06,-0.999999999999,-0.));
#13657 = ADVANCED_FACE('',(#13658),#13669,.T.);
#13658 = FACE_BOUND('',#13659,.T.);
#13659 = EDGE_LOOP('',(#13660,#13661,#13662,#13663));
#13660 = ORIENTED_EDGE('',*,*,#13423,.F.);
#13661 = ORIENTED_EDGE('',*,*,#13646,.T.);
#13662 = ORIENTED_EDGE('',*,*,#13501,.T.);
#13663 = ORIENTED_EDGE('',*,*,#13664,.T.);
#13664 = EDGE_CURVE('',#13493,#13415,#13665,.T.);
#13665 = LINE('',#13666,#13667);
#13666 = CARTESIAN_POINT('',(209.931,-60.3800541227,-4.6E-02));
#13667 = VECTOR('',#13668,1.);
#13668 = DIRECTION('',(-0.,-0.,-1.));
#13669 = PLANE('',#13670);
#13670 = AXIS2_PLACEMENT_3D('',#13671,#13672,#13673);
#13671 = CARTESIAN_POINT('',(209.931,-60.8141,1.51));
#13672 = DIRECTION('',(-1.,0.,0.));
#13673 = DIRECTION('',(0.,1.,0.));
#13674 = ADVANCED_FACE('',(#13675),#13681,.F.);
#13675 = FACE_BOUND('',#13676,.T.);
#13676 = EDGE_LOOP('',(#13677,#13678,#13679,#13680));
#13677 = ORIENTED_EDGE('',*,*,#13560,.F.);
#13678 = ORIENTED_EDGE('',*,*,#13414,.T.);
#13679 = ORIENTED_EDGE('',*,*,#13664,.F.);
#13680 = ORIENTED_EDGE('',*,*,#13492,.F.);
#13681 = CYLINDRICAL_SURFACE('',#13682,0.4195);
#13682 = AXIS2_PLACEMENT_3D('',#13683,#13684,#13685);
#13683 = CARTESIAN_POINT('',(210.312,-60.2045,-4.6E-02));
#13684 = DIRECTION('',(-0.,-0.,-1.));
#13685 = DIRECTION('',(-0.,-1.,0.));
#13686 = MANIFOLD_SOLID_BREP('',#13687);
#13687 = CLOSED_SHELL('',(#13688,#13721,#13741,#13761));
#13688 = ADVANCED_FACE('',(#13689),#13716,.T.);
#13689 = FACE_BOUND('',#13690,.F.);
#13690 = EDGE_LOOP('',(#13691,#13701,#13708,#13709));
#13691 = ORIENTED_EDGE('',*,*,#13692,.T.);
#13692 = EDGE_CURVE('',#13693,#13695,#13697,.T.);
#13693 = VERTEX_POINT('',#13694);
#13694 = CARTESIAN_POINT('',(211.074,-57.6645,1.51));
#13695 = VERTEX_POINT('',#13696);
#13696 = CARTESIAN_POINT('',(211.074,-57.6645,1.55));
#13697 = LINE('',#13698,#13699);
#13698 = CARTESIAN_POINT('',(211.074,-57.6645,1.51));
#13699 = VECTOR('',#13700,1.);
#13700 = DIRECTION('',(0.,0.,1.));
#13701 = ORIENTED_EDGE('',*,*,#13702,.T.);
#13702 = EDGE_CURVE('',#13695,#13695,#13703,.T.);
#13703 = CIRCLE('',#13704,0.762);
#13704 = AXIS2_PLACEMENT_3D('',#13705,#13706,#13707);
#13705 = CARTESIAN_POINT('',(210.312,-57.6645,1.55));
#13706 = DIRECTION('',(0.,0.,1.));
#13707 = DIRECTION('',(1.,0.,-0.));
#13708 = ORIENTED_EDGE('',*,*,#13692,.F.);
#13709 = ORIENTED_EDGE('',*,*,#13710,.F.);
#13710 = EDGE_CURVE('',#13693,#13693,#13711,.T.);
#13711 = CIRCLE('',#13712,0.762);
#13712 = AXIS2_PLACEMENT_3D('',#13713,#13714,#13715);
#13713 = CARTESIAN_POINT('',(210.312,-57.6645,1.51));
#13714 = DIRECTION('',(0.,0.,1.));
#13715 = DIRECTION('',(1.,0.,-0.));
#13716 = CYLINDRICAL_SURFACE('',#13717,0.762);
#13717 = AXIS2_PLACEMENT_3D('',#13718,#13719,#13720);
#13718 = CARTESIAN_POINT('',(210.312,-57.6645,1.51));
#13719 = DIRECTION('',(-0.,-0.,-1.));
#13720 = DIRECTION('',(1.,0.,-0.));
#13721 = ADVANCED_FACE('',(#13722,#13725),#13736,.F.);
#13722 = FACE_BOUND('',#13723,.F.);
#13723 = EDGE_LOOP('',(#13724));
#13724 = ORIENTED_EDGE('',*,*,#13710,.T.);
#13725 = FACE_BOUND('',#13726,.F.);
#13726 = EDGE_LOOP('',(#13727));
#13727 = ORIENTED_EDGE('',*,*,#13728,.T.);
#13728 = EDGE_CURVE('',#13729,#13729,#13731,.T.);
#13729 = VERTEX_POINT('',#13730);
#13730 = CARTESIAN_POINT('',(210.312,-58.084,1.51));
#13731 = CIRCLE('',#13732,0.4195);
#13732 = AXIS2_PLACEMENT_3D('',#13733,#13734,#13735);
#13733 = CARTESIAN_POINT('',(210.312,-57.6645,1.51));
#13734 = DIRECTION('',(-0.,0.,-1.));
#13735 = DIRECTION('',(-0.,-1.,0.));
#13736 = PLANE('',#13737);
#13737 = AXIS2_PLACEMENT_3D('',#13738,#13739,#13740);
#13738 = CARTESIAN_POINT('',(0.,0.,1.51));
#13739 = DIRECTION('',(0.,0.,1.));
#13740 = DIRECTION('',(1.,0.,-0.));
#13741 = ADVANCED_FACE('',(#13742,#13745),#13756,.T.);
#13742 = FACE_BOUND('',#13743,.T.);
#13743 = EDGE_LOOP('',(#13744));
#13744 = ORIENTED_EDGE('',*,*,#13702,.T.);
#13745 = FACE_BOUND('',#13746,.T.);
#13746 = EDGE_LOOP('',(#13747));
#13747 = ORIENTED_EDGE('',*,*,#13748,.T.);
#13748 = EDGE_CURVE('',#13749,#13749,#13751,.T.);
#13749 = VERTEX_POINT('',#13750);
#13750 = CARTESIAN_POINT('',(210.312,-58.084,1.55));
#13751 = CIRCLE('',#13752,0.4195);
#13752 = AXIS2_PLACEMENT_3D('',#13753,#13754,#13755);
#13753 = CARTESIAN_POINT('',(210.312,-57.6645,1.55));
#13754 = DIRECTION('',(-0.,0.,-1.));
#13755 = DIRECTION('',(-0.,-1.,0.));
#13756 = PLANE('',#13757);
#13757 = AXIS2_PLACEMENT_3D('',#13758,#13759,#13760);
#13758 = CARTESIAN_POINT('',(0.,0.,1.55));
#13759 = DIRECTION('',(0.,0.,1.));
#13760 = DIRECTION('',(1.,0.,-0.));
#13761 = ADVANCED_FACE('',(#13762),#13773,.F.);
#13762 = FACE_BOUND('',#13763,.T.);
#13763 = EDGE_LOOP('',(#13764,#13765,#13771,#13772));
#13764 = ORIENTED_EDGE('',*,*,#13728,.T.);
#13765 = ORIENTED_EDGE('',*,*,#13766,.T.);
#13766 = EDGE_CURVE('',#13729,#13749,#13767,.T.);
#13767 = LINE('',#13768,#13769);
#13768 = CARTESIAN_POINT('',(210.312,-58.084,-4.6E-02));
#13769 = VECTOR('',#13770,1.);
#13770 = DIRECTION('',(0.,0.,1.));
#13771 = ORIENTED_EDGE('',*,*,#13748,.F.);
#13772 = ORIENTED_EDGE('',*,*,#13766,.F.);
#13773 = CYLINDRICAL_SURFACE('',#13774,0.4195);
#13774 = AXIS2_PLACEMENT_3D('',#13775,#13776,#13777);
#13775 = CARTESIAN_POINT('',(210.312,-57.6645,-4.6E-02));
#13776 = DIRECTION('',(-0.,-0.,-1.));
#13777 = DIRECTION('',(-0.,-1.,0.));
#13778 = MANIFOLD_SOLID_BREP('',#13779);
#13779 = CLOSED_SHELL('',(#13780,#13813,#13833,#13853));
#13780 = ADVANCED_FACE('',(#13781),#13808,.T.);
#13781 = FACE_BOUND('',#13782,.T.);
#13782 = EDGE_LOOP('',(#13783,#13793,#13800,#13801));
#13783 = ORIENTED_EDGE('',*,*,#13784,.T.);
#13784 = EDGE_CURVE('',#13785,#13787,#13789,.T.);
#13785 = VERTEX_POINT('',#13786);
#13786 = CARTESIAN_POINT('',(211.074,-57.6645,0.));
#13787 = VERTEX_POINT('',#13788);
#13788 = CARTESIAN_POINT('',(211.074,-57.6645,-4.E-02));
#13789 = LINE('',#13790,#13791);
#13790 = CARTESIAN_POINT('',(211.074,-57.6645,0.));
#13791 = VECTOR('',#13792,1.);
#13792 = DIRECTION('',(0.,0.,-1.));
#13793 = ORIENTED_EDGE('',*,*,#13794,.T.);
#13794 = EDGE_CURVE('',#13787,#13787,#13795,.T.);
#13795 = CIRCLE('',#13796,0.762);
#13796 = AXIS2_PLACEMENT_3D('',#13797,#13798,#13799);
#13797 = CARTESIAN_POINT('',(210.312,-57.6645,-4.E-02));
#13798 = DIRECTION('',(0.,0.,1.));
#13799 = DIRECTION('',(1.,0.,-0.));
#13800 = ORIENTED_EDGE('',*,*,#13784,.F.);
#13801 = ORIENTED_EDGE('',*,*,#13802,.F.);
#13802 = EDGE_CURVE('',#13785,#13785,#13803,.T.);
#13803 = CIRCLE('',#13804,0.762);
#13804 = AXIS2_PLACEMENT_3D('',#13805,#13806,#13807);
#13805 = CARTESIAN_POINT('',(210.312,-57.6645,0.));
#13806 = DIRECTION('',(0.,0.,1.));
#13807 = DIRECTION('',(1.,0.,-0.));
#13808 = CYLINDRICAL_SURFACE('',#13809,0.762);
#13809 = AXIS2_PLACEMENT_3D('',#13810,#13811,#13812);
#13810 = CARTESIAN_POINT('',(210.312,-57.6645,0.));
#13811 = DIRECTION('',(0.,0.,1.));
#13812 = DIRECTION('',(1.,0.,-0.));
#13813 = ADVANCED_FACE('',(#13814,#13817),#13828,.F.);
#13814 = FACE_BOUND('',#13815,.F.);
#13815 = EDGE_LOOP('',(#13816));
#13816 = ORIENTED_EDGE('',*,*,#13802,.F.);
#13817 = FACE_BOUND('',#13818,.F.);
#13818 = EDGE_LOOP('',(#13819));
#13819 = ORIENTED_EDGE('',*,*,#13820,.F.);
#13820 = EDGE_CURVE('',#13821,#13821,#13823,.T.);
#13821 = VERTEX_POINT('',#13822);
#13822 = CARTESIAN_POINT('',(210.312,-58.084,0.));
#13823 = CIRCLE('',#13824,0.4195);
#13824 = AXIS2_PLACEMENT_3D('',#13825,#13826,#13827);
#13825 = CARTESIAN_POINT('',(210.312,-57.6645,0.));
#13826 = DIRECTION('',(-0.,0.,-1.));
#13827 = DIRECTION('',(-0.,-1.,0.));
#13828 = PLANE('',#13829);
#13829 = AXIS2_PLACEMENT_3D('',#13830,#13831,#13832);
#13830 = CARTESIAN_POINT('',(0.,0.,0.));
#13831 = DIRECTION('',(-0.,-0.,-1.));
#13832 = DIRECTION('',(-1.,0.,0.));
#13833 = ADVANCED_FACE('',(#13834,#13837),#13848,.T.);
#13834 = FACE_BOUND('',#13835,.T.);
#13835 = EDGE_LOOP('',(#13836));
#13836 = ORIENTED_EDGE('',*,*,#13794,.F.);
#13837 = FACE_BOUND('',#13838,.T.);
#13838 = EDGE_LOOP('',(#13839));
#13839 = ORIENTED_EDGE('',*,*,#13840,.F.);
#13840 = EDGE_CURVE('',#13841,#13841,#13843,.T.);
#13841 = VERTEX_POINT('',#13842);
#13842 = CARTESIAN_POINT('',(210.312,-58.084,-4.E-02));
#13843 = CIRCLE('',#13844,0.4195);
#13844 = AXIS2_PLACEMENT_3D('',#13845,#13846,#13847);
#13845 = CARTESIAN_POINT('',(210.312,-57.6645,-4.E-02));
#13846 = DIRECTION('',(-0.,0.,-1.));
#13847 = DIRECTION('',(-0.,-1.,0.));
#13848 = PLANE('',#13849);
#13849 = AXIS2_PLACEMENT_3D('',#13850,#13851,#13852);
#13850 = CARTESIAN_POINT('',(0.,0.,-4.E-02));
#13851 = DIRECTION('',(-0.,-0.,-1.));
#13852 = DIRECTION('',(-1.,0.,0.));
#13853 = ADVANCED_FACE('',(#13854),#13865,.F.);
#13854 = FACE_BOUND('',#13855,.T.);
#13855 = EDGE_LOOP('',(#13856,#13857,#13863,#13864));
#13856 = ORIENTED_EDGE('',*,*,#13840,.T.);
#13857 = ORIENTED_EDGE('',*,*,#13858,.T.);
#13858 = EDGE_CURVE('',#13841,#13821,#13859,.T.);
#13859 = LINE('',#13860,#13861);
#13860 = CARTESIAN_POINT('',(210.312,-58.084,-4.6E-02));
#13861 = VECTOR('',#13862,1.);
#13862 = DIRECTION('',(0.,0.,1.));
#13863 = ORIENTED_EDGE('',*,*,#13820,.F.);
#13864 = ORIENTED_EDGE('',*,*,#13858,.F.);
#13865 = CYLINDRICAL_SURFACE('',#13866,0.4195);
#13866 = AXIS2_PLACEMENT_3D('',#13867,#13868,#13869);
#13867 = CARTESIAN_POINT('',(210.312,-57.6645,-4.6E-02));
#13868 = DIRECTION('',(-0.,-0.,-1.));
#13869 = DIRECTION('',(-0.,-1.,0.));
#13870 = MANIFOLD_SOLID_BREP('',#13871);
#13871 = CLOSED_SHELL('',(#13872,#13905,#13925,#13945));
#13872 = ADVANCED_FACE('',(#13873),#13900,.T.);
#13873 = FACE_BOUND('',#13874,.F.);
#13874 = EDGE_LOOP('',(#13875,#13885,#13892,#13893));
#13875 = ORIENTED_EDGE('',*,*,#13876,.T.);
#13876 = EDGE_CURVE('',#13877,#13879,#13881,.T.);
#13877 = VERTEX_POINT('',#13878);
#13878 = CARTESIAN_POINT('',(210.312,-58.109,-4.E-02));
#13879 = VERTEX_POINT('',#13880);
#13880 = CARTESIAN_POINT('',(210.312,-58.109,1.55));
#13881 = LINE('',#13882,#13883);
#13882 = CARTESIAN_POINT('',(210.312,-58.109,-4.E-02));
#13883 = VECTOR('',#13884,1.);
#13884 = DIRECTION('',(0.,0.,1.));
#13885 = ORIENTED_EDGE('',*,*,#13886,.T.);
#13886 = EDGE_CURVE('',#13879,#13879,#13887,.T.);
#13887 = CIRCLE('',#13888,0.4445);
#13888 = AXIS2_PLACEMENT_3D('',#13889,#13890,#13891);
#13889 = CARTESIAN_POINT('',(210.312,-57.6645,1.55));
#13890 = DIRECTION('',(0.,0.,1.));
#13891 = DIRECTION('',(-0.,-1.,0.));
#13892 = ORIENTED_EDGE('',*,*,#13876,.F.);
#13893 = ORIENTED_EDGE('',*,*,#13894,.F.);
#13894 = EDGE_CURVE('',#13877,#13877,#13895,.T.);
#13895 = CIRCLE('',#13896,0.4445);
#13896 = AXIS2_PLACEMENT_3D('',#13897,#13898,#13899);
#13897 = CARTESIAN_POINT('',(210.312,-57.6645,-4.E-02));
#13898 = DIRECTION('',(0.,0.,1.));
#13899 = DIRECTION('',(-0.,-1.,0.));
#13900 = CYLINDRICAL_SURFACE('',#13901,0.4445);
#13901 = AXIS2_PLACEMENT_3D('',#13902,#13903,#13904);
#13902 = CARTESIAN_POINT('',(210.312,-57.6645,-4.E-02));
#13903 = DIRECTION('',(-0.,-0.,-1.));
#13904 = DIRECTION('',(-0.,-1.,0.));
#13905 = ADVANCED_FACE('',(#13906,#13909),#13920,.F.);
#13906 = FACE_BOUND('',#13907,.F.);
#13907 = EDGE_LOOP('',(#13908));
#13908 = ORIENTED_EDGE('',*,*,#13894,.T.);
#13909 = FACE_BOUND('',#13910,.F.);
#13910 = EDGE_LOOP('',(#13911));
#13911 = ORIENTED_EDGE('',*,*,#13912,.T.);
#13912 = EDGE_CURVE('',#13913,#13913,#13915,.T.);
#13913 = VERTEX_POINT('',#13914);
#13914 = CARTESIAN_POINT('',(210.312,-58.084,-4.E-02));
#13915 = CIRCLE('',#13916,0.4195);
#13916 = AXIS2_PLACEMENT_3D('',#13917,#13918,#13919);
#13917 = CARTESIAN_POINT('',(210.312,-57.6645,-4.E-02));
#13918 = DIRECTION('',(-0.,0.,-1.));
#13919 = DIRECTION('',(-0.,-1.,0.));
#13920 = PLANE('',#13921);
#13921 = AXIS2_PLACEMENT_3D('',#13922,#13923,#13924);
#13922 = CARTESIAN_POINT('',(210.312,-58.109,-4.E-02));
#13923 = DIRECTION('',(0.,0.,1.));
#13924 = DIRECTION('',(1.,0.,-0.));
#13925 = ADVANCED_FACE('',(#13926,#13929),#13940,.T.);
#13926 = FACE_BOUND('',#13927,.T.);
#13927 = EDGE_LOOP('',(#13928));
#13928 = ORIENTED_EDGE('',*,*,#13886,.T.);
#13929 = FACE_BOUND('',#13930,.T.);
#13930 = EDGE_LOOP('',(#13931));
#13931 = ORIENTED_EDGE('',*,*,#13932,.T.);
#13932 = EDGE_CURVE('',#13933,#13933,#13935,.T.);
#13933 = VERTEX_POINT('',#13934);
#13934 = CARTESIAN_POINT('',(210.312,-58.084,1.55));
#13935 = CIRCLE('',#13936,0.4195);
#13936 = AXIS2_PLACEMENT_3D('',#13937,#13938,#13939);
#13937 = CARTESIAN_POINT('',(210.312,-57.6645,1.55));
#13938 = DIRECTION('',(-0.,0.,-1.));
#13939 = DIRECTION('',(-0.,-1.,0.));
#13940 = PLANE('',#13941);
#13941 = AXIS2_PLACEMENT_3D('',#13942,#13943,#13944);
#13942 = CARTESIAN_POINT('',(210.312,-58.109,1.55));
#13943 = DIRECTION('',(0.,0.,1.));
#13944 = DIRECTION('',(1.,0.,-0.));
#13945 = ADVANCED_FACE('',(#13946),#13957,.F.);
#13946 = FACE_BOUND('',#13947,.T.);
#13947 = EDGE_LOOP('',(#13948,#13949,#13955,#13956));
#13948 = ORIENTED_EDGE('',*,*,#13912,.T.);
#13949 = ORIENTED_EDGE('',*,*,#13950,.T.);
#13950 = EDGE_CURVE('',#13913,#13933,#13951,.T.);
#13951 = LINE('',#13952,#13953);
#13952 = CARTESIAN_POINT('',(210.312,-58.084,-4.6E-02));
#13953 = VECTOR('',#13954,1.);
#13954 = DIRECTION('',(0.,0.,1.));
#13955 = ORIENTED_EDGE('',*,*,#13932,.F.);
#13956 = ORIENTED_EDGE('',*,*,#13950,.F.);
#13957 = CYLINDRICAL_SURFACE('',#13958,0.4195);
#13958 = AXIS2_PLACEMENT_3D('',#13959,#13960,#13961);
#13959 = CARTESIAN_POINT('',(210.312,-57.6645,-4.6E-02));
#13960 = DIRECTION('',(-0.,-0.,-1.));
#13961 = DIRECTION('',(-0.,-1.,0.));
#13962 = MANIFOLD_SOLID_BREP('',#13963);
#13963 = CLOSED_SHELL('',(#13964,#14006,#14037,#14068,#14146,#14224,
    #14241,#14258,#14275,#14292,#14309,#14326,#14343));
#13964 = ADVANCED_FACE('',(#13965),#14001,.T.);
#13965 = FACE_BOUND('',#13966,.T.);
#13966 = EDGE_LOOP('',(#13967,#13977,#13986,#13994));
#13967 = ORIENTED_EDGE('',*,*,#13968,.T.);
#13968 = EDGE_CURVE('',#13969,#13971,#13973,.T.);
#13969 = VERTEX_POINT('',#13970);
#13970 = CARTESIAN_POINT('',(209.931,-57.0549,1.51));
#13971 = VERTEX_POINT('',#13972);
#13972 = CARTESIAN_POINT('',(209.931,-57.0549,1.55));
#13973 = LINE('',#13974,#13975);
#13974 = CARTESIAN_POINT('',(209.931,-57.0549,1.51));
#13975 = VECTOR('',#13976,1.);
#13976 = DIRECTION('',(0.,0.,1.));
#13977 = ORIENTED_EDGE('',*,*,#13978,.T.);
#13978 = EDGE_CURVE('',#13971,#13979,#13981,.T.);
#13979 = VERTEX_POINT('',#13980);
#13980 = CARTESIAN_POINT('',(210.0834,-56.9025,1.55));
#13981 = CIRCLE('',#13982,0.152400250784);
#13982 = AXIS2_PLACEMENT_3D('',#13983,#13984,#13985);
#13983 = CARTESIAN_POINT('',(210.08340025078,-57.05490025078,1.55));
#13984 = DIRECTION('',(0.,0.,-1.));
#13985 = DIRECTION('',(-0.999999999999,1.645562329516E-06,0.));
#13986 = ORIENTED_EDGE('',*,*,#13987,.F.);
#13987 = EDGE_CURVE('',#13988,#13979,#13990,.T.);
#13988 = VERTEX_POINT('',#13989);
#13989 = CARTESIAN_POINT('',(210.0834,-56.9025,1.51));
#13990 = LINE('',#13991,#13992);
#13991 = CARTESIAN_POINT('',(210.0834,-56.9025,1.51));
#13992 = VECTOR('',#13993,1.);
#13993 = DIRECTION('',(0.,0.,1.));
#13994 = ORIENTED_EDGE('',*,*,#13995,.F.);
#13995 = EDGE_CURVE('',#13969,#13988,#13996,.T.);
#13996 = CIRCLE('',#13997,0.152400250784);
#13997 = AXIS2_PLACEMENT_3D('',#13998,#13999,#14000);
#13998 = CARTESIAN_POINT('',(210.08340025078,-57.05490025078,1.51));
#13999 = DIRECTION('',(0.,0.,-1.));
#14000 = DIRECTION('',(-0.999999999999,1.645562329516E-06,0.));
#14001 = CYLINDRICAL_SURFACE('',#14002,0.152400250784);
#14002 = AXIS2_PLACEMENT_3D('',#14003,#14004,#14005);
#14003 = CARTESIAN_POINT('',(210.08340025078,-57.05490025078,1.51));
#14004 = DIRECTION('',(0.,0.,-1.));
#14005 = DIRECTION('',(-0.999999999999,1.645562329516E-06,0.));
#14006 = ADVANCED_FACE('',(#14007),#14032,.T.);
#14007 = FACE_BOUND('',#14008,.T.);
#14008 = EDGE_LOOP('',(#14009,#14017,#14025,#14031));
#14009 = ORIENTED_EDGE('',*,*,#14010,.F.);
#14010 = EDGE_CURVE('',#14011,#13969,#14013,.T.);
#14011 = VERTEX_POINT('',#14012);
#14012 = CARTESIAN_POINT('',(209.931,-57.48894587731,1.51));
#14013 = LINE('',#14014,#14015);
#14014 = CARTESIAN_POINT('',(209.931,-58.2741,1.51));
#14015 = VECTOR('',#14016,1.);
#14016 = DIRECTION('',(0.,1.,0.));
#14017 = ORIENTED_EDGE('',*,*,#14018,.F.);
#14018 = EDGE_CURVE('',#14019,#14011,#14021,.T.);
#14019 = VERTEX_POINT('',#14020);
#14020 = CARTESIAN_POINT('',(209.931,-57.48894587731,1.55));
#14021 = LINE('',#14022,#14023);
#14022 = CARTESIAN_POINT('',(209.931,-57.48894587729,-4.6E-02));
#14023 = VECTOR('',#14024,1.);
#14024 = DIRECTION('',(-0.,-0.,-1.));
#14025 = ORIENTED_EDGE('',*,*,#14026,.T.);
#14026 = EDGE_CURVE('',#14019,#13971,#14027,.T.);
#14027 = LINE('',#14028,#14029);
#14028 = CARTESIAN_POINT('',(209.931,-58.2741,1.55));
#14029 = VECTOR('',#14030,1.);
#14030 = DIRECTION('',(0.,1.,0.));
#14031 = ORIENTED_EDGE('',*,*,#13968,.F.);
#14032 = PLANE('',#14033);
#14033 = AXIS2_PLACEMENT_3D('',#14034,#14035,#14036);
#14034 = CARTESIAN_POINT('',(209.931,-58.2741,1.51));
#14035 = DIRECTION('',(-1.,0.,0.));
#14036 = DIRECTION('',(0.,1.,0.));
#14037 = ADVANCED_FACE('',(#14038),#14063,.T.);
#14038 = FACE_BOUND('',#14039,.T.);
#14039 = EDGE_LOOP('',(#14040,#14041,#14049,#14057));
#14040 = ORIENTED_EDGE('',*,*,#13987,.T.);
#14041 = ORIENTED_EDGE('',*,*,#14042,.T.);
#14042 = EDGE_CURVE('',#13979,#14043,#14045,.T.);
#14043 = VERTEX_POINT('',#14044);
#14044 = CARTESIAN_POINT('',(212.2106,-56.9025,1.55));
#14045 = LINE('',#14046,#14047);
#14046 = CARTESIAN_POINT('',(210.0834,-56.9025,1.55));
#14047 = VECTOR('',#14048,1.);
#14048 = DIRECTION('',(1.,0.,0.));
#14049 = ORIENTED_EDGE('',*,*,#14050,.F.);
#14050 = EDGE_CURVE('',#14051,#14043,#14053,.T.);
#14051 = VERTEX_POINT('',#14052);
#14052 = CARTESIAN_POINT('',(212.2106,-56.9025,1.51));
#14053 = LINE('',#14054,#14055);
#14054 = CARTESIAN_POINT('',(212.2106,-56.9025,1.51));
#14055 = VECTOR('',#14056,1.);
#14056 = DIRECTION('',(0.,0.,1.));
#14057 = ORIENTED_EDGE('',*,*,#14058,.F.);
#14058 = EDGE_CURVE('',#13988,#14051,#14059,.T.);
#14059 = LINE('',#14060,#14061);
#14060 = CARTESIAN_POINT('',(210.0834,-56.9025,1.51));
#14061 = VECTOR('',#14062,1.);
#14062 = DIRECTION('',(1.,0.,0.));
#14063 = PLANE('',#14064);
#14064 = AXIS2_PLACEMENT_3D('',#14065,#14066,#14067);
#14065 = CARTESIAN_POINT('',(210.0834,-56.9025,1.51));
#14066 = DIRECTION('',(0.,1.,0.));
#14067 = DIRECTION('',(1.,0.,0.));
#14068 = ADVANCED_FACE('',(#14069),#14141,.F.);
#14069 = FACE_BOUND('',#14070,.F.);
#14070 = EDGE_LOOP('',(#14071,#14072,#14073,#14082,#14091,#14099,#14108,
    #14116,#14125,#14133,#14140));
#14071 = ORIENTED_EDGE('',*,*,#13995,.F.);
#14072 = ORIENTED_EDGE('',*,*,#14010,.F.);
#14073 = ORIENTED_EDGE('',*,*,#14074,.T.);
#14074 = EDGE_CURVE('',#14011,#14075,#14077,.T.);
#14075 = VERTEX_POINT('',#14076);
#14076 = CARTESIAN_POINT('',(210.312,-58.084,1.51));
#14077 = CIRCLE('',#14078,0.4195);
#14078 = AXIS2_PLACEMENT_3D('',#14079,#14080,#14081);
#14079 = CARTESIAN_POINT('',(210.312,-57.6645,1.51));
#14080 = DIRECTION('',(-0.,0.,-1.));
#14081 = DIRECTION('',(-0.,-1.,0.));
#14082 = ORIENTED_EDGE('',*,*,#14083,.T.);
#14083 = EDGE_CURVE('',#14075,#14084,#14086,.T.);
#14084 = VERTEX_POINT('',#14085);
#14085 = CARTESIAN_POINT('',(209.931,-57.84005412268,1.51));
#14086 = CIRCLE('',#14087,0.4195);
#14087 = AXIS2_PLACEMENT_3D('',#14088,#14089,#14090);
#14088 = CARTESIAN_POINT('',(210.312,-57.6645,1.51));
#14089 = DIRECTION('',(-0.,0.,-1.));
#14090 = DIRECTION('',(-0.,-1.,0.));
#14091 = ORIENTED_EDGE('',*,*,#14092,.F.);
#14092 = EDGE_CURVE('',#14093,#14084,#14095,.T.);
#14093 = VERTEX_POINT('',#14094);
#14094 = CARTESIAN_POINT('',(209.931,-58.2741,1.51));
#14095 = LINE('',#14096,#14097);
#14096 = CARTESIAN_POINT('',(209.931,-58.2741,1.51));
#14097 = VECTOR('',#14098,1.);
#14098 = DIRECTION('',(0.,1.,0.));
#14099 = ORIENTED_EDGE('',*,*,#14100,.F.);
#14100 = EDGE_CURVE('',#14101,#14093,#14103,.T.);
#14101 = VERTEX_POINT('',#14102);
#14102 = CARTESIAN_POINT('',(210.0834,-58.4265,1.51));
#14103 = CIRCLE('',#14104,0.152400250784);
#14104 = AXIS2_PLACEMENT_3D('',#14105,#14106,#14107);
#14105 = CARTESIAN_POINT('',(210.08340025078,-58.27409974921,1.51));
#14106 = DIRECTION('',(0.,0.,-1.));
#14107 = DIRECTION('',(-1.645562236269E-06,-0.999999999999,-0.));
#14108 = ORIENTED_EDGE('',*,*,#14109,.F.);
#14109 = EDGE_CURVE('',#14110,#14101,#14112,.T.);
#14110 = VERTEX_POINT('',#14111);
#14111 = CARTESIAN_POINT('',(212.2106,-58.4265,1.51));
#14112 = LINE('',#14113,#14114);
#14113 = CARTESIAN_POINT('',(212.2106,-58.4265,1.51));
#14114 = VECTOR('',#14115,1.);
#14115 = DIRECTION('',(-1.,0.,0.));
#14116 = ORIENTED_EDGE('',*,*,#14117,.F.);
#14117 = EDGE_CURVE('',#14118,#14110,#14120,.T.);
#14118 = VERTEX_POINT('',#14119);
#14119 = CARTESIAN_POINT('',(212.363,-58.2741,1.51));
#14120 = CIRCLE('',#14121,0.152400250784);
#14121 = AXIS2_PLACEMENT_3D('',#14122,#14123,#14124);
#14122 = CARTESIAN_POINT('',(212.21059974921,-58.27409974921,1.51));
#14123 = DIRECTION('',(0.,0.,-1.));
#14124 = DIRECTION('',(0.999999999999,-1.645562516009E-06,0.));
#14125 = ORIENTED_EDGE('',*,*,#14126,.F.);
#14126 = EDGE_CURVE('',#14127,#14118,#14129,.T.);
#14127 = VERTEX_POINT('',#14128);
#14128 = CARTESIAN_POINT('',(212.363,-57.0549,1.51));
#14129 = LINE('',#14130,#14131);
#14130 = CARTESIAN_POINT('',(212.363,-57.0549,1.51));
#14131 = VECTOR('',#14132,1.);
#14132 = DIRECTION('',(0.,-1.,0.));
#14133 = ORIENTED_EDGE('',*,*,#14134,.F.);
#14134 = EDGE_CURVE('',#14051,#14127,#14135,.T.);
#14135 = CIRCLE('',#14136,0.152400250784);
#14136 = AXIS2_PLACEMENT_3D('',#14137,#14138,#14139);
#14137 = CARTESIAN_POINT('',(212.21059974921,-57.05490025078,1.51));
#14138 = DIRECTION('',(0.,0.,-1.));
#14139 = DIRECTION('',(1.645562609256E-06,0.999999999999,0.));
#14140 = ORIENTED_EDGE('',*,*,#14058,.F.);
#14141 = PLANE('',#14142);
#14142 = AXIS2_PLACEMENT_3D('',#14143,#14144,#14145);
#14143 = CARTESIAN_POINT('',(0.,0.,1.51));
#14144 = DIRECTION('',(0.,0.,1.));
#14145 = DIRECTION('',(1.,0.,-0.));
#14146 = ADVANCED_FACE('',(#14147),#14219,.T.);
#14147 = FACE_BOUND('',#14148,.T.);
#14148 = EDGE_LOOP('',(#14149,#14150,#14151,#14160,#14169,#14177,#14186,
    #14194,#14203,#14211,#14218));
#14149 = ORIENTED_EDGE('',*,*,#13978,.F.);
#14150 = ORIENTED_EDGE('',*,*,#14026,.F.);
#14151 = ORIENTED_EDGE('',*,*,#14152,.T.);
#14152 = EDGE_CURVE('',#14019,#14153,#14155,.T.);
#14153 = VERTEX_POINT('',#14154);
#14154 = CARTESIAN_POINT('',(210.312,-58.084,1.55));
#14155 = CIRCLE('',#14156,0.4195);
#14156 = AXIS2_PLACEMENT_3D('',#14157,#14158,#14159);
#14157 = CARTESIAN_POINT('',(210.312,-57.6645,1.55));
#14158 = DIRECTION('',(-0.,0.,-1.));
#14159 = DIRECTION('',(-0.,-1.,0.));
#14160 = ORIENTED_EDGE('',*,*,#14161,.T.);
#14161 = EDGE_CURVE('',#14153,#14162,#14164,.T.);
#14162 = VERTEX_POINT('',#14163);
#14163 = CARTESIAN_POINT('',(209.931,-57.84005412268,1.55));
#14164 = CIRCLE('',#14165,0.4195);
#14165 = AXIS2_PLACEMENT_3D('',#14166,#14167,#14168);
#14166 = CARTESIAN_POINT('',(210.312,-57.6645,1.55));
#14167 = DIRECTION('',(-0.,0.,-1.));
#14168 = DIRECTION('',(-0.,-1.,0.));
#14169 = ORIENTED_EDGE('',*,*,#14170,.F.);
#14170 = EDGE_CURVE('',#14171,#14162,#14173,.T.);
#14171 = VERTEX_POINT('',#14172);
#14172 = CARTESIAN_POINT('',(209.931,-58.2741,1.55));
#14173 = LINE('',#14174,#14175);
#14174 = CARTESIAN_POINT('',(209.931,-58.2741,1.55));
#14175 = VECTOR('',#14176,1.);
#14176 = DIRECTION('',(0.,1.,0.));
#14177 = ORIENTED_EDGE('',*,*,#14178,.F.);
#14178 = EDGE_CURVE('',#14179,#14171,#14181,.T.);
#14179 = VERTEX_POINT('',#14180);
#14180 = CARTESIAN_POINT('',(210.0834,-58.4265,1.55));
#14181 = CIRCLE('',#14182,0.152400250784);
#14182 = AXIS2_PLACEMENT_3D('',#14183,#14184,#14185);
#14183 = CARTESIAN_POINT('',(210.08340025078,-58.27409974921,1.55));
#14184 = DIRECTION('',(0.,0.,-1.));
#14185 = DIRECTION('',(-1.645562236269E-06,-0.999999999999,-0.));
#14186 = ORIENTED_EDGE('',*,*,#14187,.F.);
#14187 = EDGE_CURVE('',#14188,#14179,#14190,.T.);
#14188 = VERTEX_POINT('',#14189);
#14189 = CARTESIAN_POINT('',(212.2106,-58.4265,1.55));
#14190 = LINE('',#14191,#14192);
#14191 = CARTESIAN_POINT('',(212.2106,-58.4265,1.55));
#14192 = VECTOR('',#14193,1.);
#14193 = DIRECTION('',(-1.,0.,0.));
#14194 = ORIENTED_EDGE('',*,*,#14195,.F.);
#14195 = EDGE_CURVE('',#14196,#14188,#14198,.T.);
#14196 = VERTEX_POINT('',#14197);
#14197 = CARTESIAN_POINT('',(212.363,-58.2741,1.55));
#14198 = CIRCLE('',#14199,0.152400250784);
#14199 = AXIS2_PLACEMENT_3D('',#14200,#14201,#14202);
#14200 = CARTESIAN_POINT('',(212.21059974921,-58.27409974921,1.55));
#14201 = DIRECTION('',(0.,0.,-1.));
#14202 = DIRECTION('',(0.999999999999,-1.645562516009E-06,0.));
#14203 = ORIENTED_EDGE('',*,*,#14204,.F.);
#14204 = EDGE_CURVE('',#14205,#14196,#14207,.T.);
#14205 = VERTEX_POINT('',#14206);
#14206 = CARTESIAN_POINT('',(212.363,-57.0549,1.55));
#14207 = LINE('',#14208,#14209);
#14208 = CARTESIAN_POINT('',(212.363,-57.0549,1.55));
#14209 = VECTOR('',#14210,1.);
#14210 = DIRECTION('',(0.,-1.,0.));
#14211 = ORIENTED_EDGE('',*,*,#14212,.F.);
#14212 = EDGE_CURVE('',#14043,#14205,#14213,.T.);
#14213 = CIRCLE('',#14214,0.152400250784);
#14214 = AXIS2_PLACEMENT_3D('',#14215,#14216,#14217);
#14215 = CARTESIAN_POINT('',(212.21059974921,-57.05490025078,1.55));
#14216 = DIRECTION('',(0.,0.,-1.));
#14217 = DIRECTION('',(1.645562609256E-06,0.999999999999,0.));
#14218 = ORIENTED_EDGE('',*,*,#14042,.F.);
#14219 = PLANE('',#14220);
#14220 = AXIS2_PLACEMENT_3D('',#14221,#14222,#14223);
#14221 = CARTESIAN_POINT('',(0.,0.,1.55));
#14222 = DIRECTION('',(0.,0.,1.));
#14223 = DIRECTION('',(1.,0.,-0.));
#14224 = ADVANCED_FACE('',(#14225),#14236,.F.);
#14225 = FACE_BOUND('',#14226,.T.);
#14226 = EDGE_LOOP('',(#14227,#14228,#14234,#14235));
#14227 = ORIENTED_EDGE('',*,*,#14074,.T.);
#14228 = ORIENTED_EDGE('',*,*,#14229,.T.);
#14229 = EDGE_CURVE('',#14075,#14153,#14230,.T.);
#14230 = LINE('',#14231,#14232);
#14231 = CARTESIAN_POINT('',(210.312,-58.084,-4.6E-02));
#14232 = VECTOR('',#14233,1.);
#14233 = DIRECTION('',(0.,0.,1.));
#14234 = ORIENTED_EDGE('',*,*,#14152,.F.);
#14235 = ORIENTED_EDGE('',*,*,#14018,.T.);
#14236 = CYLINDRICAL_SURFACE('',#14237,0.4195);
#14237 = AXIS2_PLACEMENT_3D('',#14238,#14239,#14240);
#14238 = CARTESIAN_POINT('',(210.312,-57.6645,-4.6E-02));
#14239 = DIRECTION('',(-0.,-0.,-1.));
#14240 = DIRECTION('',(-0.,-1.,0.));
#14241 = ADVANCED_FACE('',(#14242),#14253,.T.);
#14242 = FACE_BOUND('',#14243,.T.);
#14243 = EDGE_LOOP('',(#14244,#14245,#14246,#14252));
#14244 = ORIENTED_EDGE('',*,*,#14050,.T.);
#14245 = ORIENTED_EDGE('',*,*,#14212,.T.);
#14246 = ORIENTED_EDGE('',*,*,#14247,.F.);
#14247 = EDGE_CURVE('',#14127,#14205,#14248,.T.);
#14248 = LINE('',#14249,#14250);
#14249 = CARTESIAN_POINT('',(212.363,-57.0549,1.51));
#14250 = VECTOR('',#14251,1.);
#14251 = DIRECTION('',(0.,0.,1.));
#14252 = ORIENTED_EDGE('',*,*,#14134,.F.);
#14253 = CYLINDRICAL_SURFACE('',#14254,0.152400250784);
#14254 = AXIS2_PLACEMENT_3D('',#14255,#14256,#14257);
#14255 = CARTESIAN_POINT('',(212.21059974921,-57.05490025078,1.51));
#14256 = DIRECTION('',(0.,0.,-1.));
#14257 = DIRECTION('',(1.645562609256E-06,0.999999999999,0.));
#14258 = ADVANCED_FACE('',(#14259),#14270,.T.);
#14259 = FACE_BOUND('',#14260,.T.);
#14260 = EDGE_LOOP('',(#14261,#14262,#14263,#14269));
#14261 = ORIENTED_EDGE('',*,*,#14247,.T.);
#14262 = ORIENTED_EDGE('',*,*,#14204,.T.);
#14263 = ORIENTED_EDGE('',*,*,#14264,.F.);
#14264 = EDGE_CURVE('',#14118,#14196,#14265,.T.);
#14265 = LINE('',#14266,#14267);
#14266 = CARTESIAN_POINT('',(212.363,-58.2741,1.51));
#14267 = VECTOR('',#14268,1.);
#14268 = DIRECTION('',(0.,0.,1.));
#14269 = ORIENTED_EDGE('',*,*,#14126,.F.);
#14270 = PLANE('',#14271);
#14271 = AXIS2_PLACEMENT_3D('',#14272,#14273,#14274);
#14272 = CARTESIAN_POINT('',(212.363,-57.0549,1.51));
#14273 = DIRECTION('',(1.,0.,-0.));
#14274 = DIRECTION('',(0.,-1.,0.));
#14275 = ADVANCED_FACE('',(#14276),#14287,.T.);
#14276 = FACE_BOUND('',#14277,.T.);
#14277 = EDGE_LOOP('',(#14278,#14279,#14280,#14286));
#14278 = ORIENTED_EDGE('',*,*,#14264,.T.);
#14279 = ORIENTED_EDGE('',*,*,#14195,.T.);
#14280 = ORIENTED_EDGE('',*,*,#14281,.F.);
#14281 = EDGE_CURVE('',#14110,#14188,#14282,.T.);
#14282 = LINE('',#14283,#14284);
#14283 = CARTESIAN_POINT('',(212.2106,-58.4265,1.51));
#14284 = VECTOR('',#14285,1.);
#14285 = DIRECTION('',(0.,0.,1.));
#14286 = ORIENTED_EDGE('',*,*,#14117,.F.);
#14287 = CYLINDRICAL_SURFACE('',#14288,0.152400250784);
#14288 = AXIS2_PLACEMENT_3D('',#14289,#14290,#14291);
#14289 = CARTESIAN_POINT('',(212.21059974921,-58.27409974921,1.51));
#14290 = DIRECTION('',(0.,0.,-1.));
#14291 = DIRECTION('',(0.999999999999,-1.645562516009E-06,0.));
#14292 = ADVANCED_FACE('',(#14293),#14304,.T.);
#14293 = FACE_BOUND('',#14294,.T.);
#14294 = EDGE_LOOP('',(#14295,#14296,#14297,#14303));
#14295 = ORIENTED_EDGE('',*,*,#14281,.T.);
#14296 = ORIENTED_EDGE('',*,*,#14187,.T.);
#14297 = ORIENTED_EDGE('',*,*,#14298,.F.);
#14298 = EDGE_CURVE('',#14101,#14179,#14299,.T.);
#14299 = LINE('',#14300,#14301);
#14300 = CARTESIAN_POINT('',(210.0834,-58.4265,1.51));
#14301 = VECTOR('',#14302,1.);
#14302 = DIRECTION('',(0.,0.,1.));
#14303 = ORIENTED_EDGE('',*,*,#14109,.F.);
#14304 = PLANE('',#14305);
#14305 = AXIS2_PLACEMENT_3D('',#14306,#14307,#14308);
#14306 = CARTESIAN_POINT('',(212.2106,-58.4265,1.51));
#14307 = DIRECTION('',(0.,-1.,0.));
#14308 = DIRECTION('',(-1.,0.,0.));
#14309 = ADVANCED_FACE('',(#14310),#14321,.T.);
#14310 = FACE_BOUND('',#14311,.T.);
#14311 = EDGE_LOOP('',(#14312,#14313,#14314,#14320));
#14312 = ORIENTED_EDGE('',*,*,#14298,.T.);
#14313 = ORIENTED_EDGE('',*,*,#14178,.T.);
#14314 = ORIENTED_EDGE('',*,*,#14315,.F.);
#14315 = EDGE_CURVE('',#14093,#14171,#14316,.T.);
#14316 = LINE('',#14317,#14318);
#14317 = CARTESIAN_POINT('',(209.931,-58.2741,1.51));
#14318 = VECTOR('',#14319,1.);
#14319 = DIRECTION('',(0.,0.,1.));
#14320 = ORIENTED_EDGE('',*,*,#14100,.F.);
#14321 = CYLINDRICAL_SURFACE('',#14322,0.152400250784);
#14322 = AXIS2_PLACEMENT_3D('',#14323,#14324,#14325);
#14323 = CARTESIAN_POINT('',(210.08340025078,-58.27409974921,1.51));
#14324 = DIRECTION('',(0.,0.,-1.));
#14325 = DIRECTION('',(-1.645562236269E-06,-0.999999999999,-0.));
#14326 = ADVANCED_FACE('',(#14327),#14338,.T.);
#14327 = FACE_BOUND('',#14328,.T.);
#14328 = EDGE_LOOP('',(#14329,#14330,#14331,#14332));
#14329 = ORIENTED_EDGE('',*,*,#14092,.F.);
#14330 = ORIENTED_EDGE('',*,*,#14315,.T.);
#14331 = ORIENTED_EDGE('',*,*,#14170,.T.);
#14332 = ORIENTED_EDGE('',*,*,#14333,.T.);
#14333 = EDGE_CURVE('',#14162,#14084,#14334,.T.);
#14334 = LINE('',#14335,#14336);
#14335 = CARTESIAN_POINT('',(209.931,-57.8400541227,-4.6E-02));
#14336 = VECTOR('',#14337,1.);
#14337 = DIRECTION('',(-0.,-0.,-1.));
#14338 = PLANE('',#14339);
#14339 = AXIS2_PLACEMENT_3D('',#14340,#14341,#14342);
#14340 = CARTESIAN_POINT('',(209.931,-58.2741,1.51));
#14341 = DIRECTION('',(-1.,0.,0.));
#14342 = DIRECTION('',(0.,1.,0.));
#14343 = ADVANCED_FACE('',(#14344),#14350,.F.);
#14344 = FACE_BOUND('',#14345,.T.);
#14345 = EDGE_LOOP('',(#14346,#14347,#14348,#14349));
#14346 = ORIENTED_EDGE('',*,*,#14229,.F.);
#14347 = ORIENTED_EDGE('',*,*,#14083,.T.);
#14348 = ORIENTED_EDGE('',*,*,#14333,.F.);
#14349 = ORIENTED_EDGE('',*,*,#14161,.F.);
#14350 = CYLINDRICAL_SURFACE('',#14351,0.4195);
#14351 = AXIS2_PLACEMENT_3D('',#14352,#14353,#14354);
#14352 = CARTESIAN_POINT('',(210.312,-57.6645,-4.6E-02));
#14353 = DIRECTION('',(-0.,-0.,-1.));
#14354 = DIRECTION('',(-0.,-1.,0.));
#14355 = MANIFOLD_SOLID_BREP('',#14356);
#14356 = CLOSED_SHELL('',(#14357,#14399,#14430,#14461,#14539,#14617,
    #14634,#14651,#14668,#14685,#14702,#14719,#14736));
#14357 = ADVANCED_FACE('',(#14358),#14394,.T.);
#14358 = FACE_BOUND('',#14359,.T.);
#14359 = EDGE_LOOP('',(#14360,#14370,#14379,#14387));
#14360 = ORIENTED_EDGE('',*,*,#14361,.T.);
#14361 = EDGE_CURVE('',#14362,#14364,#14366,.T.);
#14362 = VERTEX_POINT('',#14363);
#14363 = CARTESIAN_POINT('',(193.021,-69.7549,1.51));
#14364 = VERTEX_POINT('',#14365);
#14365 = CARTESIAN_POINT('',(193.021,-69.7549,1.55));
#14366 = LINE('',#14367,#14368);
#14367 = CARTESIAN_POINT('',(193.021,-69.7549,1.51));
#14368 = VECTOR('',#14369,1.);
#14369 = DIRECTION('',(0.,0.,1.));
#14370 = ORIENTED_EDGE('',*,*,#14371,.T.);
#14371 = EDGE_CURVE('',#14364,#14372,#14374,.T.);
#14372 = VERTEX_POINT('',#14373);
#14373 = CARTESIAN_POINT('',(193.1734,-69.6025,1.55));
#14374 = CIRCLE('',#14375,0.152400250784);
#14375 = AXIS2_PLACEMENT_3D('',#14376,#14377,#14378);
#14376 = CARTESIAN_POINT('',(193.17340025078,-69.75490025078,1.55));
#14377 = DIRECTION('',(0.,0.,-1.));
#14378 = DIRECTION('',(-0.999999999999,1.645562702503E-06,0.));
#14379 = ORIENTED_EDGE('',*,*,#14380,.F.);
#14380 = EDGE_CURVE('',#14381,#14372,#14383,.T.);
#14381 = VERTEX_POINT('',#14382);
#14382 = CARTESIAN_POINT('',(193.1734,-69.6025,1.51));
#14383 = LINE('',#14384,#14385);
#14384 = CARTESIAN_POINT('',(193.1734,-69.6025,1.51));
#14385 = VECTOR('',#14386,1.);
#14386 = DIRECTION('',(0.,0.,1.));
#14387 = ORIENTED_EDGE('',*,*,#14388,.F.);
#14388 = EDGE_CURVE('',#14362,#14381,#14389,.T.);
#14389 = CIRCLE('',#14390,0.152400250784);
#14390 = AXIS2_PLACEMENT_3D('',#14391,#14392,#14393);
#14391 = CARTESIAN_POINT('',(193.17340025078,-69.75490025078,1.51));
#14392 = DIRECTION('',(0.,0.,-1.));
#14393 = DIRECTION('',(-0.999999999999,1.645562702503E-06,0.));
#14394 = CYLINDRICAL_SURFACE('',#14395,0.152400250784);
#14395 = AXIS2_PLACEMENT_3D('',#14396,#14397,#14398);
#14396 = CARTESIAN_POINT('',(193.17340025078,-69.75490025078,1.51));
#14397 = DIRECTION('',(0.,0.,-1.));
#14398 = DIRECTION('',(-0.999999999999,1.645562702503E-06,0.));
#14399 = ADVANCED_FACE('',(#14400),#14425,.T.);
#14400 = FACE_BOUND('',#14401,.T.);
#14401 = EDGE_LOOP('',(#14402,#14412,#14418,#14419));
#14402 = ORIENTED_EDGE('',*,*,#14403,.T.);
#14403 = EDGE_CURVE('',#14404,#14406,#14408,.T.);
#14404 = VERTEX_POINT('',#14405);
#14405 = CARTESIAN_POINT('',(193.021,-70.9741,1.51));
#14406 = VERTEX_POINT('',#14407);
#14407 = CARTESIAN_POINT('',(193.021,-70.9741,1.55));
#14408 = LINE('',#14409,#14410);
#14409 = CARTESIAN_POINT('',(193.021,-70.9741,1.51));
#14410 = VECTOR('',#14411,1.);
#14411 = DIRECTION('',(0.,0.,1.));
#14412 = ORIENTED_EDGE('',*,*,#14413,.T.);
#14413 = EDGE_CURVE('',#14406,#14364,#14414,.T.);
#14414 = LINE('',#14415,#14416);
#14415 = CARTESIAN_POINT('',(193.021,-70.9741,1.55));
#14416 = VECTOR('',#14417,1.);
#14417 = DIRECTION('',(0.,1.,0.));
#14418 = ORIENTED_EDGE('',*,*,#14361,.F.);
#14419 = ORIENTED_EDGE('',*,*,#14420,.F.);
#14420 = EDGE_CURVE('',#14404,#14362,#14421,.T.);
#14421 = LINE('',#14422,#14423);
#14422 = CARTESIAN_POINT('',(193.021,-70.9741,1.51));
#14423 = VECTOR('',#14424,1.);
#14424 = DIRECTION('',(0.,1.,0.));
#14425 = PLANE('',#14426);
#14426 = AXIS2_PLACEMENT_3D('',#14427,#14428,#14429);
#14427 = CARTESIAN_POINT('',(193.021,-70.9741,1.51));
#14428 = DIRECTION('',(-1.,0.,0.));
#14429 = DIRECTION('',(0.,1.,0.));
#14430 = ADVANCED_FACE('',(#14431),#14456,.T.);
#14431 = FACE_BOUND('',#14432,.T.);
#14432 = EDGE_LOOP('',(#14433,#14434,#14442,#14450));
#14433 = ORIENTED_EDGE('',*,*,#14380,.T.);
#14434 = ORIENTED_EDGE('',*,*,#14435,.T.);
#14435 = EDGE_CURVE('',#14372,#14436,#14438,.T.);
#14436 = VERTEX_POINT('',#14437);
#14437 = CARTESIAN_POINT('',(195.3006,-69.6025,1.55));
#14438 = LINE('',#14439,#14440);
#14439 = CARTESIAN_POINT('',(193.1734,-69.6025,1.55));
#14440 = VECTOR('',#14441,1.);
#14441 = DIRECTION('',(1.,0.,0.));
#14442 = ORIENTED_EDGE('',*,*,#14443,.F.);
#14443 = EDGE_CURVE('',#14444,#14436,#14446,.T.);
#14444 = VERTEX_POINT('',#14445);
#14445 = CARTESIAN_POINT('',(195.3006,-69.6025,1.51));
#14446 = LINE('',#14447,#14448);
#14447 = CARTESIAN_POINT('',(195.3006,-69.6025,1.51));
#14448 = VECTOR('',#14449,1.);
#14449 = DIRECTION('',(0.,0.,1.));
#14450 = ORIENTED_EDGE('',*,*,#14451,.F.);
#14451 = EDGE_CURVE('',#14381,#14444,#14452,.T.);
#14452 = LINE('',#14453,#14454);
#14453 = CARTESIAN_POINT('',(193.1734,-69.6025,1.51));
#14454 = VECTOR('',#14455,1.);
#14455 = DIRECTION('',(1.,0.,0.));
#14456 = PLANE('',#14457);
#14457 = AXIS2_PLACEMENT_3D('',#14458,#14459,#14460);
#14458 = CARTESIAN_POINT('',(193.1734,-69.6025,1.51));
#14459 = DIRECTION('',(0.,1.,0.));
#14460 = DIRECTION('',(1.,0.,0.));
#14461 = ADVANCED_FACE('',(#14462),#14534,.F.);
#14462 = FACE_BOUND('',#14463,.F.);
#14463 = EDGE_LOOP('',(#14464,#14465,#14466,#14475,#14483,#14492,#14500,
    #14509,#14518,#14526,#14533));
#14464 = ORIENTED_EDGE('',*,*,#14388,.F.);
#14465 = ORIENTED_EDGE('',*,*,#14420,.F.);
#14466 = ORIENTED_EDGE('',*,*,#14467,.F.);
#14467 = EDGE_CURVE('',#14468,#14404,#14470,.T.);
#14468 = VERTEX_POINT('',#14469);
#14469 = CARTESIAN_POINT('',(193.1734,-71.1265,1.51));
#14470 = CIRCLE('',#14471,0.152400250784);
#14471 = AXIS2_PLACEMENT_3D('',#14472,#14473,#14474);
#14472 = CARTESIAN_POINT('',(193.17340025078,-70.97409974921,1.51));
#14473 = DIRECTION('',(0.,0.,-1.));
#14474 = DIRECTION('',(-1.64556279575E-06,-0.999999999999,-0.));
#14475 = ORIENTED_EDGE('',*,*,#14476,.F.);
#14476 = EDGE_CURVE('',#14477,#14468,#14479,.T.);
#14477 = VERTEX_POINT('',#14478);
#14478 = CARTESIAN_POINT('',(195.3006,-71.1265,1.51));
#14479 = LINE('',#14480,#14481);
#14480 = CARTESIAN_POINT('',(195.3006,-71.1265,1.51));
#14481 = VECTOR('',#14482,1.);
#14482 = DIRECTION('',(-1.,0.,0.));
#14483 = ORIENTED_EDGE('',*,*,#14484,.F.);
#14484 = EDGE_CURVE('',#14485,#14477,#14487,.T.);
#14485 = VERTEX_POINT('',#14486);
#14486 = CARTESIAN_POINT('',(195.453,-70.9741,1.51));
#14487 = CIRCLE('',#14488,0.152400250784);
#14488 = AXIS2_PLACEMENT_3D('',#14489,#14490,#14491);
#14489 = CARTESIAN_POINT('',(195.30059974921,-70.97409974921,1.51));
#14490 = DIRECTION('',(0.,0.,-1.));
#14491 = DIRECTION('',(0.999999999999,-1.645562329516E-06,0.));
#14492 = ORIENTED_EDGE('',*,*,#14493,.F.);
#14493 = EDGE_CURVE('',#14494,#14485,#14496,.T.);
#14494 = VERTEX_POINT('',#14495);
#14495 = CARTESIAN_POINT('',(195.453,-70.54005412273,1.51));
#14496 = LINE('',#14497,#14498);
#14497 = CARTESIAN_POINT('',(195.453,-69.7549,1.51));
#14498 = VECTOR('',#14499,1.);
#14499 = DIRECTION('',(0.,-1.,0.));
#14500 = ORIENTED_EDGE('',*,*,#14501,.T.);
#14501 = EDGE_CURVE('',#14494,#14502,#14504,.T.);
#14502 = VERTEX_POINT('',#14503);
#14503 = CARTESIAN_POINT('',(195.072,-70.784,1.51));
#14504 = CIRCLE('',#14505,0.4195);
#14505 = AXIS2_PLACEMENT_3D('',#14506,#14507,#14508);
#14506 = CARTESIAN_POINT('',(195.072,-70.3645,1.51));
#14507 = DIRECTION('',(-0.,0.,-1.));
#14508 = DIRECTION('',(-0.,-1.,0.));
#14509 = ORIENTED_EDGE('',*,*,#14510,.T.);
#14510 = EDGE_CURVE('',#14502,#14511,#14513,.T.);
#14511 = VERTEX_POINT('',#14512);
#14512 = CARTESIAN_POINT('',(195.453,-70.18894587726,1.51));
#14513 = CIRCLE('',#14514,0.4195);
#14514 = AXIS2_PLACEMENT_3D('',#14515,#14516,#14517);
#14515 = CARTESIAN_POINT('',(195.072,-70.3645,1.51));
#14516 = DIRECTION('',(-0.,0.,-1.));
#14517 = DIRECTION('',(-0.,-1.,0.));
#14518 = ORIENTED_EDGE('',*,*,#14519,.F.);
#14519 = EDGE_CURVE('',#14520,#14511,#14522,.T.);
#14520 = VERTEX_POINT('',#14521);
#14521 = CARTESIAN_POINT('',(195.453,-69.7549,1.51));
#14522 = LINE('',#14523,#14524);
#14523 = CARTESIAN_POINT('',(195.453,-69.7549,1.51));
#14524 = VECTOR('',#14525,1.);
#14525 = DIRECTION('',(0.,-1.,0.));
#14526 = ORIENTED_EDGE('',*,*,#14527,.F.);
#14527 = EDGE_CURVE('',#14444,#14520,#14528,.T.);
#14528 = CIRCLE('',#14529,0.152400250784);
#14529 = AXIS2_PLACEMENT_3D('',#14530,#14531,#14532);
#14530 = CARTESIAN_POINT('',(195.30059974921,-69.75490025078,1.51));
#14531 = DIRECTION('',(0.,0.,-1.));
#14532 = DIRECTION('',(1.645562236269E-06,0.999999999999,0.));
#14533 = ORIENTED_EDGE('',*,*,#14451,.F.);
#14534 = PLANE('',#14535);
#14535 = AXIS2_PLACEMENT_3D('',#14536,#14537,#14538);
#14536 = CARTESIAN_POINT('',(0.,0.,1.51));
#14537 = DIRECTION('',(0.,0.,1.));
#14538 = DIRECTION('',(1.,0.,-0.));
#14539 = ADVANCED_FACE('',(#14540),#14612,.T.);
#14540 = FACE_BOUND('',#14541,.T.);
#14541 = EDGE_LOOP('',(#14542,#14543,#14544,#14553,#14561,#14570,#14578,
    #14587,#14596,#14604,#14611));
#14542 = ORIENTED_EDGE('',*,*,#14371,.F.);
#14543 = ORIENTED_EDGE('',*,*,#14413,.F.);
#14544 = ORIENTED_EDGE('',*,*,#14545,.F.);
#14545 = EDGE_CURVE('',#14546,#14406,#14548,.T.);
#14546 = VERTEX_POINT('',#14547);
#14547 = CARTESIAN_POINT('',(193.1734,-71.1265,1.55));
#14548 = CIRCLE('',#14549,0.152400250784);
#14549 = AXIS2_PLACEMENT_3D('',#14550,#14551,#14552);
#14550 = CARTESIAN_POINT('',(193.17340025078,-70.97409974921,1.55));
#14551 = DIRECTION('',(0.,0.,-1.));
#14552 = DIRECTION('',(-1.64556279575E-06,-0.999999999999,-0.));
#14553 = ORIENTED_EDGE('',*,*,#14554,.F.);
#14554 = EDGE_CURVE('',#14555,#14546,#14557,.T.);
#14555 = VERTEX_POINT('',#14556);
#14556 = CARTESIAN_POINT('',(195.3006,-71.1265,1.55));
#14557 = LINE('',#14558,#14559);
#14558 = CARTESIAN_POINT('',(195.3006,-71.1265,1.55));
#14559 = VECTOR('',#14560,1.);
#14560 = DIRECTION('',(-1.,0.,0.));
#14561 = ORIENTED_EDGE('',*,*,#14562,.F.);
#14562 = EDGE_CURVE('',#14563,#14555,#14565,.T.);
#14563 = VERTEX_POINT('',#14564);
#14564 = CARTESIAN_POINT('',(195.453,-70.9741,1.55));
#14565 = CIRCLE('',#14566,0.152400250784);
#14566 = AXIS2_PLACEMENT_3D('',#14567,#14568,#14569);
#14567 = CARTESIAN_POINT('',(195.30059974921,-70.97409974921,1.55));
#14568 = DIRECTION('',(0.,0.,-1.));
#14569 = DIRECTION('',(0.999999999999,-1.645562329516E-06,0.));
#14570 = ORIENTED_EDGE('',*,*,#14571,.F.);
#14571 = EDGE_CURVE('',#14572,#14563,#14574,.T.);
#14572 = VERTEX_POINT('',#14573);
#14573 = CARTESIAN_POINT('',(195.453,-70.54005412273,1.55));
#14574 = LINE('',#14575,#14576);
#14575 = CARTESIAN_POINT('',(195.453,-69.7549,1.55));
#14576 = VECTOR('',#14577,1.);
#14577 = DIRECTION('',(0.,-1.,0.));
#14578 = ORIENTED_EDGE('',*,*,#14579,.T.);
#14579 = EDGE_CURVE('',#14572,#14580,#14582,.T.);
#14580 = VERTEX_POINT('',#14581);
#14581 = CARTESIAN_POINT('',(195.072,-70.784,1.55));
#14582 = CIRCLE('',#14583,0.4195);
#14583 = AXIS2_PLACEMENT_3D('',#14584,#14585,#14586);
#14584 = CARTESIAN_POINT('',(195.072,-70.3645,1.55));
#14585 = DIRECTION('',(-0.,0.,-1.));
#14586 = DIRECTION('',(-0.,-1.,0.));
#14587 = ORIENTED_EDGE('',*,*,#14588,.T.);
#14588 = EDGE_CURVE('',#14580,#14589,#14591,.T.);
#14589 = VERTEX_POINT('',#14590);
#14590 = CARTESIAN_POINT('',(195.453,-70.18894587726,1.55));
#14591 = CIRCLE('',#14592,0.4195);
#14592 = AXIS2_PLACEMENT_3D('',#14593,#14594,#14595);
#14593 = CARTESIAN_POINT('',(195.072,-70.3645,1.55));
#14594 = DIRECTION('',(-0.,0.,-1.));
#14595 = DIRECTION('',(-0.,-1.,0.));
#14596 = ORIENTED_EDGE('',*,*,#14597,.F.);
#14597 = EDGE_CURVE('',#14598,#14589,#14600,.T.);
#14598 = VERTEX_POINT('',#14599);
#14599 = CARTESIAN_POINT('',(195.453,-69.7549,1.55));
#14600 = LINE('',#14601,#14602);
#14601 = CARTESIAN_POINT('',(195.453,-69.7549,1.55));
#14602 = VECTOR('',#14603,1.);
#14603 = DIRECTION('',(0.,-1.,0.));
#14604 = ORIENTED_EDGE('',*,*,#14605,.F.);
#14605 = EDGE_CURVE('',#14436,#14598,#14606,.T.);
#14606 = CIRCLE('',#14607,0.152400250784);
#14607 = AXIS2_PLACEMENT_3D('',#14608,#14609,#14610);
#14608 = CARTESIAN_POINT('',(195.30059974921,-69.75490025078,1.55));
#14609 = DIRECTION('',(0.,0.,-1.));
#14610 = DIRECTION('',(1.645562236269E-06,0.999999999999,0.));
#14611 = ORIENTED_EDGE('',*,*,#14435,.F.);
#14612 = PLANE('',#14613);
#14613 = AXIS2_PLACEMENT_3D('',#14614,#14615,#14616);
#14614 = CARTESIAN_POINT('',(0.,0.,1.55));
#14615 = DIRECTION('',(0.,0.,1.));
#14616 = DIRECTION('',(1.,0.,-0.));
#14617 = ADVANCED_FACE('',(#14618),#14629,.T.);
#14618 = FACE_BOUND('',#14619,.T.);
#14619 = EDGE_LOOP('',(#14620,#14626,#14627,#14628));
#14620 = ORIENTED_EDGE('',*,*,#14621,.T.);
#14621 = EDGE_CURVE('',#14468,#14546,#14622,.T.);
#14622 = LINE('',#14623,#14624);
#14623 = CARTESIAN_POINT('',(193.1734,-71.1265,1.51));
#14624 = VECTOR('',#14625,1.);
#14625 = DIRECTION('',(0.,0.,1.));
#14626 = ORIENTED_EDGE('',*,*,#14545,.T.);
#14627 = ORIENTED_EDGE('',*,*,#14403,.F.);
#14628 = ORIENTED_EDGE('',*,*,#14467,.F.);
#14629 = CYLINDRICAL_SURFACE('',#14630,0.152400250784);
#14630 = AXIS2_PLACEMENT_3D('',#14631,#14632,#14633);
#14631 = CARTESIAN_POINT('',(193.17340025078,-70.97409974921,1.51));
#14632 = DIRECTION('',(0.,0.,-1.));
#14633 = DIRECTION('',(-1.64556279575E-06,-0.999999999999,-0.));
#14634 = ADVANCED_FACE('',(#14635),#14646,.T.);
#14635 = FACE_BOUND('',#14636,.T.);
#14636 = EDGE_LOOP('',(#14637,#14638,#14639,#14645));
#14637 = ORIENTED_EDGE('',*,*,#14443,.T.);
#14638 = ORIENTED_EDGE('',*,*,#14605,.T.);
#14639 = ORIENTED_EDGE('',*,*,#14640,.F.);
#14640 = EDGE_CURVE('',#14520,#14598,#14641,.T.);
#14641 = LINE('',#14642,#14643);
#14642 = CARTESIAN_POINT('',(195.453,-69.7549,1.51));
#14643 = VECTOR('',#14644,1.);
#14644 = DIRECTION('',(0.,0.,1.));
#14645 = ORIENTED_EDGE('',*,*,#14527,.F.);
#14646 = CYLINDRICAL_SURFACE('',#14647,0.152400250784);
#14647 = AXIS2_PLACEMENT_3D('',#14648,#14649,#14650);
#14648 = CARTESIAN_POINT('',(195.30059974921,-69.75490025078,1.51));
#14649 = DIRECTION('',(0.,0.,-1.));
#14650 = DIRECTION('',(1.645562236269E-06,0.999999999999,0.));
#14651 = ADVANCED_FACE('',(#14652),#14663,.T.);
#14652 = FACE_BOUND('',#14653,.T.);
#14653 = EDGE_LOOP('',(#14654,#14655,#14656,#14657));
#14654 = ORIENTED_EDGE('',*,*,#14519,.F.);
#14655 = ORIENTED_EDGE('',*,*,#14640,.T.);
#14656 = ORIENTED_EDGE('',*,*,#14597,.T.);
#14657 = ORIENTED_EDGE('',*,*,#14658,.T.);
#14658 = EDGE_CURVE('',#14589,#14511,#14659,.T.);
#14659 = LINE('',#14660,#14661);
#14660 = CARTESIAN_POINT('',(195.453,-70.18894587729,-4.6E-02));
#14661 = VECTOR('',#14662,1.);
#14662 = DIRECTION('',(-0.,-0.,-1.));
#14663 = PLANE('',#14664);
#14664 = AXIS2_PLACEMENT_3D('',#14665,#14666,#14667);
#14665 = CARTESIAN_POINT('',(195.453,-69.7549,1.51));
#14666 = DIRECTION('',(1.,0.,-0.));
#14667 = DIRECTION('',(0.,-1.,0.));
#14668 = ADVANCED_FACE('',(#14669),#14680,.F.);
#14669 = FACE_BOUND('',#14670,.T.);
#14670 = EDGE_LOOP('',(#14671,#14677,#14678,#14679));
#14671 = ORIENTED_EDGE('',*,*,#14672,.F.);
#14672 = EDGE_CURVE('',#14502,#14580,#14673,.T.);
#14673 = LINE('',#14674,#14675);
#14674 = CARTESIAN_POINT('',(195.072,-70.784,-4.6E-02));
#14675 = VECTOR('',#14676,1.);
#14676 = DIRECTION('',(0.,0.,1.));
#14677 = ORIENTED_EDGE('',*,*,#14510,.T.);
#14678 = ORIENTED_EDGE('',*,*,#14658,.F.);
#14679 = ORIENTED_EDGE('',*,*,#14588,.F.);
#14680 = CYLINDRICAL_SURFACE('',#14681,0.4195);
#14681 = AXIS2_PLACEMENT_3D('',#14682,#14683,#14684);
#14682 = CARTESIAN_POINT('',(195.072,-70.3645,-4.6E-02));
#14683 = DIRECTION('',(-0.,-0.,-1.));
#14684 = DIRECTION('',(-0.,-1.,0.));
#14685 = ADVANCED_FACE('',(#14686),#14697,.F.);
#14686 = FACE_BOUND('',#14687,.T.);
#14687 = EDGE_LOOP('',(#14688,#14689,#14690,#14691));
#14688 = ORIENTED_EDGE('',*,*,#14501,.T.);
#14689 = ORIENTED_EDGE('',*,*,#14672,.T.);
#14690 = ORIENTED_EDGE('',*,*,#14579,.F.);
#14691 = ORIENTED_EDGE('',*,*,#14692,.T.);
#14692 = EDGE_CURVE('',#14572,#14494,#14693,.T.);
#14693 = LINE('',#14694,#14695);
#14694 = CARTESIAN_POINT('',(195.453,-70.5400541227,-4.6E-02));
#14695 = VECTOR('',#14696,1.);
#14696 = DIRECTION('',(-0.,-0.,-1.));
#14697 = CYLINDRICAL_SURFACE('',#14698,0.4195);
#14698 = AXIS2_PLACEMENT_3D('',#14699,#14700,#14701);
#14699 = CARTESIAN_POINT('',(195.072,-70.3645,-4.6E-02));
#14700 = DIRECTION('',(-0.,-0.,-1.));
#14701 = DIRECTION('',(-0.,-1.,0.));
#14702 = ADVANCED_FACE('',(#14703),#14714,.T.);
#14703 = FACE_BOUND('',#14704,.T.);
#14704 = EDGE_LOOP('',(#14705,#14706,#14707,#14708));
#14705 = ORIENTED_EDGE('',*,*,#14493,.F.);
#14706 = ORIENTED_EDGE('',*,*,#14692,.F.);
#14707 = ORIENTED_EDGE('',*,*,#14571,.T.);
#14708 = ORIENTED_EDGE('',*,*,#14709,.F.);
#14709 = EDGE_CURVE('',#14485,#14563,#14710,.T.);
#14710 = LINE('',#14711,#14712);
#14711 = CARTESIAN_POINT('',(195.453,-70.9741,1.51));
#14712 = VECTOR('',#14713,1.);
#14713 = DIRECTION('',(0.,0.,1.));
#14714 = PLANE('',#14715);
#14715 = AXIS2_PLACEMENT_3D('',#14716,#14717,#14718);
#14716 = CARTESIAN_POINT('',(195.453,-69.7549,1.51));
#14717 = DIRECTION('',(1.,0.,-0.));
#14718 = DIRECTION('',(0.,-1.,0.));
#14719 = ADVANCED_FACE('',(#14720),#14731,.T.);
#14720 = FACE_BOUND('',#14721,.T.);
#14721 = EDGE_LOOP('',(#14722,#14723,#14724,#14730));
#14722 = ORIENTED_EDGE('',*,*,#14709,.T.);
#14723 = ORIENTED_EDGE('',*,*,#14562,.T.);
#14724 = ORIENTED_EDGE('',*,*,#14725,.F.);
#14725 = EDGE_CURVE('',#14477,#14555,#14726,.T.);
#14726 = LINE('',#14727,#14728);
#14727 = CARTESIAN_POINT('',(195.3006,-71.1265,1.51));
#14728 = VECTOR('',#14729,1.);
#14729 = DIRECTION('',(0.,0.,1.));
#14730 = ORIENTED_EDGE('',*,*,#14484,.F.);
#14731 = CYLINDRICAL_SURFACE('',#14732,0.152400250784);
#14732 = AXIS2_PLACEMENT_3D('',#14733,#14734,#14735);
#14733 = CARTESIAN_POINT('',(195.30059974921,-70.97409974921,1.51));
#14734 = DIRECTION('',(0.,0.,-1.));
#14735 = DIRECTION('',(0.999999999999,-1.645562329516E-06,0.));
#14736 = ADVANCED_FACE('',(#14737),#14743,.T.);
#14737 = FACE_BOUND('',#14738,.T.);
#14738 = EDGE_LOOP('',(#14739,#14740,#14741,#14742));
#14739 = ORIENTED_EDGE('',*,*,#14725,.T.);
#14740 = ORIENTED_EDGE('',*,*,#14554,.T.);
#14741 = ORIENTED_EDGE('',*,*,#14621,.F.);
#14742 = ORIENTED_EDGE('',*,*,#14476,.F.);
#14743 = PLANE('',#14744);
#14744 = AXIS2_PLACEMENT_3D('',#14745,#14746,#14747);
#14745 = CARTESIAN_POINT('',(195.3006,-71.1265,1.51));
#14746 = DIRECTION('',(0.,-1.,0.));
#14747 = DIRECTION('',(-1.,0.,0.));
#14748 = MANIFOLD_SOLID_BREP('',#14749);
#14749 = CLOSED_SHELL('',(#14750,#14783,#14803,#14823));
#14750 = ADVANCED_FACE('',(#14751),#14778,.T.);
#14751 = FACE_BOUND('',#14752,.F.);
#14752 = EDGE_LOOP('',(#14753,#14763,#14770,#14771));
#14753 = ORIENTED_EDGE('',*,*,#14754,.T.);
#14754 = EDGE_CURVE('',#14755,#14757,#14759,.T.);
#14755 = VERTEX_POINT('',#14756);
#14756 = CARTESIAN_POINT('',(195.834,-70.3645,1.51));
#14757 = VERTEX_POINT('',#14758);
#14758 = CARTESIAN_POINT('',(195.834,-70.3645,1.55));
#14759 = LINE('',#14760,#14761);
#14760 = CARTESIAN_POINT('',(195.834,-70.3645,1.51));
#14761 = VECTOR('',#14762,1.);
#14762 = DIRECTION('',(0.,0.,1.));
#14763 = ORIENTED_EDGE('',*,*,#14764,.T.);
#14764 = EDGE_CURVE('',#14757,#14757,#14765,.T.);
#14765 = CIRCLE('',#14766,0.762);
#14766 = AXIS2_PLACEMENT_3D('',#14767,#14768,#14769);
#14767 = CARTESIAN_POINT('',(195.072,-70.3645,1.55));
#14768 = DIRECTION('',(0.,0.,1.));
#14769 = DIRECTION('',(1.,0.,-0.));
#14770 = ORIENTED_EDGE('',*,*,#14754,.F.);
#14771 = ORIENTED_EDGE('',*,*,#14772,.F.);
#14772 = EDGE_CURVE('',#14755,#14755,#14773,.T.);
#14773 = CIRCLE('',#14774,0.762);
#14774 = AXIS2_PLACEMENT_3D('',#14775,#14776,#14777);
#14775 = CARTESIAN_POINT('',(195.072,-70.3645,1.51));
#14776 = DIRECTION('',(0.,0.,1.));
#14777 = DIRECTION('',(1.,0.,-0.));
#14778 = CYLINDRICAL_SURFACE('',#14779,0.762);
#14779 = AXIS2_PLACEMENT_3D('',#14780,#14781,#14782);
#14780 = CARTESIAN_POINT('',(195.072,-70.3645,1.51));
#14781 = DIRECTION('',(-0.,-0.,-1.));
#14782 = DIRECTION('',(1.,0.,-0.));
#14783 = ADVANCED_FACE('',(#14784,#14787),#14798,.F.);
#14784 = FACE_BOUND('',#14785,.F.);
#14785 = EDGE_LOOP('',(#14786));
#14786 = ORIENTED_EDGE('',*,*,#14772,.T.);
#14787 = FACE_BOUND('',#14788,.F.);
#14788 = EDGE_LOOP('',(#14789));
#14789 = ORIENTED_EDGE('',*,*,#14790,.T.);
#14790 = EDGE_CURVE('',#14791,#14791,#14793,.T.);
#14791 = VERTEX_POINT('',#14792);
#14792 = CARTESIAN_POINT('',(195.072,-70.784,1.51));
#14793 = CIRCLE('',#14794,0.4195);
#14794 = AXIS2_PLACEMENT_3D('',#14795,#14796,#14797);
#14795 = CARTESIAN_POINT('',(195.072,-70.3645,1.51));
#14796 = DIRECTION('',(-0.,0.,-1.));
#14797 = DIRECTION('',(-0.,-1.,0.));
#14798 = PLANE('',#14799);
#14799 = AXIS2_PLACEMENT_3D('',#14800,#14801,#14802);
#14800 = CARTESIAN_POINT('',(0.,0.,1.51));
#14801 = DIRECTION('',(0.,0.,1.));
#14802 = DIRECTION('',(1.,0.,-0.));
#14803 = ADVANCED_FACE('',(#14804,#14807),#14818,.T.);
#14804 = FACE_BOUND('',#14805,.T.);
#14805 = EDGE_LOOP('',(#14806));
#14806 = ORIENTED_EDGE('',*,*,#14764,.T.);
#14807 = FACE_BOUND('',#14808,.T.);
#14808 = EDGE_LOOP('',(#14809));
#14809 = ORIENTED_EDGE('',*,*,#14810,.T.);
#14810 = EDGE_CURVE('',#14811,#14811,#14813,.T.);
#14811 = VERTEX_POINT('',#14812);
#14812 = CARTESIAN_POINT('',(195.072,-70.784,1.55));
#14813 = CIRCLE('',#14814,0.4195);
#14814 = AXIS2_PLACEMENT_3D('',#14815,#14816,#14817);
#14815 = CARTESIAN_POINT('',(195.072,-70.3645,1.55));
#14816 = DIRECTION('',(-0.,0.,-1.));
#14817 = DIRECTION('',(-0.,-1.,0.));
#14818 = PLANE('',#14819);
#14819 = AXIS2_PLACEMENT_3D('',#14820,#14821,#14822);
#14820 = CARTESIAN_POINT('',(0.,0.,1.55));
#14821 = DIRECTION('',(0.,0.,1.));
#14822 = DIRECTION('',(1.,0.,-0.));
#14823 = ADVANCED_FACE('',(#14824),#14835,.F.);
#14824 = FACE_BOUND('',#14825,.T.);
#14825 = EDGE_LOOP('',(#14826,#14827,#14833,#14834));
#14826 = ORIENTED_EDGE('',*,*,#14790,.T.);
#14827 = ORIENTED_EDGE('',*,*,#14828,.T.);
#14828 = EDGE_CURVE('',#14791,#14811,#14829,.T.);
#14829 = LINE('',#14830,#14831);
#14830 = CARTESIAN_POINT('',(195.072,-70.784,-4.6E-02));
#14831 = VECTOR('',#14832,1.);
#14832 = DIRECTION('',(0.,0.,1.));
#14833 = ORIENTED_EDGE('',*,*,#14810,.F.);
#14834 = ORIENTED_EDGE('',*,*,#14828,.F.);
#14835 = CYLINDRICAL_SURFACE('',#14836,0.4195);
#14836 = AXIS2_PLACEMENT_3D('',#14837,#14838,#14839);
#14837 = CARTESIAN_POINT('',(195.072,-70.3645,-4.6E-02));
#14838 = DIRECTION('',(-0.,-0.,-1.));
#14839 = DIRECTION('',(-0.,-1.,0.));
#14840 = MANIFOLD_SOLID_BREP('',#14841);
#14841 = CLOSED_SHELL('',(#14842,#14875,#14895,#14915));
#14842 = ADVANCED_FACE('',(#14843),#14870,.T.);
#14843 = FACE_BOUND('',#14844,.T.);
#14844 = EDGE_LOOP('',(#14845,#14855,#14862,#14863));
#14845 = ORIENTED_EDGE('',*,*,#14846,.T.);
#14846 = EDGE_CURVE('',#14847,#14849,#14851,.T.);
#14847 = VERTEX_POINT('',#14848);
#14848 = CARTESIAN_POINT('',(195.834,-70.3645,0.));
#14849 = VERTEX_POINT('',#14850);
#14850 = CARTESIAN_POINT('',(195.834,-70.3645,-4.E-02));
#14851 = LINE('',#14852,#14853);
#14852 = CARTESIAN_POINT('',(195.834,-70.3645,0.));
#14853 = VECTOR('',#14854,1.);
#14854 = DIRECTION('',(0.,0.,-1.));
#14855 = ORIENTED_EDGE('',*,*,#14856,.T.);
#14856 = EDGE_CURVE('',#14849,#14849,#14857,.T.);
#14857 = CIRCLE('',#14858,0.762);
#14858 = AXIS2_PLACEMENT_3D('',#14859,#14860,#14861);
#14859 = CARTESIAN_POINT('',(195.072,-70.3645,-4.E-02));
#14860 = DIRECTION('',(0.,0.,1.));
#14861 = DIRECTION('',(1.,0.,-0.));
#14862 = ORIENTED_EDGE('',*,*,#14846,.F.);
#14863 = ORIENTED_EDGE('',*,*,#14864,.F.);
#14864 = EDGE_CURVE('',#14847,#14847,#14865,.T.);
#14865 = CIRCLE('',#14866,0.762);
#14866 = AXIS2_PLACEMENT_3D('',#14867,#14868,#14869);
#14867 = CARTESIAN_POINT('',(195.072,-70.3645,0.));
#14868 = DIRECTION('',(0.,0.,1.));
#14869 = DIRECTION('',(1.,0.,-0.));
#14870 = CYLINDRICAL_SURFACE('',#14871,0.762);
#14871 = AXIS2_PLACEMENT_3D('',#14872,#14873,#14874);
#14872 = CARTESIAN_POINT('',(195.072,-70.3645,0.));
#14873 = DIRECTION('',(0.,0.,1.));
#14874 = DIRECTION('',(1.,0.,-0.));
#14875 = ADVANCED_FACE('',(#14876,#14879),#14890,.F.);
#14876 = FACE_BOUND('',#14877,.F.);
#14877 = EDGE_LOOP('',(#14878));
#14878 = ORIENTED_EDGE('',*,*,#14864,.F.);
#14879 = FACE_BOUND('',#14880,.F.);
#14880 = EDGE_LOOP('',(#14881));
#14881 = ORIENTED_EDGE('',*,*,#14882,.F.);
#14882 = EDGE_CURVE('',#14883,#14883,#14885,.T.);
#14883 = VERTEX_POINT('',#14884);
#14884 = CARTESIAN_POINT('',(195.072,-70.784,0.));
#14885 = CIRCLE('',#14886,0.4195);
#14886 = AXIS2_PLACEMENT_3D('',#14887,#14888,#14889);
#14887 = CARTESIAN_POINT('',(195.072,-70.3645,0.));
#14888 = DIRECTION('',(-0.,0.,-1.));
#14889 = DIRECTION('',(-0.,-1.,0.));
#14890 = PLANE('',#14891);
#14891 = AXIS2_PLACEMENT_3D('',#14892,#14893,#14894);
#14892 = CARTESIAN_POINT('',(0.,0.,0.));
#14893 = DIRECTION('',(-0.,-0.,-1.));
#14894 = DIRECTION('',(-1.,0.,0.));
#14895 = ADVANCED_FACE('',(#14896,#14899),#14910,.T.);
#14896 = FACE_BOUND('',#14897,.T.);
#14897 = EDGE_LOOP('',(#14898));
#14898 = ORIENTED_EDGE('',*,*,#14856,.F.);
#14899 = FACE_BOUND('',#14900,.T.);
#14900 = EDGE_LOOP('',(#14901));
#14901 = ORIENTED_EDGE('',*,*,#14902,.F.);
#14902 = EDGE_CURVE('',#14903,#14903,#14905,.T.);
#14903 = VERTEX_POINT('',#14904);
#14904 = CARTESIAN_POINT('',(195.072,-70.784,-4.E-02));
#14905 = CIRCLE('',#14906,0.4195);
#14906 = AXIS2_PLACEMENT_3D('',#14907,#14908,#14909);
#14907 = CARTESIAN_POINT('',(195.072,-70.3645,-4.E-02));
#14908 = DIRECTION('',(-0.,0.,-1.));
#14909 = DIRECTION('',(-0.,-1.,0.));
#14910 = PLANE('',#14911);
#14911 = AXIS2_PLACEMENT_3D('',#14912,#14913,#14914);
#14912 = CARTESIAN_POINT('',(0.,0.,-4.E-02));
#14913 = DIRECTION('',(-0.,-0.,-1.));
#14914 = DIRECTION('',(-1.,0.,0.));
#14915 = ADVANCED_FACE('',(#14916),#14927,.F.);
#14916 = FACE_BOUND('',#14917,.T.);
#14917 = EDGE_LOOP('',(#14918,#14919,#14925,#14926));
#14918 = ORIENTED_EDGE('',*,*,#14902,.T.);
#14919 = ORIENTED_EDGE('',*,*,#14920,.T.);
#14920 = EDGE_CURVE('',#14903,#14883,#14921,.T.);
#14921 = LINE('',#14922,#14923);
#14922 = CARTESIAN_POINT('',(195.072,-70.784,-4.6E-02));
#14923 = VECTOR('',#14924,1.);
#14924 = DIRECTION('',(0.,0.,1.));
#14925 = ORIENTED_EDGE('',*,*,#14882,.F.);
#14926 = ORIENTED_EDGE('',*,*,#14920,.F.);
#14927 = CYLINDRICAL_SURFACE('',#14928,0.4195);
#14928 = AXIS2_PLACEMENT_3D('',#14929,#14930,#14931);
#14929 = CARTESIAN_POINT('',(195.072,-70.3645,-4.6E-02));
#14930 = DIRECTION('',(-0.,-0.,-1.));
#14931 = DIRECTION('',(-0.,-1.,0.));
#14932 = MANIFOLD_SOLID_BREP('',#14933);
#14933 = CLOSED_SHELL('',(#14934,#14967,#14987,#15007));
#14934 = ADVANCED_FACE('',(#14935),#14962,.T.);
#14935 = FACE_BOUND('',#14936,.F.);
#14936 = EDGE_LOOP('',(#14937,#14947,#14954,#14955));
#14937 = ORIENTED_EDGE('',*,*,#14938,.T.);
#14938 = EDGE_CURVE('',#14939,#14941,#14943,.T.);
#14939 = VERTEX_POINT('',#14940);
#14940 = CARTESIAN_POINT('',(195.072,-70.809,-4.E-02));
#14941 = VERTEX_POINT('',#14942);
#14942 = CARTESIAN_POINT('',(195.072,-70.809,1.55));
#14943 = LINE('',#14944,#14945);
#14944 = CARTESIAN_POINT('',(195.072,-70.809,-4.E-02));
#14945 = VECTOR('',#14946,1.);
#14946 = DIRECTION('',(0.,0.,1.));
#14947 = ORIENTED_EDGE('',*,*,#14948,.T.);
#14948 = EDGE_CURVE('',#14941,#14941,#14949,.T.);
#14949 = CIRCLE('',#14950,0.4445);
#14950 = AXIS2_PLACEMENT_3D('',#14951,#14952,#14953);
#14951 = CARTESIAN_POINT('',(195.072,-70.3645,1.55));
#14952 = DIRECTION('',(0.,0.,1.));
#14953 = DIRECTION('',(-0.,-1.,0.));
#14954 = ORIENTED_EDGE('',*,*,#14938,.F.);
#14955 = ORIENTED_EDGE('',*,*,#14956,.F.);
#14956 = EDGE_CURVE('',#14939,#14939,#14957,.T.);
#14957 = CIRCLE('',#14958,0.4445);
#14958 = AXIS2_PLACEMENT_3D('',#14959,#14960,#14961);
#14959 = CARTESIAN_POINT('',(195.072,-70.3645,-4.E-02));
#14960 = DIRECTION('',(0.,0.,1.));
#14961 = DIRECTION('',(-0.,-1.,0.));
#14962 = CYLINDRICAL_SURFACE('',#14963,0.4445);
#14963 = AXIS2_PLACEMENT_3D('',#14964,#14965,#14966);
#14964 = CARTESIAN_POINT('',(195.072,-70.3645,-4.E-02));
#14965 = DIRECTION('',(-0.,-0.,-1.));
#14966 = DIRECTION('',(-0.,-1.,0.));
#14967 = ADVANCED_FACE('',(#14968,#14971),#14982,.F.);
#14968 = FACE_BOUND('',#14969,.F.);
#14969 = EDGE_LOOP('',(#14970));
#14970 = ORIENTED_EDGE('',*,*,#14956,.T.);
#14971 = FACE_BOUND('',#14972,.F.);
#14972 = EDGE_LOOP('',(#14973));
#14973 = ORIENTED_EDGE('',*,*,#14974,.T.);
#14974 = EDGE_CURVE('',#14975,#14975,#14977,.T.);
#14975 = VERTEX_POINT('',#14976);
#14976 = CARTESIAN_POINT('',(195.072,-70.784,-4.E-02));
#14977 = CIRCLE('',#14978,0.4195);
#14978 = AXIS2_PLACEMENT_3D('',#14979,#14980,#14981);
#14979 = CARTESIAN_POINT('',(195.072,-70.3645,-4.E-02));
#14980 = DIRECTION('',(-0.,0.,-1.));
#14981 = DIRECTION('',(-0.,-1.,0.));
#14982 = PLANE('',#14983);
#14983 = AXIS2_PLACEMENT_3D('',#14984,#14985,#14986);
#14984 = CARTESIAN_POINT('',(195.072,-70.809,-4.E-02));
#14985 = DIRECTION('',(0.,0.,1.));
#14986 = DIRECTION('',(1.,0.,-0.));
#14987 = ADVANCED_FACE('',(#14988,#14991),#15002,.T.);
#14988 = FACE_BOUND('',#14989,.T.);
#14989 = EDGE_LOOP('',(#14990));
#14990 = ORIENTED_EDGE('',*,*,#14948,.T.);
#14991 = FACE_BOUND('',#14992,.T.);
#14992 = EDGE_LOOP('',(#14993));
#14993 = ORIENTED_EDGE('',*,*,#14994,.T.);
#14994 = EDGE_CURVE('',#14995,#14995,#14997,.T.);
#14995 = VERTEX_POINT('',#14996);
#14996 = CARTESIAN_POINT('',(195.072,-70.784,1.55));
#14997 = CIRCLE('',#14998,0.4195);
#14998 = AXIS2_PLACEMENT_3D('',#14999,#15000,#15001);
#14999 = CARTESIAN_POINT('',(195.072,-70.3645,1.55));
#15000 = DIRECTION('',(-0.,0.,-1.));
#15001 = DIRECTION('',(-0.,-1.,0.));
#15002 = PLANE('',#15003);
#15003 = AXIS2_PLACEMENT_3D('',#15004,#15005,#15006);
#15004 = CARTESIAN_POINT('',(195.072,-70.809,1.55));
#15005 = DIRECTION('',(0.,0.,1.));
#15006 = DIRECTION('',(1.,0.,-0.));
#15007 = ADVANCED_FACE('',(#15008),#15019,.F.);
#15008 = FACE_BOUND('',#15009,.T.);
#15009 = EDGE_LOOP('',(#15010,#15011,#15017,#15018));
#15010 = ORIENTED_EDGE('',*,*,#14974,.T.);
#15011 = ORIENTED_EDGE('',*,*,#15012,.T.);
#15012 = EDGE_CURVE('',#14975,#14995,#15013,.T.);
#15013 = LINE('',#15014,#15015);
#15014 = CARTESIAN_POINT('',(195.072,-70.784,-4.6E-02));
#15015 = VECTOR('',#15016,1.);
#15016 = DIRECTION('',(0.,0.,1.));
#15017 = ORIENTED_EDGE('',*,*,#14994,.F.);
#15018 = ORIENTED_EDGE('',*,*,#15012,.F.);
#15019 = CYLINDRICAL_SURFACE('',#15020,0.4195);
#15020 = AXIS2_PLACEMENT_3D('',#15021,#15022,#15023);
#15021 = CARTESIAN_POINT('',(195.072,-70.3645,-4.6E-02));
#15022 = DIRECTION('',(-0.,-0.,-1.));
#15023 = DIRECTION('',(-0.,-1.,0.));
#15024 = MANIFOLD_SOLID_BREP('',#15025);
#15025 = CLOSED_SHELL('',(#15026,#15068,#15099,#15130,#15208,#15286,
    #15303,#15320,#15337,#15354,#15371,#15388,#15405));
#15026 = ADVANCED_FACE('',(#15027),#15063,.T.);
#15027 = FACE_BOUND('',#15028,.T.);
#15028 = EDGE_LOOP('',(#15029,#15039,#15048,#15056));
#15029 = ORIENTED_EDGE('',*,*,#15030,.T.);
#15030 = EDGE_CURVE('',#15031,#15033,#15035,.T.);
#15031 = VERTEX_POINT('',#15032);
#15032 = CARTESIAN_POINT('',(193.021,-54.5149,1.51));
#15033 = VERTEX_POINT('',#15034);
#15034 = CARTESIAN_POINT('',(193.021,-54.5149,1.55));
#15035 = LINE('',#15036,#15037);
#15036 = CARTESIAN_POINT('',(193.021,-54.5149,1.51));
#15037 = VECTOR('',#15038,1.);
#15038 = DIRECTION('',(0.,0.,1.));
#15039 = ORIENTED_EDGE('',*,*,#15040,.T.);
#15040 = EDGE_CURVE('',#15033,#15041,#15043,.T.);
#15041 = VERTEX_POINT('',#15042);
#15042 = CARTESIAN_POINT('',(193.1734,-54.3625,1.55));
#15043 = CIRCLE('',#15044,0.152400250784);
#15044 = AXIS2_PLACEMENT_3D('',#15045,#15046,#15047);
#15045 = CARTESIAN_POINT('',(193.17340025078,-54.51490025078,1.55));
#15046 = DIRECTION('',(0.,0.,-1.));
#15047 = DIRECTION('',(-0.999999999999,1.64556279575E-06,0.));
#15048 = ORIENTED_EDGE('',*,*,#15049,.F.);
#15049 = EDGE_CURVE('',#15050,#15041,#15052,.T.);
#15050 = VERTEX_POINT('',#15051);
#15051 = CARTESIAN_POINT('',(193.1734,-54.3625,1.51));
#15052 = LINE('',#15053,#15054);
#15053 = CARTESIAN_POINT('',(193.1734,-54.3625,1.51));
#15054 = VECTOR('',#15055,1.);
#15055 = DIRECTION('',(0.,0.,1.));
#15056 = ORIENTED_EDGE('',*,*,#15057,.F.);
#15057 = EDGE_CURVE('',#15031,#15050,#15058,.T.);
#15058 = CIRCLE('',#15059,0.152400250784);
#15059 = AXIS2_PLACEMENT_3D('',#15060,#15061,#15062);
#15060 = CARTESIAN_POINT('',(193.17340025078,-54.51490025078,1.51));
#15061 = DIRECTION('',(0.,0.,-1.));
#15062 = DIRECTION('',(-0.999999999999,1.64556279575E-06,0.));
#15063 = CYLINDRICAL_SURFACE('',#15064,0.152400250784);
#15064 = AXIS2_PLACEMENT_3D('',#15065,#15066,#15067);
#15065 = CARTESIAN_POINT('',(193.17340025078,-54.51490025078,1.51));
#15066 = DIRECTION('',(0.,0.,-1.));
#15067 = DIRECTION('',(-0.999999999999,1.64556279575E-06,0.));
#15068 = ADVANCED_FACE('',(#15069),#15094,.T.);
#15069 = FACE_BOUND('',#15070,.T.);
#15070 = EDGE_LOOP('',(#15071,#15081,#15087,#15088));
#15071 = ORIENTED_EDGE('',*,*,#15072,.T.);
#15072 = EDGE_CURVE('',#15073,#15075,#15077,.T.);
#15073 = VERTEX_POINT('',#15074);
#15074 = CARTESIAN_POINT('',(193.021,-55.7341,1.51));
#15075 = VERTEX_POINT('',#15076);
#15076 = CARTESIAN_POINT('',(193.021,-55.7341,1.55));
#15077 = LINE('',#15078,#15079);
#15078 = CARTESIAN_POINT('',(193.021,-55.7341,1.51));
#15079 = VECTOR('',#15080,1.);
#15080 = DIRECTION('',(0.,0.,1.));
#15081 = ORIENTED_EDGE('',*,*,#15082,.T.);
#15082 = EDGE_CURVE('',#15075,#15033,#15083,.T.);
#15083 = LINE('',#15084,#15085);
#15084 = CARTESIAN_POINT('',(193.021,-55.7341,1.55));
#15085 = VECTOR('',#15086,1.);
#15086 = DIRECTION('',(0.,1.,0.));
#15087 = ORIENTED_EDGE('',*,*,#15030,.F.);
#15088 = ORIENTED_EDGE('',*,*,#15089,.F.);
#15089 = EDGE_CURVE('',#15073,#15031,#15090,.T.);
#15090 = LINE('',#15091,#15092);
#15091 = CARTESIAN_POINT('',(193.021,-55.7341,1.51));
#15092 = VECTOR('',#15093,1.);
#15093 = DIRECTION('',(0.,1.,0.));
#15094 = PLANE('',#15095);
#15095 = AXIS2_PLACEMENT_3D('',#15096,#15097,#15098);
#15096 = CARTESIAN_POINT('',(193.021,-55.7341,1.51));
#15097 = DIRECTION('',(-1.,0.,0.));
#15098 = DIRECTION('',(0.,1.,0.));
#15099 = ADVANCED_FACE('',(#15100),#15125,.T.);
#15100 = FACE_BOUND('',#15101,.T.);
#15101 = EDGE_LOOP('',(#15102,#15103,#15111,#15119));
#15102 = ORIENTED_EDGE('',*,*,#15049,.T.);
#15103 = ORIENTED_EDGE('',*,*,#15104,.T.);
#15104 = EDGE_CURVE('',#15041,#15105,#15107,.T.);
#15105 = VERTEX_POINT('',#15106);
#15106 = CARTESIAN_POINT('',(195.3006,-54.3625,1.55));
#15107 = LINE('',#15108,#15109);
#15108 = CARTESIAN_POINT('',(193.1734,-54.3625,1.55));
#15109 = VECTOR('',#15110,1.);
#15110 = DIRECTION('',(1.,0.,0.));
#15111 = ORIENTED_EDGE('',*,*,#15112,.F.);
#15112 = EDGE_CURVE('',#15113,#15105,#15115,.T.);
#15113 = VERTEX_POINT('',#15114);
#15114 = CARTESIAN_POINT('',(195.3006,-54.3625,1.51));
#15115 = LINE('',#15116,#15117);
#15116 = CARTESIAN_POINT('',(195.3006,-54.3625,1.51));
#15117 = VECTOR('',#15118,1.);
#15118 = DIRECTION('',(0.,0.,1.));
#15119 = ORIENTED_EDGE('',*,*,#15120,.F.);
#15120 = EDGE_CURVE('',#15050,#15113,#15121,.T.);
#15121 = LINE('',#15122,#15123);
#15122 = CARTESIAN_POINT('',(193.1734,-54.3625,1.51));
#15123 = VECTOR('',#15124,1.);
#15124 = DIRECTION('',(1.,0.,0.));
#15125 = PLANE('',#15126);
#15126 = AXIS2_PLACEMENT_3D('',#15127,#15128,#15129);
#15127 = CARTESIAN_POINT('',(193.1734,-54.3625,1.51));
#15128 = DIRECTION('',(0.,1.,0.));
#15129 = DIRECTION('',(1.,0.,0.));
#15130 = ADVANCED_FACE('',(#15131),#15203,.F.);
#15131 = FACE_BOUND('',#15132,.F.);
#15132 = EDGE_LOOP('',(#15133,#15134,#15135,#15144,#15152,#15161,#15169,
    #15178,#15187,#15195,#15202));
#15133 = ORIENTED_EDGE('',*,*,#15057,.F.);
#15134 = ORIENTED_EDGE('',*,*,#15089,.F.);
#15135 = ORIENTED_EDGE('',*,*,#15136,.F.);
#15136 = EDGE_CURVE('',#15137,#15073,#15139,.T.);
#15137 = VERTEX_POINT('',#15138);
#15138 = CARTESIAN_POINT('',(193.1734,-55.8865,1.51));
#15139 = CIRCLE('',#15140,0.152400250784);
#15140 = AXIS2_PLACEMENT_3D('',#15141,#15142,#15143);
#15141 = CARTESIAN_POINT('',(193.17340025078,-55.73409974921,1.51));
#15142 = DIRECTION('',(0.,0.,-1.));
#15143 = DIRECTION('',(-1.64556279575E-06,-0.999999999999,-0.));
#15144 = ORIENTED_EDGE('',*,*,#15145,.F.);
#15145 = EDGE_CURVE('',#15146,#15137,#15148,.T.);
#15146 = VERTEX_POINT('',#15147);
#15147 = CARTESIAN_POINT('',(195.3006,-55.8865,1.51));
#15148 = LINE('',#15149,#15150);
#15149 = CARTESIAN_POINT('',(195.3006,-55.8865,1.51));
#15150 = VECTOR('',#15151,1.);
#15151 = DIRECTION('',(-1.,0.,0.));
#15152 = ORIENTED_EDGE('',*,*,#15153,.F.);
#15153 = EDGE_CURVE('',#15154,#15146,#15156,.T.);
#15154 = VERTEX_POINT('',#15155);
#15155 = CARTESIAN_POINT('',(195.453,-55.7341,1.51));
#15156 = CIRCLE('',#15157,0.152400250784);
#15157 = AXIS2_PLACEMENT_3D('',#15158,#15159,#15160);
#15158 = CARTESIAN_POINT('',(195.30059974921,-55.73409974921,1.51));
#15159 = DIRECTION('',(0.,0.,-1.));
#15160 = DIRECTION('',(0.999999999999,-1.645562376139E-06,0.));
#15161 = ORIENTED_EDGE('',*,*,#15162,.F.);
#15162 = EDGE_CURVE('',#15163,#15154,#15165,.T.);
#15163 = VERTEX_POINT('',#15164);
#15164 = CARTESIAN_POINT('',(195.453,-55.30005412273,1.51));
#15165 = LINE('',#15166,#15167);
#15166 = CARTESIAN_POINT('',(195.453,-54.5149,1.51));
#15167 = VECTOR('',#15168,1.);
#15168 = DIRECTION('',(0.,-1.,0.));
#15169 = ORIENTED_EDGE('',*,*,#15170,.T.);
#15170 = EDGE_CURVE('',#15163,#15171,#15173,.T.);
#15171 = VERTEX_POINT('',#15172);
#15172 = CARTESIAN_POINT('',(195.072,-55.544,1.51));
#15173 = CIRCLE('',#15174,0.4195);
#15174 = AXIS2_PLACEMENT_3D('',#15175,#15176,#15177);
#15175 = CARTESIAN_POINT('',(195.072,-55.1245,1.51));
#15176 = DIRECTION('',(-0.,0.,-1.));
#15177 = DIRECTION('',(-0.,-1.,0.));
#15178 = ORIENTED_EDGE('',*,*,#15179,.T.);
#15179 = EDGE_CURVE('',#15171,#15180,#15182,.T.);
#15180 = VERTEX_POINT('',#15181);
#15181 = CARTESIAN_POINT('',(195.453,-54.94894587726,1.51));
#15182 = CIRCLE('',#15183,0.4195);
#15183 = AXIS2_PLACEMENT_3D('',#15184,#15185,#15186);
#15184 = CARTESIAN_POINT('',(195.072,-55.1245,1.51));
#15185 = DIRECTION('',(-0.,0.,-1.));
#15186 = DIRECTION('',(-0.,-1.,0.));
#15187 = ORIENTED_EDGE('',*,*,#15188,.F.);
#15188 = EDGE_CURVE('',#15189,#15180,#15191,.T.);
#15189 = VERTEX_POINT('',#15190);
#15190 = CARTESIAN_POINT('',(195.453,-54.5149,1.51));
#15191 = LINE('',#15192,#15193);
#15192 = CARTESIAN_POINT('',(195.453,-54.5149,1.51));
#15193 = VECTOR('',#15194,1.);
#15194 = DIRECTION('',(0.,-1.,0.));
#15195 = ORIENTED_EDGE('',*,*,#15196,.F.);
#15196 = EDGE_CURVE('',#15113,#15189,#15197,.T.);
#15197 = CIRCLE('',#15198,0.152400250784);
#15198 = AXIS2_PLACEMENT_3D('',#15199,#15200,#15201);
#15199 = CARTESIAN_POINT('',(195.30059974921,-54.51490025078,1.51));
#15200 = DIRECTION('',(0.,0.,-1.));
#15201 = DIRECTION('',(1.645562422763E-06,0.999999999999,0.));
#15202 = ORIENTED_EDGE('',*,*,#15120,.F.);
#15203 = PLANE('',#15204);
#15204 = AXIS2_PLACEMENT_3D('',#15205,#15206,#15207);
#15205 = CARTESIAN_POINT('',(0.,0.,1.51));
#15206 = DIRECTION('',(0.,0.,1.));
#15207 = DIRECTION('',(1.,0.,-0.));
#15208 = ADVANCED_FACE('',(#15209),#15281,.T.);
#15209 = FACE_BOUND('',#15210,.T.);
#15210 = EDGE_LOOP('',(#15211,#15212,#15213,#15222,#15230,#15239,#15247,
    #15256,#15265,#15273,#15280));
#15211 = ORIENTED_EDGE('',*,*,#15040,.F.);
#15212 = ORIENTED_EDGE('',*,*,#15082,.F.);
#15213 = ORIENTED_EDGE('',*,*,#15214,.F.);
#15214 = EDGE_CURVE('',#15215,#15075,#15217,.T.);
#15215 = VERTEX_POINT('',#15216);
#15216 = CARTESIAN_POINT('',(193.1734,-55.8865,1.55));
#15217 = CIRCLE('',#15218,0.152400250784);
#15218 = AXIS2_PLACEMENT_3D('',#15219,#15220,#15221);
#15219 = CARTESIAN_POINT('',(193.17340025078,-55.73409974921,1.55));
#15220 = DIRECTION('',(0.,0.,-1.));
#15221 = DIRECTION('',(-1.64556279575E-06,-0.999999999999,-0.));
#15222 = ORIENTED_EDGE('',*,*,#15223,.F.);
#15223 = EDGE_CURVE('',#15224,#15215,#15226,.T.);
#15224 = VERTEX_POINT('',#15225);
#15225 = CARTESIAN_POINT('',(195.3006,-55.8865,1.55));
#15226 = LINE('',#15227,#15228);
#15227 = CARTESIAN_POINT('',(195.3006,-55.8865,1.55));
#15228 = VECTOR('',#15229,1.);
#15229 = DIRECTION('',(-1.,0.,0.));
#15230 = ORIENTED_EDGE('',*,*,#15231,.F.);
#15231 = EDGE_CURVE('',#15232,#15224,#15234,.T.);
#15232 = VERTEX_POINT('',#15233);
#15233 = CARTESIAN_POINT('',(195.453,-55.7341,1.55));
#15234 = CIRCLE('',#15235,0.152400250784);
#15235 = AXIS2_PLACEMENT_3D('',#15236,#15237,#15238);
#15236 = CARTESIAN_POINT('',(195.30059974921,-55.73409974921,1.55));
#15237 = DIRECTION('',(0.,0.,-1.));
#15238 = DIRECTION('',(0.999999999999,-1.645562376139E-06,0.));
#15239 = ORIENTED_EDGE('',*,*,#15240,.F.);
#15240 = EDGE_CURVE('',#15241,#15232,#15243,.T.);
#15241 = VERTEX_POINT('',#15242);
#15242 = CARTESIAN_POINT('',(195.453,-55.30005412273,1.55));
#15243 = LINE('',#15244,#15245);
#15244 = CARTESIAN_POINT('',(195.453,-54.5149,1.55));
#15245 = VECTOR('',#15246,1.);
#15246 = DIRECTION('',(0.,-1.,0.));
#15247 = ORIENTED_EDGE('',*,*,#15248,.T.);
#15248 = EDGE_CURVE('',#15241,#15249,#15251,.T.);
#15249 = VERTEX_POINT('',#15250);
#15250 = CARTESIAN_POINT('',(195.072,-55.544,1.55));
#15251 = CIRCLE('',#15252,0.4195);
#15252 = AXIS2_PLACEMENT_3D('',#15253,#15254,#15255);
#15253 = CARTESIAN_POINT('',(195.072,-55.1245,1.55));
#15254 = DIRECTION('',(-0.,0.,-1.));
#15255 = DIRECTION('',(-0.,-1.,0.));
#15256 = ORIENTED_EDGE('',*,*,#15257,.T.);
#15257 = EDGE_CURVE('',#15249,#15258,#15260,.T.);
#15258 = VERTEX_POINT('',#15259);
#15259 = CARTESIAN_POINT('',(195.453,-54.94894587726,1.55));
#15260 = CIRCLE('',#15261,0.4195);
#15261 = AXIS2_PLACEMENT_3D('',#15262,#15263,#15264);
#15262 = CARTESIAN_POINT('',(195.072,-55.1245,1.55));
#15263 = DIRECTION('',(-0.,0.,-1.));
#15264 = DIRECTION('',(-0.,-1.,0.));
#15265 = ORIENTED_EDGE('',*,*,#15266,.F.);
#15266 = EDGE_CURVE('',#15267,#15258,#15269,.T.);
#15267 = VERTEX_POINT('',#15268);
#15268 = CARTESIAN_POINT('',(195.453,-54.5149,1.55));
#15269 = LINE('',#15270,#15271);
#15270 = CARTESIAN_POINT('',(195.453,-54.5149,1.55));
#15271 = VECTOR('',#15272,1.);
#15272 = DIRECTION('',(0.,-1.,0.));
#15273 = ORIENTED_EDGE('',*,*,#15274,.F.);
#15274 = EDGE_CURVE('',#15105,#15267,#15275,.T.);
#15275 = CIRCLE('',#15276,0.152400250784);
#15276 = AXIS2_PLACEMENT_3D('',#15277,#15278,#15279);
#15277 = CARTESIAN_POINT('',(195.30059974921,-54.51490025078,1.55));
#15278 = DIRECTION('',(0.,0.,-1.));
#15279 = DIRECTION('',(1.645562422763E-06,0.999999999999,0.));
#15280 = ORIENTED_EDGE('',*,*,#15104,.F.);
#15281 = PLANE('',#15282);
#15282 = AXIS2_PLACEMENT_3D('',#15283,#15284,#15285);
#15283 = CARTESIAN_POINT('',(0.,0.,1.55));
#15284 = DIRECTION('',(0.,0.,1.));
#15285 = DIRECTION('',(1.,0.,-0.));
#15286 = ADVANCED_FACE('',(#15287),#15298,.T.);
#15287 = FACE_BOUND('',#15288,.T.);
#15288 = EDGE_LOOP('',(#15289,#15295,#15296,#15297));
#15289 = ORIENTED_EDGE('',*,*,#15290,.T.);
#15290 = EDGE_CURVE('',#15137,#15215,#15291,.T.);
#15291 = LINE('',#15292,#15293);
#15292 = CARTESIAN_POINT('',(193.1734,-55.8865,1.51));
#15293 = VECTOR('',#15294,1.);
#15294 = DIRECTION('',(0.,0.,1.));
#15295 = ORIENTED_EDGE('',*,*,#15214,.T.);
#15296 = ORIENTED_EDGE('',*,*,#15072,.F.);
#15297 = ORIENTED_EDGE('',*,*,#15136,.F.);
#15298 = CYLINDRICAL_SURFACE('',#15299,0.152400250784);
#15299 = AXIS2_PLACEMENT_3D('',#15300,#15301,#15302);
#15300 = CARTESIAN_POINT('',(193.17340025078,-55.73409974921,1.51));
#15301 = DIRECTION('',(0.,0.,-1.));
#15302 = DIRECTION('',(-1.64556279575E-06,-0.999999999999,-0.));
#15303 = ADVANCED_FACE('',(#15304),#15315,.T.);
#15304 = FACE_BOUND('',#15305,.T.);
#15305 = EDGE_LOOP('',(#15306,#15307,#15308,#15314));
#15306 = ORIENTED_EDGE('',*,*,#15112,.T.);
#15307 = ORIENTED_EDGE('',*,*,#15274,.T.);
#15308 = ORIENTED_EDGE('',*,*,#15309,.F.);
#15309 = EDGE_CURVE('',#15189,#15267,#15310,.T.);
#15310 = LINE('',#15311,#15312);
#15311 = CARTESIAN_POINT('',(195.453,-54.5149,1.51));
#15312 = VECTOR('',#15313,1.);
#15313 = DIRECTION('',(0.,0.,1.));
#15314 = ORIENTED_EDGE('',*,*,#15196,.F.);
#15315 = CYLINDRICAL_SURFACE('',#15316,0.152400250784);
#15316 = AXIS2_PLACEMENT_3D('',#15317,#15318,#15319);
#15317 = CARTESIAN_POINT('',(195.30059974921,-54.51490025078,1.51));
#15318 = DIRECTION('',(0.,0.,-1.));
#15319 = DIRECTION('',(1.645562422763E-06,0.999999999999,0.));
#15320 = ADVANCED_FACE('',(#15321),#15332,.T.);
#15321 = FACE_BOUND('',#15322,.T.);
#15322 = EDGE_LOOP('',(#15323,#15324,#15325,#15326));
#15323 = ORIENTED_EDGE('',*,*,#15188,.F.);
#15324 = ORIENTED_EDGE('',*,*,#15309,.T.);
#15325 = ORIENTED_EDGE('',*,*,#15266,.T.);
#15326 = ORIENTED_EDGE('',*,*,#15327,.T.);
#15327 = EDGE_CURVE('',#15258,#15180,#15328,.T.);
#15328 = LINE('',#15329,#15330);
#15329 = CARTESIAN_POINT('',(195.453,-54.94894587729,-4.6E-02));
#15330 = VECTOR('',#15331,1.);
#15331 = DIRECTION('',(-0.,-0.,-1.));
#15332 = PLANE('',#15333);
#15333 = AXIS2_PLACEMENT_3D('',#15334,#15335,#15336);
#15334 = CARTESIAN_POINT('',(195.453,-54.5149,1.51));
#15335 = DIRECTION('',(1.,0.,-0.));
#15336 = DIRECTION('',(0.,-1.,0.));
#15337 = ADVANCED_FACE('',(#15338),#15349,.F.);
#15338 = FACE_BOUND('',#15339,.T.);
#15339 = EDGE_LOOP('',(#15340,#15346,#15347,#15348));
#15340 = ORIENTED_EDGE('',*,*,#15341,.F.);
#15341 = EDGE_CURVE('',#15171,#15249,#15342,.T.);
#15342 = LINE('',#15343,#15344);
#15343 = CARTESIAN_POINT('',(195.072,-55.544,-4.6E-02));
#15344 = VECTOR('',#15345,1.);
#15345 = DIRECTION('',(0.,0.,1.));
#15346 = ORIENTED_EDGE('',*,*,#15179,.T.);
#15347 = ORIENTED_EDGE('',*,*,#15327,.F.);
#15348 = ORIENTED_EDGE('',*,*,#15257,.F.);
#15349 = CYLINDRICAL_SURFACE('',#15350,0.4195);
#15350 = AXIS2_PLACEMENT_3D('',#15351,#15352,#15353);
#15351 = CARTESIAN_POINT('',(195.072,-55.1245,-4.6E-02));
#15352 = DIRECTION('',(-0.,-0.,-1.));
#15353 = DIRECTION('',(-0.,-1.,0.));
#15354 = ADVANCED_FACE('',(#15355),#15366,.F.);
#15355 = FACE_BOUND('',#15356,.T.);
#15356 = EDGE_LOOP('',(#15357,#15358,#15359,#15360));
#15357 = ORIENTED_EDGE('',*,*,#15170,.T.);
#15358 = ORIENTED_EDGE('',*,*,#15341,.T.);
#15359 = ORIENTED_EDGE('',*,*,#15248,.F.);
#15360 = ORIENTED_EDGE('',*,*,#15361,.T.);
#15361 = EDGE_CURVE('',#15241,#15163,#15362,.T.);
#15362 = LINE('',#15363,#15364);
#15363 = CARTESIAN_POINT('',(195.453,-55.3000541227,-4.6E-02));
#15364 = VECTOR('',#15365,1.);
#15365 = DIRECTION('',(-0.,-0.,-1.));
#15366 = CYLINDRICAL_SURFACE('',#15367,0.4195);
#15367 = AXIS2_PLACEMENT_3D('',#15368,#15369,#15370);
#15368 = CARTESIAN_POINT('',(195.072,-55.1245,-4.6E-02));
#15369 = DIRECTION('',(-0.,-0.,-1.));
#15370 = DIRECTION('',(-0.,-1.,0.));
#15371 = ADVANCED_FACE('',(#15372),#15383,.T.);
#15372 = FACE_BOUND('',#15373,.T.);
#15373 = EDGE_LOOP('',(#15374,#15375,#15376,#15377));
#15374 = ORIENTED_EDGE('',*,*,#15162,.F.);
#15375 = ORIENTED_EDGE('',*,*,#15361,.F.);
#15376 = ORIENTED_EDGE('',*,*,#15240,.T.);
#15377 = ORIENTED_EDGE('',*,*,#15378,.F.);
#15378 = EDGE_CURVE('',#15154,#15232,#15379,.T.);
#15379 = LINE('',#15380,#15381);
#15380 = CARTESIAN_POINT('',(195.453,-55.7341,1.51));
#15381 = VECTOR('',#15382,1.);
#15382 = DIRECTION('',(0.,0.,1.));
#15383 = PLANE('',#15384);
#15384 = AXIS2_PLACEMENT_3D('',#15385,#15386,#15387);
#15385 = CARTESIAN_POINT('',(195.453,-54.5149,1.51));
#15386 = DIRECTION('',(1.,0.,-0.));
#15387 = DIRECTION('',(0.,-1.,0.));
#15388 = ADVANCED_FACE('',(#15389),#15400,.T.);
#15389 = FACE_BOUND('',#15390,.T.);
#15390 = EDGE_LOOP('',(#15391,#15392,#15393,#15399));
#15391 = ORIENTED_EDGE('',*,*,#15378,.T.);
#15392 = ORIENTED_EDGE('',*,*,#15231,.T.);
#15393 = ORIENTED_EDGE('',*,*,#15394,.F.);
#15394 = EDGE_CURVE('',#15146,#15224,#15395,.T.);
#15395 = LINE('',#15396,#15397);
#15396 = CARTESIAN_POINT('',(195.3006,-55.8865,1.51));
#15397 = VECTOR('',#15398,1.);
#15398 = DIRECTION('',(0.,0.,1.));
#15399 = ORIENTED_EDGE('',*,*,#15153,.F.);
#15400 = CYLINDRICAL_SURFACE('',#15401,0.152400250784);
#15401 = AXIS2_PLACEMENT_3D('',#15402,#15403,#15404);
#15402 = CARTESIAN_POINT('',(195.30059974921,-55.73409974921,1.51));
#15403 = DIRECTION('',(0.,0.,-1.));
#15404 = DIRECTION('',(0.999999999999,-1.645562376139E-06,0.));
#15405 = ADVANCED_FACE('',(#15406),#15412,.T.);
#15406 = FACE_BOUND('',#15407,.T.);
#15407 = EDGE_LOOP('',(#15408,#15409,#15410,#15411));
#15408 = ORIENTED_EDGE('',*,*,#15394,.T.);
#15409 = ORIENTED_EDGE('',*,*,#15223,.T.);
#15410 = ORIENTED_EDGE('',*,*,#15290,.F.);
#15411 = ORIENTED_EDGE('',*,*,#15145,.F.);
#15412 = PLANE('',#15413);
#15413 = AXIS2_PLACEMENT_3D('',#15414,#15415,#15416);
#15414 = CARTESIAN_POINT('',(195.3006,-55.8865,1.51));
#15415 = DIRECTION('',(0.,-1.,0.));
#15416 = DIRECTION('',(-1.,0.,0.));
#15417 = MANIFOLD_SOLID_BREP('',#15418);
#15418 = CLOSED_SHELL('',(#15419,#15452,#15472,#15492));
#15419 = ADVANCED_FACE('',(#15420),#15447,.T.);
#15420 = FACE_BOUND('',#15421,.F.);
#15421 = EDGE_LOOP('',(#15422,#15432,#15439,#15440));
#15422 = ORIENTED_EDGE('',*,*,#15423,.T.);
#15423 = EDGE_CURVE('',#15424,#15426,#15428,.T.);
#15424 = VERTEX_POINT('',#15425);
#15425 = CARTESIAN_POINT('',(195.834,-55.1245,1.51));
#15426 = VERTEX_POINT('',#15427);
#15427 = CARTESIAN_POINT('',(195.834,-55.1245,1.55));
#15428 = LINE('',#15429,#15430);
#15429 = CARTESIAN_POINT('',(195.834,-55.1245,1.51));
#15430 = VECTOR('',#15431,1.);
#15431 = DIRECTION('',(0.,0.,1.));
#15432 = ORIENTED_EDGE('',*,*,#15433,.T.);
#15433 = EDGE_CURVE('',#15426,#15426,#15434,.T.);
#15434 = CIRCLE('',#15435,0.762);
#15435 = AXIS2_PLACEMENT_3D('',#15436,#15437,#15438);
#15436 = CARTESIAN_POINT('',(195.072,-55.1245,1.55));
#15437 = DIRECTION('',(0.,0.,1.));
#15438 = DIRECTION('',(1.,0.,-0.));
#15439 = ORIENTED_EDGE('',*,*,#15423,.F.);
#15440 = ORIENTED_EDGE('',*,*,#15441,.F.);
#15441 = EDGE_CURVE('',#15424,#15424,#15442,.T.);
#15442 = CIRCLE('',#15443,0.762);
#15443 = AXIS2_PLACEMENT_3D('',#15444,#15445,#15446);
#15444 = CARTESIAN_POINT('',(195.072,-55.1245,1.51));
#15445 = DIRECTION('',(0.,0.,1.));
#15446 = DIRECTION('',(1.,0.,-0.));
#15447 = CYLINDRICAL_SURFACE('',#15448,0.762);
#15448 = AXIS2_PLACEMENT_3D('',#15449,#15450,#15451);
#15449 = CARTESIAN_POINT('',(195.072,-55.1245,1.51));
#15450 = DIRECTION('',(-0.,-0.,-1.));
#15451 = DIRECTION('',(1.,0.,-0.));
#15452 = ADVANCED_FACE('',(#15453,#15456),#15467,.F.);
#15453 = FACE_BOUND('',#15454,.F.);
#15454 = EDGE_LOOP('',(#15455));
#15455 = ORIENTED_EDGE('',*,*,#15441,.T.);
#15456 = FACE_BOUND('',#15457,.F.);
#15457 = EDGE_LOOP('',(#15458));
#15458 = ORIENTED_EDGE('',*,*,#15459,.T.);
#15459 = EDGE_CURVE('',#15460,#15460,#15462,.T.);
#15460 = VERTEX_POINT('',#15461);
#15461 = CARTESIAN_POINT('',(195.072,-55.544,1.51));
#15462 = CIRCLE('',#15463,0.4195);
#15463 = AXIS2_PLACEMENT_3D('',#15464,#15465,#15466);
#15464 = CARTESIAN_POINT('',(195.072,-55.1245,1.51));
#15465 = DIRECTION('',(-0.,0.,-1.));
#15466 = DIRECTION('',(-0.,-1.,0.));
#15467 = PLANE('',#15468);
#15468 = AXIS2_PLACEMENT_3D('',#15469,#15470,#15471);
#15469 = CARTESIAN_POINT('',(0.,0.,1.51));
#15470 = DIRECTION('',(0.,0.,1.));
#15471 = DIRECTION('',(1.,0.,-0.));
#15472 = ADVANCED_FACE('',(#15473,#15476),#15487,.T.);
#15473 = FACE_BOUND('',#15474,.T.);
#15474 = EDGE_LOOP('',(#15475));
#15475 = ORIENTED_EDGE('',*,*,#15433,.T.);
#15476 = FACE_BOUND('',#15477,.T.);
#15477 = EDGE_LOOP('',(#15478));
#15478 = ORIENTED_EDGE('',*,*,#15479,.T.);
#15479 = EDGE_CURVE('',#15480,#15480,#15482,.T.);
#15480 = VERTEX_POINT('',#15481);
#15481 = CARTESIAN_POINT('',(195.072,-55.544,1.55));
#15482 = CIRCLE('',#15483,0.4195);
#15483 = AXIS2_PLACEMENT_3D('',#15484,#15485,#15486);
#15484 = CARTESIAN_POINT('',(195.072,-55.1245,1.55));
#15485 = DIRECTION('',(-0.,0.,-1.));
#15486 = DIRECTION('',(-0.,-1.,0.));
#15487 = PLANE('',#15488);
#15488 = AXIS2_PLACEMENT_3D('',#15489,#15490,#15491);
#15489 = CARTESIAN_POINT('',(0.,0.,1.55));
#15490 = DIRECTION('',(0.,0.,1.));
#15491 = DIRECTION('',(1.,0.,-0.));
#15492 = ADVANCED_FACE('',(#15493),#15504,.F.);
#15493 = FACE_BOUND('',#15494,.T.);
#15494 = EDGE_LOOP('',(#15495,#15496,#15502,#15503));
#15495 = ORIENTED_EDGE('',*,*,#15459,.T.);
#15496 = ORIENTED_EDGE('',*,*,#15497,.T.);
#15497 = EDGE_CURVE('',#15460,#15480,#15498,.T.);
#15498 = LINE('',#15499,#15500);
#15499 = CARTESIAN_POINT('',(195.072,-55.544,-4.6E-02));
#15500 = VECTOR('',#15501,1.);
#15501 = DIRECTION('',(0.,0.,1.));
#15502 = ORIENTED_EDGE('',*,*,#15479,.F.);
#15503 = ORIENTED_EDGE('',*,*,#15497,.F.);
#15504 = CYLINDRICAL_SURFACE('',#15505,0.4195);
#15505 = AXIS2_PLACEMENT_3D('',#15506,#15507,#15508);
#15506 = CARTESIAN_POINT('',(195.072,-55.1245,-4.6E-02));
#15507 = DIRECTION('',(-0.,-0.,-1.));
#15508 = DIRECTION('',(-0.,-1.,0.));
#15509 = MANIFOLD_SOLID_BREP('',#15510);
#15510 = CLOSED_SHELL('',(#15511,#15544,#15564,#15584));
#15511 = ADVANCED_FACE('',(#15512),#15539,.T.);
#15512 = FACE_BOUND('',#15513,.T.);
#15513 = EDGE_LOOP('',(#15514,#15524,#15531,#15532));
#15514 = ORIENTED_EDGE('',*,*,#15515,.T.);
#15515 = EDGE_CURVE('',#15516,#15518,#15520,.T.);
#15516 = VERTEX_POINT('',#15517);
#15517 = CARTESIAN_POINT('',(195.834,-55.1245,0.));
#15518 = VERTEX_POINT('',#15519);
#15519 = CARTESIAN_POINT('',(195.834,-55.1245,-4.E-02));
#15520 = LINE('',#15521,#15522);
#15521 = CARTESIAN_POINT('',(195.834,-55.1245,0.));
#15522 = VECTOR('',#15523,1.);
#15523 = DIRECTION('',(0.,0.,-1.));
#15524 = ORIENTED_EDGE('',*,*,#15525,.T.);
#15525 = EDGE_CURVE('',#15518,#15518,#15526,.T.);
#15526 = CIRCLE('',#15527,0.762);
#15527 = AXIS2_PLACEMENT_3D('',#15528,#15529,#15530);
#15528 = CARTESIAN_POINT('',(195.072,-55.1245,-4.E-02));
#15529 = DIRECTION('',(0.,0.,1.));
#15530 = DIRECTION('',(1.,0.,-0.));
#15531 = ORIENTED_EDGE('',*,*,#15515,.F.);
#15532 = ORIENTED_EDGE('',*,*,#15533,.F.);
#15533 = EDGE_CURVE('',#15516,#15516,#15534,.T.);
#15534 = CIRCLE('',#15535,0.762);
#15535 = AXIS2_PLACEMENT_3D('',#15536,#15537,#15538);
#15536 = CARTESIAN_POINT('',(195.072,-55.1245,0.));
#15537 = DIRECTION('',(0.,0.,1.));
#15538 = DIRECTION('',(1.,0.,-0.));
#15539 = CYLINDRICAL_SURFACE('',#15540,0.762);
#15540 = AXIS2_PLACEMENT_3D('',#15541,#15542,#15543);
#15541 = CARTESIAN_POINT('',(195.072,-55.1245,0.));
#15542 = DIRECTION('',(0.,0.,1.));
#15543 = DIRECTION('',(1.,0.,-0.));
#15544 = ADVANCED_FACE('',(#15545,#15548),#15559,.F.);
#15545 = FACE_BOUND('',#15546,.F.);
#15546 = EDGE_LOOP('',(#15547));
#15547 = ORIENTED_EDGE('',*,*,#15533,.F.);
#15548 = FACE_BOUND('',#15549,.F.);
#15549 = EDGE_LOOP('',(#15550));
#15550 = ORIENTED_EDGE('',*,*,#15551,.F.);
#15551 = EDGE_CURVE('',#15552,#15552,#15554,.T.);
#15552 = VERTEX_POINT('',#15553);
#15553 = CARTESIAN_POINT('',(195.072,-55.544,0.));
#15554 = CIRCLE('',#15555,0.4195);
#15555 = AXIS2_PLACEMENT_3D('',#15556,#15557,#15558);
#15556 = CARTESIAN_POINT('',(195.072,-55.1245,0.));
#15557 = DIRECTION('',(-0.,0.,-1.));
#15558 = DIRECTION('',(-0.,-1.,0.));
#15559 = PLANE('',#15560);
#15560 = AXIS2_PLACEMENT_3D('',#15561,#15562,#15563);
#15561 = CARTESIAN_POINT('',(0.,0.,0.));
#15562 = DIRECTION('',(-0.,-0.,-1.));
#15563 = DIRECTION('',(-1.,0.,0.));
#15564 = ADVANCED_FACE('',(#15565,#15568),#15579,.T.);
#15565 = FACE_BOUND('',#15566,.T.);
#15566 = EDGE_LOOP('',(#15567));
#15567 = ORIENTED_EDGE('',*,*,#15525,.F.);
#15568 = FACE_BOUND('',#15569,.T.);
#15569 = EDGE_LOOP('',(#15570));
#15570 = ORIENTED_EDGE('',*,*,#15571,.F.);
#15571 = EDGE_CURVE('',#15572,#15572,#15574,.T.);
#15572 = VERTEX_POINT('',#15573);
#15573 = CARTESIAN_POINT('',(195.072,-55.544,-4.E-02));
#15574 = CIRCLE('',#15575,0.4195);
#15575 = AXIS2_PLACEMENT_3D('',#15576,#15577,#15578);
#15576 = CARTESIAN_POINT('',(195.072,-55.1245,-4.E-02));
#15577 = DIRECTION('',(-0.,0.,-1.));
#15578 = DIRECTION('',(-0.,-1.,0.));
#15579 = PLANE('',#15580);
#15580 = AXIS2_PLACEMENT_3D('',#15581,#15582,#15583);
#15581 = CARTESIAN_POINT('',(0.,0.,-4.E-02));
#15582 = DIRECTION('',(-0.,-0.,-1.));
#15583 = DIRECTION('',(-1.,0.,0.));
#15584 = ADVANCED_FACE('',(#15585),#15596,.F.);
#15585 = FACE_BOUND('',#15586,.T.);
#15586 = EDGE_LOOP('',(#15587,#15588,#15594,#15595));
#15587 = ORIENTED_EDGE('',*,*,#15571,.T.);
#15588 = ORIENTED_EDGE('',*,*,#15589,.T.);
#15589 = EDGE_CURVE('',#15572,#15552,#15590,.T.);
#15590 = LINE('',#15591,#15592);
#15591 = CARTESIAN_POINT('',(195.072,-55.544,-4.6E-02));
#15592 = VECTOR('',#15593,1.);
#15593 = DIRECTION('',(0.,0.,1.));
#15594 = ORIENTED_EDGE('',*,*,#15551,.F.);
#15595 = ORIENTED_EDGE('',*,*,#15589,.F.);
#15596 = CYLINDRICAL_SURFACE('',#15597,0.4195);
#15597 = AXIS2_PLACEMENT_3D('',#15598,#15599,#15600);
#15598 = CARTESIAN_POINT('',(195.072,-55.1245,-4.6E-02));
#15599 = DIRECTION('',(-0.,-0.,-1.));
#15600 = DIRECTION('',(-0.,-1.,0.));
#15601 = MANIFOLD_SOLID_BREP('',#15602);
#15602 = CLOSED_SHELL('',(#15603,#15636,#15656,#15676));
#15603 = ADVANCED_FACE('',(#15604),#15631,.T.);
#15604 = FACE_BOUND('',#15605,.F.);
#15605 = EDGE_LOOP('',(#15606,#15616,#15623,#15624));
#15606 = ORIENTED_EDGE('',*,*,#15607,.T.);
#15607 = EDGE_CURVE('',#15608,#15610,#15612,.T.);
#15608 = VERTEX_POINT('',#15609);
#15609 = CARTESIAN_POINT('',(195.072,-55.569,-4.E-02));
#15610 = VERTEX_POINT('',#15611);
#15611 = CARTESIAN_POINT('',(195.072,-55.569,1.55));
#15612 = LINE('',#15613,#15614);
#15613 = CARTESIAN_POINT('',(195.072,-55.569,-4.E-02));
#15614 = VECTOR('',#15615,1.);
#15615 = DIRECTION('',(0.,0.,1.));
#15616 = ORIENTED_EDGE('',*,*,#15617,.T.);
#15617 = EDGE_CURVE('',#15610,#15610,#15618,.T.);
#15618 = CIRCLE('',#15619,0.4445);
#15619 = AXIS2_PLACEMENT_3D('',#15620,#15621,#15622);
#15620 = CARTESIAN_POINT('',(195.072,-55.1245,1.55));
#15621 = DIRECTION('',(0.,0.,1.));
#15622 = DIRECTION('',(-0.,-1.,0.));
#15623 = ORIENTED_EDGE('',*,*,#15607,.F.);
#15624 = ORIENTED_EDGE('',*,*,#15625,.F.);
#15625 = EDGE_CURVE('',#15608,#15608,#15626,.T.);
#15626 = CIRCLE('',#15627,0.4445);
#15627 = AXIS2_PLACEMENT_3D('',#15628,#15629,#15630);
#15628 = CARTESIAN_POINT('',(195.072,-55.1245,-4.E-02));
#15629 = DIRECTION('',(0.,0.,1.));
#15630 = DIRECTION('',(-0.,-1.,0.));
#15631 = CYLINDRICAL_SURFACE('',#15632,0.4445);
#15632 = AXIS2_PLACEMENT_3D('',#15633,#15634,#15635);
#15633 = CARTESIAN_POINT('',(195.072,-55.1245,-4.E-02));
#15634 = DIRECTION('',(-0.,-0.,-1.));
#15635 = DIRECTION('',(-0.,-1.,0.));
#15636 = ADVANCED_FACE('',(#15637,#15640),#15651,.F.);
#15637 = FACE_BOUND('',#15638,.F.);
#15638 = EDGE_LOOP('',(#15639));
#15639 = ORIENTED_EDGE('',*,*,#15625,.T.);
#15640 = FACE_BOUND('',#15641,.F.);
#15641 = EDGE_LOOP('',(#15642));
#15642 = ORIENTED_EDGE('',*,*,#15643,.T.);
#15643 = EDGE_CURVE('',#15644,#15644,#15646,.T.);
#15644 = VERTEX_POINT('',#15645);
#15645 = CARTESIAN_POINT('',(195.072,-55.544,-4.E-02));
#15646 = CIRCLE('',#15647,0.4195);
#15647 = AXIS2_PLACEMENT_3D('',#15648,#15649,#15650);
#15648 = CARTESIAN_POINT('',(195.072,-55.1245,-4.E-02));
#15649 = DIRECTION('',(-0.,0.,-1.));
#15650 = DIRECTION('',(-0.,-1.,0.));
#15651 = PLANE('',#15652);
#15652 = AXIS2_PLACEMENT_3D('',#15653,#15654,#15655);
#15653 = CARTESIAN_POINT('',(195.072,-55.569,-4.E-02));
#15654 = DIRECTION('',(0.,0.,1.));
#15655 = DIRECTION('',(1.,0.,-0.));
#15656 = ADVANCED_FACE('',(#15657,#15660),#15671,.T.);
#15657 = FACE_BOUND('',#15658,.T.);
#15658 = EDGE_LOOP('',(#15659));
#15659 = ORIENTED_EDGE('',*,*,#15617,.T.);
#15660 = FACE_BOUND('',#15661,.T.);
#15661 = EDGE_LOOP('',(#15662));
#15662 = ORIENTED_EDGE('',*,*,#15663,.T.);
#15663 = EDGE_CURVE('',#15664,#15664,#15666,.T.);
#15664 = VERTEX_POINT('',#15665);
#15665 = CARTESIAN_POINT('',(195.072,-55.544,1.55));
#15666 = CIRCLE('',#15667,0.4195);
#15667 = AXIS2_PLACEMENT_3D('',#15668,#15669,#15670);
#15668 = CARTESIAN_POINT('',(195.072,-55.1245,1.55));
#15669 = DIRECTION('',(-0.,0.,-1.));
#15670 = DIRECTION('',(-0.,-1.,0.));
#15671 = PLANE('',#15672);
#15672 = AXIS2_PLACEMENT_3D('',#15673,#15674,#15675);
#15673 = CARTESIAN_POINT('',(195.072,-55.569,1.55));
#15674 = DIRECTION('',(0.,0.,1.));
#15675 = DIRECTION('',(1.,0.,-0.));
#15676 = ADVANCED_FACE('',(#15677),#15688,.F.);
#15677 = FACE_BOUND('',#15678,.T.);
#15678 = EDGE_LOOP('',(#15679,#15680,#15686,#15687));
#15679 = ORIENTED_EDGE('',*,*,#15643,.T.);
#15680 = ORIENTED_EDGE('',*,*,#15681,.T.);
#15681 = EDGE_CURVE('',#15644,#15664,#15682,.T.);
#15682 = LINE('',#15683,#15684);
#15683 = CARTESIAN_POINT('',(195.072,-55.544,-4.6E-02));
#15684 = VECTOR('',#15685,1.);
#15685 = DIRECTION('',(0.,0.,1.));
#15686 = ORIENTED_EDGE('',*,*,#15663,.F.);
#15687 = ORIENTED_EDGE('',*,*,#15681,.F.);
#15688 = CYLINDRICAL_SURFACE('',#15689,0.4195);
#15689 = AXIS2_PLACEMENT_3D('',#15690,#15691,#15692);
#15690 = CARTESIAN_POINT('',(195.072,-55.1245,-4.6E-02));
#15691 = DIRECTION('',(-0.,-0.,-1.));
#15692 = DIRECTION('',(-0.,-1.,0.));
#15693 = MANIFOLD_SOLID_BREP('',#15694);
#15694 = CLOSED_SHELL('',(#15695,#15737,#15768,#15799,#15877,#15955,
    #15972,#15989,#16006,#16023,#16040,#16057,#16074));
#15695 = ADVANCED_FACE('',(#15696),#15732,.T.);
#15696 = FACE_BOUND('',#15697,.T.);
#15697 = EDGE_LOOP('',(#15698,#15708,#15717,#15725));
#15698 = ORIENTED_EDGE('',*,*,#15699,.T.);
#15699 = EDGE_CURVE('',#15700,#15702,#15704,.T.);
#15700 = VERTEX_POINT('',#15701);
#15701 = CARTESIAN_POINT('',(193.021,-57.0549,1.51));
#15702 = VERTEX_POINT('',#15703);
#15703 = CARTESIAN_POINT('',(193.021,-57.0549,1.55));
#15704 = LINE('',#15705,#15706);
#15705 = CARTESIAN_POINT('',(193.021,-57.0549,1.51));
#15706 = VECTOR('',#15707,1.);
#15707 = DIRECTION('',(0.,0.,1.));
#15708 = ORIENTED_EDGE('',*,*,#15709,.T.);
#15709 = EDGE_CURVE('',#15702,#15710,#15712,.T.);
#15710 = VERTEX_POINT('',#15711);
#15711 = CARTESIAN_POINT('',(193.1734,-56.9025,1.55));
#15712 = CIRCLE('',#15713,0.152400250784);
#15713 = AXIS2_PLACEMENT_3D('',#15714,#15715,#15716);
#15714 = CARTESIAN_POINT('',(193.17340025078,-57.05490025078,1.55));
#15715 = DIRECTION('',(0.,0.,-1.));
#15716 = DIRECTION('',(-0.999999999999,1.645562749126E-06,0.));
#15717 = ORIENTED_EDGE('',*,*,#15718,.F.);
#15718 = EDGE_CURVE('',#15719,#15710,#15721,.T.);
#15719 = VERTEX_POINT('',#15720);
#15720 = CARTESIAN_POINT('',(193.1734,-56.9025,1.51));
#15721 = LINE('',#15722,#15723);
#15722 = CARTESIAN_POINT('',(193.1734,-56.9025,1.51));
#15723 = VECTOR('',#15724,1.);
#15724 = DIRECTION('',(0.,0.,1.));
#15725 = ORIENTED_EDGE('',*,*,#15726,.F.);
#15726 = EDGE_CURVE('',#15700,#15719,#15727,.T.);
#15727 = CIRCLE('',#15728,0.152400250784);
#15728 = AXIS2_PLACEMENT_3D('',#15729,#15730,#15731);
#15729 = CARTESIAN_POINT('',(193.17340025078,-57.05490025078,1.51));
#15730 = DIRECTION('',(0.,0.,-1.));
#15731 = DIRECTION('',(-0.999999999999,1.645562749126E-06,0.));
#15732 = CYLINDRICAL_SURFACE('',#15733,0.152400250784);
#15733 = AXIS2_PLACEMENT_3D('',#15734,#15735,#15736);
#15734 = CARTESIAN_POINT('',(193.17340025078,-57.05490025078,1.51));
#15735 = DIRECTION('',(0.,0.,-1.));
#15736 = DIRECTION('',(-0.999999999999,1.645562749126E-06,0.));
#15737 = ADVANCED_FACE('',(#15738),#15763,.T.);
#15738 = FACE_BOUND('',#15739,.T.);
#15739 = EDGE_LOOP('',(#15740,#15750,#15756,#15757));
#15740 = ORIENTED_EDGE('',*,*,#15741,.T.);
#15741 = EDGE_CURVE('',#15742,#15744,#15746,.T.);
#15742 = VERTEX_POINT('',#15743);
#15743 = CARTESIAN_POINT('',(193.021,-58.2741,1.51));
#15744 = VERTEX_POINT('',#15745);
#15745 = CARTESIAN_POINT('',(193.021,-58.2741,1.55));
#15746 = LINE('',#15747,#15748);
#15747 = CARTESIAN_POINT('',(193.021,-58.2741,1.51));
#15748 = VECTOR('',#15749,1.);
#15749 = DIRECTION('',(0.,0.,1.));
#15750 = ORIENTED_EDGE('',*,*,#15751,.T.);
#15751 = EDGE_CURVE('',#15744,#15702,#15752,.T.);
#15752 = LINE('',#15753,#15754);
#15753 = CARTESIAN_POINT('',(193.021,-58.2741,1.55));
#15754 = VECTOR('',#15755,1.);
#15755 = DIRECTION('',(0.,1.,0.));
#15756 = ORIENTED_EDGE('',*,*,#15699,.F.);
#15757 = ORIENTED_EDGE('',*,*,#15758,.F.);
#15758 = EDGE_CURVE('',#15742,#15700,#15759,.T.);
#15759 = LINE('',#15760,#15761);
#15760 = CARTESIAN_POINT('',(193.021,-58.2741,1.51));
#15761 = VECTOR('',#15762,1.);
#15762 = DIRECTION('',(0.,1.,0.));
#15763 = PLANE('',#15764);
#15764 = AXIS2_PLACEMENT_3D('',#15765,#15766,#15767);
#15765 = CARTESIAN_POINT('',(193.021,-58.2741,1.51));
#15766 = DIRECTION('',(-1.,0.,0.));
#15767 = DIRECTION('',(0.,1.,0.));
#15768 = ADVANCED_FACE('',(#15769),#15794,.T.);
#15769 = FACE_BOUND('',#15770,.T.);
#15770 = EDGE_LOOP('',(#15771,#15772,#15780,#15788));
#15771 = ORIENTED_EDGE('',*,*,#15718,.T.);
#15772 = ORIENTED_EDGE('',*,*,#15773,.T.);
#15773 = EDGE_CURVE('',#15710,#15774,#15776,.T.);
#15774 = VERTEX_POINT('',#15775);
#15775 = CARTESIAN_POINT('',(195.3006,-56.9025,1.55));
#15776 = LINE('',#15777,#15778);
#15777 = CARTESIAN_POINT('',(193.1734,-56.9025,1.55));
#15778 = VECTOR('',#15779,1.);
#15779 = DIRECTION('',(1.,0.,0.));
#15780 = ORIENTED_EDGE('',*,*,#15781,.F.);
#15781 = EDGE_CURVE('',#15782,#15774,#15784,.T.);
#15782 = VERTEX_POINT('',#15783);
#15783 = CARTESIAN_POINT('',(195.3006,-56.9025,1.51));
#15784 = LINE('',#15785,#15786);
#15785 = CARTESIAN_POINT('',(195.3006,-56.9025,1.51));
#15786 = VECTOR('',#15787,1.);
#15787 = DIRECTION('',(0.,0.,1.));
#15788 = ORIENTED_EDGE('',*,*,#15789,.F.);
#15789 = EDGE_CURVE('',#15719,#15782,#15790,.T.);
#15790 = LINE('',#15791,#15792);
#15791 = CARTESIAN_POINT('',(193.1734,-56.9025,1.51));
#15792 = VECTOR('',#15793,1.);
#15793 = DIRECTION('',(1.,0.,0.));
#15794 = PLANE('',#15795);
#15795 = AXIS2_PLACEMENT_3D('',#15796,#15797,#15798);
#15796 = CARTESIAN_POINT('',(193.1734,-56.9025,1.51));
#15797 = DIRECTION('',(0.,1.,0.));
#15798 = DIRECTION('',(1.,0.,0.));
#15799 = ADVANCED_FACE('',(#15800),#15872,.F.);
#15800 = FACE_BOUND('',#15801,.F.);
#15801 = EDGE_LOOP('',(#15802,#15803,#15804,#15813,#15821,#15830,#15838,
    #15847,#15856,#15864,#15871));
#15802 = ORIENTED_EDGE('',*,*,#15726,.F.);
#15803 = ORIENTED_EDGE('',*,*,#15758,.F.);
#15804 = ORIENTED_EDGE('',*,*,#15805,.F.);
#15805 = EDGE_CURVE('',#15806,#15742,#15808,.T.);
#15806 = VERTEX_POINT('',#15807);
#15807 = CARTESIAN_POINT('',(193.1734,-58.4265,1.51));
#15808 = CIRCLE('',#15809,0.152400250784);
#15809 = AXIS2_PLACEMENT_3D('',#15810,#15811,#15812);
#15810 = CARTESIAN_POINT('',(193.17340025078,-58.27409974921,1.51));
#15811 = DIRECTION('',(0.,0.,-1.));
#15812 = DIRECTION('',(-1.64556279575E-06,-0.999999999999,-0.));
#15813 = ORIENTED_EDGE('',*,*,#15814,.F.);
#15814 = EDGE_CURVE('',#15815,#15806,#15817,.T.);
#15815 = VERTEX_POINT('',#15816);
#15816 = CARTESIAN_POINT('',(195.3006,-58.4265,1.51));
#15817 = LINE('',#15818,#15819);
#15818 = CARTESIAN_POINT('',(195.3006,-58.4265,1.51));
#15819 = VECTOR('',#15820,1.);
#15820 = DIRECTION('',(-1.,0.,0.));
#15821 = ORIENTED_EDGE('',*,*,#15822,.F.);
#15822 = EDGE_CURVE('',#15823,#15815,#15825,.T.);
#15823 = VERTEX_POINT('',#15824);
#15824 = CARTESIAN_POINT('',(195.453,-58.2741,1.51));
#15825 = CIRCLE('',#15826,0.152400250784);
#15826 = AXIS2_PLACEMENT_3D('',#15827,#15828,#15829);
#15827 = CARTESIAN_POINT('',(195.30059974921,-58.27409974921,1.51));
#15828 = DIRECTION('',(0.,0.,-1.));
#15829 = DIRECTION('',(0.999999999999,-1.645562329516E-06,0.));
#15830 = ORIENTED_EDGE('',*,*,#15831,.F.);
#15831 = EDGE_CURVE('',#15832,#15823,#15834,.T.);
#15832 = VERTEX_POINT('',#15833);
#15833 = CARTESIAN_POINT('',(195.453,-57.84005412273,1.51));
#15834 = LINE('',#15835,#15836);
#15835 = CARTESIAN_POINT('',(195.453,-57.0549,1.51));
#15836 = VECTOR('',#15837,1.);
#15837 = DIRECTION('',(0.,-1.,0.));
#15838 = ORIENTED_EDGE('',*,*,#15839,.T.);
#15839 = EDGE_CURVE('',#15832,#15840,#15842,.T.);
#15840 = VERTEX_POINT('',#15841);
#15841 = CARTESIAN_POINT('',(195.072,-58.084,1.51));
#15842 = CIRCLE('',#15843,0.4195);
#15843 = AXIS2_PLACEMENT_3D('',#15844,#15845,#15846);
#15844 = CARTESIAN_POINT('',(195.072,-57.6645,1.51));
#15845 = DIRECTION('',(-0.,0.,-1.));
#15846 = DIRECTION('',(-0.,-1.,0.));
#15847 = ORIENTED_EDGE('',*,*,#15848,.T.);
#15848 = EDGE_CURVE('',#15840,#15849,#15851,.T.);
#15849 = VERTEX_POINT('',#15850);
#15850 = CARTESIAN_POINT('',(195.453,-57.48894587726,1.51));
#15851 = CIRCLE('',#15852,0.4195);
#15852 = AXIS2_PLACEMENT_3D('',#15853,#15854,#15855);
#15853 = CARTESIAN_POINT('',(195.072,-57.6645,1.51));
#15854 = DIRECTION('',(-0.,0.,-1.));
#15855 = DIRECTION('',(-0.,-1.,0.));
#15856 = ORIENTED_EDGE('',*,*,#15857,.F.);
#15857 = EDGE_CURVE('',#15858,#15849,#15860,.T.);
#15858 = VERTEX_POINT('',#15859);
#15859 = CARTESIAN_POINT('',(195.453,-57.0549,1.51));
#15860 = LINE('',#15861,#15862);
#15861 = CARTESIAN_POINT('',(195.453,-57.0549,1.51));
#15862 = VECTOR('',#15863,1.);
#15863 = DIRECTION('',(0.,-1.,0.));
#15864 = ORIENTED_EDGE('',*,*,#15865,.F.);
#15865 = EDGE_CURVE('',#15782,#15858,#15866,.T.);
#15866 = CIRCLE('',#15867,0.152400250784);
#15867 = AXIS2_PLACEMENT_3D('',#15868,#15869,#15870);
#15868 = CARTESIAN_POINT('',(195.30059974921,-57.05490025078,1.51));
#15869 = DIRECTION('',(0.,0.,-1.));
#15870 = DIRECTION('',(1.645562236269E-06,0.999999999999,0.));
#15871 = ORIENTED_EDGE('',*,*,#15789,.F.);
#15872 = PLANE('',#15873);
#15873 = AXIS2_PLACEMENT_3D('',#15874,#15875,#15876);
#15874 = CARTESIAN_POINT('',(0.,0.,1.51));
#15875 = DIRECTION('',(0.,0.,1.));
#15876 = DIRECTION('',(1.,0.,-0.));
#15877 = ADVANCED_FACE('',(#15878),#15950,.T.);
#15878 = FACE_BOUND('',#15879,.T.);
#15879 = EDGE_LOOP('',(#15880,#15881,#15882,#15891,#15899,#15908,#15916,
    #15925,#15934,#15942,#15949));
#15880 = ORIENTED_EDGE('',*,*,#15709,.F.);
#15881 = ORIENTED_EDGE('',*,*,#15751,.F.);
#15882 = ORIENTED_EDGE('',*,*,#15883,.F.);
#15883 = EDGE_CURVE('',#15884,#15744,#15886,.T.);
#15884 = VERTEX_POINT('',#15885);
#15885 = CARTESIAN_POINT('',(193.1734,-58.4265,1.55));
#15886 = CIRCLE('',#15887,0.152400250784);
#15887 = AXIS2_PLACEMENT_3D('',#15888,#15889,#15890);
#15888 = CARTESIAN_POINT('',(193.17340025078,-58.27409974921,1.55));
#15889 = DIRECTION('',(0.,0.,-1.));
#15890 = DIRECTION('',(-1.64556279575E-06,-0.999999999999,-0.));
#15891 = ORIENTED_EDGE('',*,*,#15892,.F.);
#15892 = EDGE_CURVE('',#15893,#15884,#15895,.T.);
#15893 = VERTEX_POINT('',#15894);
#15894 = CARTESIAN_POINT('',(195.3006,-58.4265,1.55));
#15895 = LINE('',#15896,#15897);
#15896 = CARTESIAN_POINT('',(195.3006,-58.4265,1.55));
#15897 = VECTOR('',#15898,1.);
#15898 = DIRECTION('',(-1.,0.,0.));
#15899 = ORIENTED_EDGE('',*,*,#15900,.F.);
#15900 = EDGE_CURVE('',#15901,#15893,#15903,.T.);
#15901 = VERTEX_POINT('',#15902);
#15902 = CARTESIAN_POINT('',(195.453,-58.2741,1.55));
#15903 = CIRCLE('',#15904,0.152400250784);
#15904 = AXIS2_PLACEMENT_3D('',#15905,#15906,#15907);
#15905 = CARTESIAN_POINT('',(195.30059974921,-58.27409974921,1.55));
#15906 = DIRECTION('',(0.,0.,-1.));
#15907 = DIRECTION('',(0.999999999999,-1.645562329516E-06,0.));
#15908 = ORIENTED_EDGE('',*,*,#15909,.F.);
#15909 = EDGE_CURVE('',#15910,#15901,#15912,.T.);
#15910 = VERTEX_POINT('',#15911);
#15911 = CARTESIAN_POINT('',(195.453,-57.84005412273,1.55));
#15912 = LINE('',#15913,#15914);
#15913 = CARTESIAN_POINT('',(195.453,-57.0549,1.55));
#15914 = VECTOR('',#15915,1.);
#15915 = DIRECTION('',(0.,-1.,0.));
#15916 = ORIENTED_EDGE('',*,*,#15917,.T.);
#15917 = EDGE_CURVE('',#15910,#15918,#15920,.T.);
#15918 = VERTEX_POINT('',#15919);
#15919 = CARTESIAN_POINT('',(195.072,-58.084,1.55));
#15920 = CIRCLE('',#15921,0.4195);
#15921 = AXIS2_PLACEMENT_3D('',#15922,#15923,#15924);
#15922 = CARTESIAN_POINT('',(195.072,-57.6645,1.55));
#15923 = DIRECTION('',(-0.,0.,-1.));
#15924 = DIRECTION('',(-0.,-1.,0.));
#15925 = ORIENTED_EDGE('',*,*,#15926,.T.);
#15926 = EDGE_CURVE('',#15918,#15927,#15929,.T.);
#15927 = VERTEX_POINT('',#15928);
#15928 = CARTESIAN_POINT('',(195.453,-57.48894587726,1.55));
#15929 = CIRCLE('',#15930,0.4195);
#15930 = AXIS2_PLACEMENT_3D('',#15931,#15932,#15933);
#15931 = CARTESIAN_POINT('',(195.072,-57.6645,1.55));
#15932 = DIRECTION('',(-0.,0.,-1.));
#15933 = DIRECTION('',(-0.,-1.,0.));
#15934 = ORIENTED_EDGE('',*,*,#15935,.F.);
#15935 = EDGE_CURVE('',#15936,#15927,#15938,.T.);
#15936 = VERTEX_POINT('',#15937);
#15937 = CARTESIAN_POINT('',(195.453,-57.0549,1.55));
#15938 = LINE('',#15939,#15940);
#15939 = CARTESIAN_POINT('',(195.453,-57.0549,1.55));
#15940 = VECTOR('',#15941,1.);
#15941 = DIRECTION('',(0.,-1.,0.));
#15942 = ORIENTED_EDGE('',*,*,#15943,.F.);
#15943 = EDGE_CURVE('',#15774,#15936,#15944,.T.);
#15944 = CIRCLE('',#15945,0.152400250784);
#15945 = AXIS2_PLACEMENT_3D('',#15946,#15947,#15948);
#15946 = CARTESIAN_POINT('',(195.30059974921,-57.05490025078,1.55));
#15947 = DIRECTION('',(0.,0.,-1.));
#15948 = DIRECTION('',(1.645562236269E-06,0.999999999999,0.));
#15949 = ORIENTED_EDGE('',*,*,#15773,.F.);
#15950 = PLANE('',#15951);
#15951 = AXIS2_PLACEMENT_3D('',#15952,#15953,#15954);
#15952 = CARTESIAN_POINT('',(0.,0.,1.55));
#15953 = DIRECTION('',(0.,0.,1.));
#15954 = DIRECTION('',(1.,0.,-0.));
#15955 = ADVANCED_FACE('',(#15956),#15967,.T.);
#15956 = FACE_BOUND('',#15957,.T.);
#15957 = EDGE_LOOP('',(#15958,#15964,#15965,#15966));
#15958 = ORIENTED_EDGE('',*,*,#15959,.T.);
#15959 = EDGE_CURVE('',#15806,#15884,#15960,.T.);
#15960 = LINE('',#15961,#15962);
#15961 = CARTESIAN_POINT('',(193.1734,-58.4265,1.51));
#15962 = VECTOR('',#15963,1.);
#15963 = DIRECTION('',(0.,0.,1.));
#15964 = ORIENTED_EDGE('',*,*,#15883,.T.);
#15965 = ORIENTED_EDGE('',*,*,#15741,.F.);
#15966 = ORIENTED_EDGE('',*,*,#15805,.F.);
#15967 = CYLINDRICAL_SURFACE('',#15968,0.152400250784);
#15968 = AXIS2_PLACEMENT_3D('',#15969,#15970,#15971);
#15969 = CARTESIAN_POINT('',(193.17340025078,-58.27409974921,1.51));
#15970 = DIRECTION('',(0.,0.,-1.));
#15971 = DIRECTION('',(-1.64556279575E-06,-0.999999999999,-0.));
#15972 = ADVANCED_FACE('',(#15973),#15984,.T.);
#15973 = FACE_BOUND('',#15974,.T.);
#15974 = EDGE_LOOP('',(#15975,#15976,#15977,#15983));
#15975 = ORIENTED_EDGE('',*,*,#15781,.T.);
#15976 = ORIENTED_EDGE('',*,*,#15943,.T.);
#15977 = ORIENTED_EDGE('',*,*,#15978,.F.);
#15978 = EDGE_CURVE('',#15858,#15936,#15979,.T.);
#15979 = LINE('',#15980,#15981);
#15980 = CARTESIAN_POINT('',(195.453,-57.0549,1.51));
#15981 = VECTOR('',#15982,1.);
#15982 = DIRECTION('',(0.,0.,1.));
#15983 = ORIENTED_EDGE('',*,*,#15865,.F.);
#15984 = CYLINDRICAL_SURFACE('',#15985,0.152400250784);
#15985 = AXIS2_PLACEMENT_3D('',#15986,#15987,#15988);
#15986 = CARTESIAN_POINT('',(195.30059974921,-57.05490025078,1.51));
#15987 = DIRECTION('',(0.,0.,-1.));
#15988 = DIRECTION('',(1.645562236269E-06,0.999999999999,0.));
#15989 = ADVANCED_FACE('',(#15990),#16001,.T.);
#15990 = FACE_BOUND('',#15991,.T.);
#15991 = EDGE_LOOP('',(#15992,#15993,#15994,#15995));
#15992 = ORIENTED_EDGE('',*,*,#15857,.F.);
#15993 = ORIENTED_EDGE('',*,*,#15978,.T.);
#15994 = ORIENTED_EDGE('',*,*,#15935,.T.);
#15995 = ORIENTED_EDGE('',*,*,#15996,.T.);
#15996 = EDGE_CURVE('',#15927,#15849,#15997,.T.);
#15997 = LINE('',#15998,#15999);
#15998 = CARTESIAN_POINT('',(195.453,-57.48894587729,-4.6E-02));
#15999 = VECTOR('',#16000,1.);
#16000 = DIRECTION('',(-0.,-0.,-1.));
#16001 = PLANE('',#16002);
#16002 = AXIS2_PLACEMENT_3D('',#16003,#16004,#16005);
#16003 = CARTESIAN_POINT('',(195.453,-57.0549,1.51));
#16004 = DIRECTION('',(1.,0.,-0.));
#16005 = DIRECTION('',(0.,-1.,0.));
#16006 = ADVANCED_FACE('',(#16007),#16018,.F.);
#16007 = FACE_BOUND('',#16008,.T.);
#16008 = EDGE_LOOP('',(#16009,#16015,#16016,#16017));
#16009 = ORIENTED_EDGE('',*,*,#16010,.F.);
#16010 = EDGE_CURVE('',#15840,#15918,#16011,.T.);
#16011 = LINE('',#16012,#16013);
#16012 = CARTESIAN_POINT('',(195.072,-58.084,-4.6E-02));
#16013 = VECTOR('',#16014,1.);
#16014 = DIRECTION('',(0.,0.,1.));
#16015 = ORIENTED_EDGE('',*,*,#15848,.T.);
#16016 = ORIENTED_EDGE('',*,*,#15996,.F.);
#16017 = ORIENTED_EDGE('',*,*,#15926,.F.);
#16018 = CYLINDRICAL_SURFACE('',#16019,0.4195);
#16019 = AXIS2_PLACEMENT_3D('',#16020,#16021,#16022);
#16020 = CARTESIAN_POINT('',(195.072,-57.6645,-4.6E-02));
#16021 = DIRECTION('',(-0.,-0.,-1.));
#16022 = DIRECTION('',(-0.,-1.,0.));
#16023 = ADVANCED_FACE('',(#16024),#16035,.F.);
#16024 = FACE_BOUND('',#16025,.T.);
#16025 = EDGE_LOOP('',(#16026,#16027,#16028,#16029));
#16026 = ORIENTED_EDGE('',*,*,#15839,.T.);
#16027 = ORIENTED_EDGE('',*,*,#16010,.T.);
#16028 = ORIENTED_EDGE('',*,*,#15917,.F.);
#16029 = ORIENTED_EDGE('',*,*,#16030,.T.);
#16030 = EDGE_CURVE('',#15910,#15832,#16031,.T.);
#16031 = LINE('',#16032,#16033);
#16032 = CARTESIAN_POINT('',(195.453,-57.8400541227,-4.6E-02));
#16033 = VECTOR('',#16034,1.);
#16034 = DIRECTION('',(-0.,-0.,-1.));
#16035 = CYLINDRICAL_SURFACE('',#16036,0.4195);
#16036 = AXIS2_PLACEMENT_3D('',#16037,#16038,#16039);
#16037 = CARTESIAN_POINT('',(195.072,-57.6645,-4.6E-02));
#16038 = DIRECTION('',(-0.,-0.,-1.));
#16039 = DIRECTION('',(-0.,-1.,0.));
#16040 = ADVANCED_FACE('',(#16041),#16052,.T.);
#16041 = FACE_BOUND('',#16042,.T.);
#16042 = EDGE_LOOP('',(#16043,#16044,#16045,#16046));
#16043 = ORIENTED_EDGE('',*,*,#15831,.F.);
#16044 = ORIENTED_EDGE('',*,*,#16030,.F.);
#16045 = ORIENTED_EDGE('',*,*,#15909,.T.);
#16046 = ORIENTED_EDGE('',*,*,#16047,.F.);
#16047 = EDGE_CURVE('',#15823,#15901,#16048,.T.);
#16048 = LINE('',#16049,#16050);
#16049 = CARTESIAN_POINT('',(195.453,-58.2741,1.51));
#16050 = VECTOR('',#16051,1.);
#16051 = DIRECTION('',(0.,0.,1.));
#16052 = PLANE('',#16053);
#16053 = AXIS2_PLACEMENT_3D('',#16054,#16055,#16056);
#16054 = CARTESIAN_POINT('',(195.453,-57.0549,1.51));
#16055 = DIRECTION('',(1.,0.,-0.));
#16056 = DIRECTION('',(0.,-1.,0.));
#16057 = ADVANCED_FACE('',(#16058),#16069,.T.);
#16058 = FACE_BOUND('',#16059,.T.);
#16059 = EDGE_LOOP('',(#16060,#16061,#16062,#16068));
#16060 = ORIENTED_EDGE('',*,*,#16047,.T.);
#16061 = ORIENTED_EDGE('',*,*,#15900,.T.);
#16062 = ORIENTED_EDGE('',*,*,#16063,.F.);
#16063 = EDGE_CURVE('',#15815,#15893,#16064,.T.);
#16064 = LINE('',#16065,#16066);
#16065 = CARTESIAN_POINT('',(195.3006,-58.4265,1.51));
#16066 = VECTOR('',#16067,1.);
#16067 = DIRECTION('',(0.,0.,1.));
#16068 = ORIENTED_EDGE('',*,*,#15822,.F.);
#16069 = CYLINDRICAL_SURFACE('',#16070,0.152400250784);
#16070 = AXIS2_PLACEMENT_3D('',#16071,#16072,#16073);
#16071 = CARTESIAN_POINT('',(195.30059974921,-58.27409974921,1.51));
#16072 = DIRECTION('',(0.,0.,-1.));
#16073 = DIRECTION('',(0.999999999999,-1.645562329516E-06,0.));
#16074 = ADVANCED_FACE('',(#16075),#16081,.T.);
#16075 = FACE_BOUND('',#16076,.T.);
#16076 = EDGE_LOOP('',(#16077,#16078,#16079,#16080));
#16077 = ORIENTED_EDGE('',*,*,#16063,.T.);
#16078 = ORIENTED_EDGE('',*,*,#15892,.T.);
#16079 = ORIENTED_EDGE('',*,*,#15959,.F.);
#16080 = ORIENTED_EDGE('',*,*,#15814,.F.);
#16081 = PLANE('',#16082);
#16082 = AXIS2_PLACEMENT_3D('',#16083,#16084,#16085);
#16083 = CARTESIAN_POINT('',(195.3006,-58.4265,1.51));
#16084 = DIRECTION('',(0.,-1.,0.));
#16085 = DIRECTION('',(-1.,0.,0.));
#16086 = MANIFOLD_SOLID_BREP('',#16087);
#16087 = CLOSED_SHELL('',(#16088,#16121,#16141,#16161));
#16088 = ADVANCED_FACE('',(#16089),#16116,.T.);
#16089 = FACE_BOUND('',#16090,.F.);
#16090 = EDGE_LOOP('',(#16091,#16101,#16108,#16109));
#16091 = ORIENTED_EDGE('',*,*,#16092,.T.);
#16092 = EDGE_CURVE('',#16093,#16095,#16097,.T.);
#16093 = VERTEX_POINT('',#16094);
#16094 = CARTESIAN_POINT('',(195.834,-57.6645,1.51));
#16095 = VERTEX_POINT('',#16096);
#16096 = CARTESIAN_POINT('',(195.834,-57.6645,1.55));
#16097 = LINE('',#16098,#16099);
#16098 = CARTESIAN_POINT('',(195.834,-57.6645,1.51));
#16099 = VECTOR('',#16100,1.);
#16100 = DIRECTION('',(0.,0.,1.));
#16101 = ORIENTED_EDGE('',*,*,#16102,.T.);
#16102 = EDGE_CURVE('',#16095,#16095,#16103,.T.);
#16103 = CIRCLE('',#16104,0.762);
#16104 = AXIS2_PLACEMENT_3D('',#16105,#16106,#16107);
#16105 = CARTESIAN_POINT('',(195.072,-57.6645,1.55));
#16106 = DIRECTION('',(0.,0.,1.));
#16107 = DIRECTION('',(1.,0.,-0.));
#16108 = ORIENTED_EDGE('',*,*,#16092,.F.);
#16109 = ORIENTED_EDGE('',*,*,#16110,.F.);
#16110 = EDGE_CURVE('',#16093,#16093,#16111,.T.);
#16111 = CIRCLE('',#16112,0.762);
#16112 = AXIS2_PLACEMENT_3D('',#16113,#16114,#16115);
#16113 = CARTESIAN_POINT('',(195.072,-57.6645,1.51));
#16114 = DIRECTION('',(0.,0.,1.));
#16115 = DIRECTION('',(1.,0.,-0.));
#16116 = CYLINDRICAL_SURFACE('',#16117,0.762);
#16117 = AXIS2_PLACEMENT_3D('',#16118,#16119,#16120);
#16118 = CARTESIAN_POINT('',(195.072,-57.6645,1.51));
#16119 = DIRECTION('',(-0.,-0.,-1.));
#16120 = DIRECTION('',(1.,0.,-0.));
#16121 = ADVANCED_FACE('',(#16122,#16125),#16136,.F.);
#16122 = FACE_BOUND('',#16123,.F.);
#16123 = EDGE_LOOP('',(#16124));
#16124 = ORIENTED_EDGE('',*,*,#16110,.T.);
#16125 = FACE_BOUND('',#16126,.F.);
#16126 = EDGE_LOOP('',(#16127));
#16127 = ORIENTED_EDGE('',*,*,#16128,.T.);
#16128 = EDGE_CURVE('',#16129,#16129,#16131,.T.);
#16129 = VERTEX_POINT('',#16130);
#16130 = CARTESIAN_POINT('',(195.072,-58.084,1.51));
#16131 = CIRCLE('',#16132,0.4195);
#16132 = AXIS2_PLACEMENT_3D('',#16133,#16134,#16135);
#16133 = CARTESIAN_POINT('',(195.072,-57.6645,1.51));
#16134 = DIRECTION('',(-0.,0.,-1.));
#16135 = DIRECTION('',(-0.,-1.,0.));
#16136 = PLANE('',#16137);
#16137 = AXIS2_PLACEMENT_3D('',#16138,#16139,#16140);
#16138 = CARTESIAN_POINT('',(0.,0.,1.51));
#16139 = DIRECTION('',(0.,0.,1.));
#16140 = DIRECTION('',(1.,0.,-0.));
#16141 = ADVANCED_FACE('',(#16142,#16145),#16156,.T.);
#16142 = FACE_BOUND('',#16143,.T.);
#16143 = EDGE_LOOP('',(#16144));
#16144 = ORIENTED_EDGE('',*,*,#16102,.T.);
#16145 = FACE_BOUND('',#16146,.T.);
#16146 = EDGE_LOOP('',(#16147));
#16147 = ORIENTED_EDGE('',*,*,#16148,.T.);
#16148 = EDGE_CURVE('',#16149,#16149,#16151,.T.);
#16149 = VERTEX_POINT('',#16150);
#16150 = CARTESIAN_POINT('',(195.072,-58.084,1.55));
#16151 = CIRCLE('',#16152,0.4195);
#16152 = AXIS2_PLACEMENT_3D('',#16153,#16154,#16155);
#16153 = CARTESIAN_POINT('',(195.072,-57.6645,1.55));
#16154 = DIRECTION('',(-0.,0.,-1.));
#16155 = DIRECTION('',(-0.,-1.,0.));
#16156 = PLANE('',#16157);
#16157 = AXIS2_PLACEMENT_3D('',#16158,#16159,#16160);
#16158 = CARTESIAN_POINT('',(0.,0.,1.55));
#16159 = DIRECTION('',(0.,0.,1.));
#16160 = DIRECTION('',(1.,0.,-0.));
#16161 = ADVANCED_FACE('',(#16162),#16173,.F.);
#16162 = FACE_BOUND('',#16163,.T.);
#16163 = EDGE_LOOP('',(#16164,#16165,#16171,#16172));
#16164 = ORIENTED_EDGE('',*,*,#16128,.T.);
#16165 = ORIENTED_EDGE('',*,*,#16166,.T.);
#16166 = EDGE_CURVE('',#16129,#16149,#16167,.T.);
#16167 = LINE('',#16168,#16169);
#16168 = CARTESIAN_POINT('',(195.072,-58.084,-4.6E-02));
#16169 = VECTOR('',#16170,1.);
#16170 = DIRECTION('',(0.,0.,1.));
#16171 = ORIENTED_EDGE('',*,*,#16148,.F.);
#16172 = ORIENTED_EDGE('',*,*,#16166,.F.);
#16173 = CYLINDRICAL_SURFACE('',#16174,0.4195);
#16174 = AXIS2_PLACEMENT_3D('',#16175,#16176,#16177);
#16175 = CARTESIAN_POINT('',(195.072,-57.6645,-4.6E-02));
#16176 = DIRECTION('',(-0.,-0.,-1.));
#16177 = DIRECTION('',(-0.,-1.,0.));
#16178 = MANIFOLD_SOLID_BREP('',#16179);
#16179 = CLOSED_SHELL('',(#16180,#16213,#16233,#16253));
#16180 = ADVANCED_FACE('',(#16181),#16208,.T.);
#16181 = FACE_BOUND('',#16182,.T.);
#16182 = EDGE_LOOP('',(#16183,#16193,#16200,#16201));
#16183 = ORIENTED_EDGE('',*,*,#16184,.T.);
#16184 = EDGE_CURVE('',#16185,#16187,#16189,.T.);
#16185 = VERTEX_POINT('',#16186);
#16186 = CARTESIAN_POINT('',(195.834,-57.6645,0.));
#16187 = VERTEX_POINT('',#16188);
#16188 = CARTESIAN_POINT('',(195.834,-57.6645,-4.E-02));
#16189 = LINE('',#16190,#16191);
#16190 = CARTESIAN_POINT('',(195.834,-57.6645,0.));
#16191 = VECTOR('',#16192,1.);
#16192 = DIRECTION('',(0.,0.,-1.));
#16193 = ORIENTED_EDGE('',*,*,#16194,.T.);
#16194 = EDGE_CURVE('',#16187,#16187,#16195,.T.);
#16195 = CIRCLE('',#16196,0.762);
#16196 = AXIS2_PLACEMENT_3D('',#16197,#16198,#16199);
#16197 = CARTESIAN_POINT('',(195.072,-57.6645,-4.E-02));
#16198 = DIRECTION('',(0.,0.,1.));
#16199 = DIRECTION('',(1.,0.,-0.));
#16200 = ORIENTED_EDGE('',*,*,#16184,.F.);
#16201 = ORIENTED_EDGE('',*,*,#16202,.F.);
#16202 = EDGE_CURVE('',#16185,#16185,#16203,.T.);
#16203 = CIRCLE('',#16204,0.762);
#16204 = AXIS2_PLACEMENT_3D('',#16205,#16206,#16207);
#16205 = CARTESIAN_POINT('',(195.072,-57.6645,0.));
#16206 = DIRECTION('',(0.,0.,1.));
#16207 = DIRECTION('',(1.,0.,-0.));
#16208 = CYLINDRICAL_SURFACE('',#16209,0.762);
#16209 = AXIS2_PLACEMENT_3D('',#16210,#16211,#16212);
#16210 = CARTESIAN_POINT('',(195.072,-57.6645,0.));
#16211 = DIRECTION('',(0.,0.,1.));
#16212 = DIRECTION('',(1.,0.,-0.));
#16213 = ADVANCED_FACE('',(#16214,#16217),#16228,.F.);
#16214 = FACE_BOUND('',#16215,.F.);
#16215 = EDGE_LOOP('',(#16216));
#16216 = ORIENTED_EDGE('',*,*,#16202,.F.);
#16217 = FACE_BOUND('',#16218,.F.);
#16218 = EDGE_LOOP('',(#16219));
#16219 = ORIENTED_EDGE('',*,*,#16220,.F.);
#16220 = EDGE_CURVE('',#16221,#16221,#16223,.T.);
#16221 = VERTEX_POINT('',#16222);
#16222 = CARTESIAN_POINT('',(195.072,-58.084,0.));
#16223 = CIRCLE('',#16224,0.4195);
#16224 = AXIS2_PLACEMENT_3D('',#16225,#16226,#16227);
#16225 = CARTESIAN_POINT('',(195.072,-57.6645,0.));
#16226 = DIRECTION('',(-0.,0.,-1.));
#16227 = DIRECTION('',(-0.,-1.,0.));
#16228 = PLANE('',#16229);
#16229 = AXIS2_PLACEMENT_3D('',#16230,#16231,#16232);
#16230 = CARTESIAN_POINT('',(0.,0.,0.));
#16231 = DIRECTION('',(-0.,-0.,-1.));
#16232 = DIRECTION('',(-1.,0.,0.));
#16233 = ADVANCED_FACE('',(#16234,#16237),#16248,.T.);
#16234 = FACE_BOUND('',#16235,.T.);
#16235 = EDGE_LOOP('',(#16236));
#16236 = ORIENTED_EDGE('',*,*,#16194,.F.);
#16237 = FACE_BOUND('',#16238,.T.);
#16238 = EDGE_LOOP('',(#16239));
#16239 = ORIENTED_EDGE('',*,*,#16240,.F.);
#16240 = EDGE_CURVE('',#16241,#16241,#16243,.T.);
#16241 = VERTEX_POINT('',#16242);
#16242 = CARTESIAN_POINT('',(195.072,-58.084,-4.E-02));
#16243 = CIRCLE('',#16244,0.4195);
#16244 = AXIS2_PLACEMENT_3D('',#16245,#16246,#16247);
#16245 = CARTESIAN_POINT('',(195.072,-57.6645,-4.E-02));
#16246 = DIRECTION('',(-0.,0.,-1.));
#16247 = DIRECTION('',(-0.,-1.,0.));
#16248 = PLANE('',#16249);
#16249 = AXIS2_PLACEMENT_3D('',#16250,#16251,#16252);
#16250 = CARTESIAN_POINT('',(0.,0.,-4.E-02));
#16251 = DIRECTION('',(-0.,-0.,-1.));
#16252 = DIRECTION('',(-1.,0.,0.));
#16253 = ADVANCED_FACE('',(#16254),#16265,.F.);
#16254 = FACE_BOUND('',#16255,.T.);
#16255 = EDGE_LOOP('',(#16256,#16257,#16263,#16264));
#16256 = ORIENTED_EDGE('',*,*,#16240,.T.);
#16257 = ORIENTED_EDGE('',*,*,#16258,.T.);
#16258 = EDGE_CURVE('',#16241,#16221,#16259,.T.);
#16259 = LINE('',#16260,#16261);
#16260 = CARTESIAN_POINT('',(195.072,-58.084,-4.6E-02));
#16261 = VECTOR('',#16262,1.);
#16262 = DIRECTION('',(0.,0.,1.));
#16263 = ORIENTED_EDGE('',*,*,#16220,.F.);
#16264 = ORIENTED_EDGE('',*,*,#16258,.F.);
#16265 = CYLINDRICAL_SURFACE('',#16266,0.4195);
#16266 = AXIS2_PLACEMENT_3D('',#16267,#16268,#16269);
#16267 = CARTESIAN_POINT('',(195.072,-57.6645,-4.6E-02));
#16268 = DIRECTION('',(-0.,-0.,-1.));
#16269 = DIRECTION('',(-0.,-1.,0.));
#16270 = MANIFOLD_SOLID_BREP('',#16271);
#16271 = CLOSED_SHELL('',(#16272,#16305,#16325,#16345));
#16272 = ADVANCED_FACE('',(#16273),#16300,.T.);
#16273 = FACE_BOUND('',#16274,.F.);
#16274 = EDGE_LOOP('',(#16275,#16285,#16292,#16293));
#16275 = ORIENTED_EDGE('',*,*,#16276,.T.);
#16276 = EDGE_CURVE('',#16277,#16279,#16281,.T.);
#16277 = VERTEX_POINT('',#16278);
#16278 = CARTESIAN_POINT('',(195.072,-58.109,-4.E-02));
#16279 = VERTEX_POINT('',#16280);
#16280 = CARTESIAN_POINT('',(195.072,-58.109,1.55));
#16281 = LINE('',#16282,#16283);
#16282 = CARTESIAN_POINT('',(195.072,-58.109,-4.E-02));
#16283 = VECTOR('',#16284,1.);
#16284 = DIRECTION('',(0.,0.,1.));
#16285 = ORIENTED_EDGE('',*,*,#16286,.T.);
#16286 = EDGE_CURVE('',#16279,#16279,#16287,.T.);
#16287 = CIRCLE('',#16288,0.4445);
#16288 = AXIS2_PLACEMENT_3D('',#16289,#16290,#16291);
#16289 = CARTESIAN_POINT('',(195.072,-57.6645,1.55));
#16290 = DIRECTION('',(0.,0.,1.));
#16291 = DIRECTION('',(-0.,-1.,0.));
#16292 = ORIENTED_EDGE('',*,*,#16276,.F.);
#16293 = ORIENTED_EDGE('',*,*,#16294,.F.);
#16294 = EDGE_CURVE('',#16277,#16277,#16295,.T.);
#16295 = CIRCLE('',#16296,0.4445);
#16296 = AXIS2_PLACEMENT_3D('',#16297,#16298,#16299);
#16297 = CARTESIAN_POINT('',(195.072,-57.6645,-4.E-02));
#16298 = DIRECTION('',(0.,0.,1.));
#16299 = DIRECTION('',(-0.,-1.,0.));
#16300 = CYLINDRICAL_SURFACE('',#16301,0.4445);
#16301 = AXIS2_PLACEMENT_3D('',#16302,#16303,#16304);
#16302 = CARTESIAN_POINT('',(195.072,-57.6645,-4.E-02));
#16303 = DIRECTION('',(-0.,-0.,-1.));
#16304 = DIRECTION('',(-0.,-1.,0.));
#16305 = ADVANCED_FACE('',(#16306,#16309),#16320,.F.);
#16306 = FACE_BOUND('',#16307,.F.);
#16307 = EDGE_LOOP('',(#16308));
#16308 = ORIENTED_EDGE('',*,*,#16294,.T.);
#16309 = FACE_BOUND('',#16310,.F.);
#16310 = EDGE_LOOP('',(#16311));
#16311 = ORIENTED_EDGE('',*,*,#16312,.T.);
#16312 = EDGE_CURVE('',#16313,#16313,#16315,.T.);
#16313 = VERTEX_POINT('',#16314);
#16314 = CARTESIAN_POINT('',(195.072,-58.084,-4.E-02));
#16315 = CIRCLE('',#16316,0.4195);
#16316 = AXIS2_PLACEMENT_3D('',#16317,#16318,#16319);
#16317 = CARTESIAN_POINT('',(195.072,-57.6645,-4.E-02));
#16318 = DIRECTION('',(-0.,0.,-1.));
#16319 = DIRECTION('',(-0.,-1.,0.));
#16320 = PLANE('',#16321);
#16321 = AXIS2_PLACEMENT_3D('',#16322,#16323,#16324);
#16322 = CARTESIAN_POINT('',(195.072,-58.109,-4.E-02));
#16323 = DIRECTION('',(0.,0.,1.));
#16324 = DIRECTION('',(1.,0.,-0.));
#16325 = ADVANCED_FACE('',(#16326,#16329),#16340,.T.);
#16326 = FACE_BOUND('',#16327,.T.);
#16327 = EDGE_LOOP('',(#16328));
#16328 = ORIENTED_EDGE('',*,*,#16286,.T.);
#16329 = FACE_BOUND('',#16330,.T.);
#16330 = EDGE_LOOP('',(#16331));
#16331 = ORIENTED_EDGE('',*,*,#16332,.T.);
#16332 = EDGE_CURVE('',#16333,#16333,#16335,.T.);
#16333 = VERTEX_POINT('',#16334);
#16334 = CARTESIAN_POINT('',(195.072,-58.084,1.55));
#16335 = CIRCLE('',#16336,0.4195);
#16336 = AXIS2_PLACEMENT_3D('',#16337,#16338,#16339);
#16337 = CARTESIAN_POINT('',(195.072,-57.6645,1.55));
#16338 = DIRECTION('',(-0.,0.,-1.));
#16339 = DIRECTION('',(-0.,-1.,0.));
#16340 = PLANE('',#16341);
#16341 = AXIS2_PLACEMENT_3D('',#16342,#16343,#16344);
#16342 = CARTESIAN_POINT('',(195.072,-58.109,1.55));
#16343 = DIRECTION('',(0.,0.,1.));
#16344 = DIRECTION('',(1.,0.,-0.));
#16345 = ADVANCED_FACE('',(#16346),#16357,.F.);
#16346 = FACE_BOUND('',#16347,.T.);
#16347 = EDGE_LOOP('',(#16348,#16349,#16355,#16356));
#16348 = ORIENTED_EDGE('',*,*,#16312,.T.);
#16349 = ORIENTED_EDGE('',*,*,#16350,.T.);
#16350 = EDGE_CURVE('',#16313,#16333,#16351,.T.);
#16351 = LINE('',#16352,#16353);
#16352 = CARTESIAN_POINT('',(195.072,-58.084,-4.6E-02));
#16353 = VECTOR('',#16354,1.);
#16354 = DIRECTION('',(0.,0.,1.));
#16355 = ORIENTED_EDGE('',*,*,#16332,.F.);
#16356 = ORIENTED_EDGE('',*,*,#16350,.F.);
#16357 = CYLINDRICAL_SURFACE('',#16358,0.4195);
#16358 = AXIS2_PLACEMENT_3D('',#16359,#16360,#16361);
#16359 = CARTESIAN_POINT('',(195.072,-57.6645,-4.6E-02));
#16360 = DIRECTION('',(-0.,-0.,-1.));
#16361 = DIRECTION('',(-0.,-1.,0.));
#16362 = MANIFOLD_SOLID_BREP('',#16363);
#16363 = CLOSED_SHELL('',(#16364,#16406,#16437,#16468,#16546,#16624,
    #16641,#16658,#16675,#16692,#16709,#16726,#16743));
#16364 = ADVANCED_FACE('',(#16365),#16401,.T.);
#16365 = FACE_BOUND('',#16366,.T.);
#16366 = EDGE_LOOP('',(#16367,#16377,#16386,#16394));
#16367 = ORIENTED_EDGE('',*,*,#16368,.T.);
#16368 = EDGE_CURVE('',#16369,#16371,#16373,.T.);
#16369 = VERTEX_POINT('',#16370);
#16370 = CARTESIAN_POINT('',(193.021,-59.5949,1.51));
#16371 = VERTEX_POINT('',#16372);
#16372 = CARTESIAN_POINT('',(193.021,-59.5949,1.55));
#16373 = LINE('',#16374,#16375);
#16374 = CARTESIAN_POINT('',(193.021,-59.5949,1.51));
#16375 = VECTOR('',#16376,1.);
#16376 = DIRECTION('',(0.,0.,1.));
#16377 = ORIENTED_EDGE('',*,*,#16378,.T.);
#16378 = EDGE_CURVE('',#16371,#16379,#16381,.T.);
#16379 = VERTEX_POINT('',#16380);
#16380 = CARTESIAN_POINT('',(193.1734,-59.4425,1.55));
#16381 = CIRCLE('',#16382,0.152400250784);
#16382 = AXIS2_PLACEMENT_3D('',#16383,#16384,#16385);
#16383 = CARTESIAN_POINT('',(193.17340025078,-59.59490025078,1.55));
#16384 = DIRECTION('',(0.,0.,-1.));
#16385 = DIRECTION('',(-0.999999999999,1.645562749126E-06,0.));
#16386 = ORIENTED_EDGE('',*,*,#16387,.F.);
#16387 = EDGE_CURVE('',#16388,#16379,#16390,.T.);
#16388 = VERTEX_POINT('',#16389);
#16389 = CARTESIAN_POINT('',(193.1734,-59.4425,1.51));
#16390 = LINE('',#16391,#16392);
#16391 = CARTESIAN_POINT('',(193.1734,-59.4425,1.51));
#16392 = VECTOR('',#16393,1.);
#16393 = DIRECTION('',(0.,0.,1.));
#16394 = ORIENTED_EDGE('',*,*,#16395,.F.);
#16395 = EDGE_CURVE('',#16369,#16388,#16396,.T.);
#16396 = CIRCLE('',#16397,0.152400250784);
#16397 = AXIS2_PLACEMENT_3D('',#16398,#16399,#16400);
#16398 = CARTESIAN_POINT('',(193.17340025078,-59.59490025078,1.51));
#16399 = DIRECTION('',(0.,0.,-1.));
#16400 = DIRECTION('',(-0.999999999999,1.645562749126E-06,0.));
#16401 = CYLINDRICAL_SURFACE('',#16402,0.152400250784);
#16402 = AXIS2_PLACEMENT_3D('',#16403,#16404,#16405);
#16403 = CARTESIAN_POINT('',(193.17340025078,-59.59490025078,1.51));
#16404 = DIRECTION('',(0.,0.,-1.));
#16405 = DIRECTION('',(-0.999999999999,1.645562749126E-06,0.));
#16406 = ADVANCED_FACE('',(#16407),#16432,.T.);
#16407 = FACE_BOUND('',#16408,.T.);
#16408 = EDGE_LOOP('',(#16409,#16419,#16425,#16426));
#16409 = ORIENTED_EDGE('',*,*,#16410,.T.);
#16410 = EDGE_CURVE('',#16411,#16413,#16415,.T.);
#16411 = VERTEX_POINT('',#16412);
#16412 = CARTESIAN_POINT('',(193.021,-60.8141,1.51));
#16413 = VERTEX_POINT('',#16414);
#16414 = CARTESIAN_POINT('',(193.021,-60.8141,1.55));
#16415 = LINE('',#16416,#16417);
#16416 = CARTESIAN_POINT('',(193.021,-60.8141,1.51));
#16417 = VECTOR('',#16418,1.);
#16418 = DIRECTION('',(0.,0.,1.));
#16419 = ORIENTED_EDGE('',*,*,#16420,.T.);
#16420 = EDGE_CURVE('',#16413,#16371,#16421,.T.);
#16421 = LINE('',#16422,#16423);
#16422 = CARTESIAN_POINT('',(193.021,-60.8141,1.55));
#16423 = VECTOR('',#16424,1.);
#16424 = DIRECTION('',(0.,1.,0.));
#16425 = ORIENTED_EDGE('',*,*,#16368,.F.);
#16426 = ORIENTED_EDGE('',*,*,#16427,.F.);
#16427 = EDGE_CURVE('',#16411,#16369,#16428,.T.);
#16428 = LINE('',#16429,#16430);
#16429 = CARTESIAN_POINT('',(193.021,-60.8141,1.51));
#16430 = VECTOR('',#16431,1.);
#16431 = DIRECTION('',(0.,1.,0.));
#16432 = PLANE('',#16433);
#16433 = AXIS2_PLACEMENT_3D('',#16434,#16435,#16436);
#16434 = CARTESIAN_POINT('',(193.021,-60.8141,1.51));
#16435 = DIRECTION('',(-1.,0.,0.));
#16436 = DIRECTION('',(0.,1.,0.));
#16437 = ADVANCED_FACE('',(#16438),#16463,.T.);
#16438 = FACE_BOUND('',#16439,.T.);
#16439 = EDGE_LOOP('',(#16440,#16441,#16449,#16457));
#16440 = ORIENTED_EDGE('',*,*,#16387,.T.);
#16441 = ORIENTED_EDGE('',*,*,#16442,.T.);
#16442 = EDGE_CURVE('',#16379,#16443,#16445,.T.);
#16443 = VERTEX_POINT('',#16444);
#16444 = CARTESIAN_POINT('',(195.3006,-59.4425,1.55));
#16445 = LINE('',#16446,#16447);
#16446 = CARTESIAN_POINT('',(193.1734,-59.4425,1.55));
#16447 = VECTOR('',#16448,1.);
#16448 = DIRECTION('',(1.,0.,0.));
#16449 = ORIENTED_EDGE('',*,*,#16450,.F.);
#16450 = EDGE_CURVE('',#16451,#16443,#16453,.T.);
#16451 = VERTEX_POINT('',#16452);
#16452 = CARTESIAN_POINT('',(195.3006,-59.4425,1.51));
#16453 = LINE('',#16454,#16455);
#16454 = CARTESIAN_POINT('',(195.3006,-59.4425,1.51));
#16455 = VECTOR('',#16456,1.);
#16456 = DIRECTION('',(0.,0.,1.));
#16457 = ORIENTED_EDGE('',*,*,#16458,.F.);
#16458 = EDGE_CURVE('',#16388,#16451,#16459,.T.);
#16459 = LINE('',#16460,#16461);
#16460 = CARTESIAN_POINT('',(193.1734,-59.4425,1.51));
#16461 = VECTOR('',#16462,1.);
#16462 = DIRECTION('',(1.,0.,0.));
#16463 = PLANE('',#16464);
#16464 = AXIS2_PLACEMENT_3D('',#16465,#16466,#16467);
#16465 = CARTESIAN_POINT('',(193.1734,-59.4425,1.51));
#16466 = DIRECTION('',(0.,1.,0.));
#16467 = DIRECTION('',(1.,0.,0.));
#16468 = ADVANCED_FACE('',(#16469),#16541,.F.);
#16469 = FACE_BOUND('',#16470,.F.);
#16470 = EDGE_LOOP('',(#16471,#16472,#16473,#16482,#16490,#16499,#16507,
    #16516,#16525,#16533,#16540));
#16471 = ORIENTED_EDGE('',*,*,#16395,.F.);
#16472 = ORIENTED_EDGE('',*,*,#16427,.F.);
#16473 = ORIENTED_EDGE('',*,*,#16474,.F.);
#16474 = EDGE_CURVE('',#16475,#16411,#16477,.T.);
#16475 = VERTEX_POINT('',#16476);
#16476 = CARTESIAN_POINT('',(193.1734,-60.9665,1.51));
#16477 = CIRCLE('',#16478,0.152400250784);
#16478 = AXIS2_PLACEMENT_3D('',#16479,#16480,#16481);
#16479 = CARTESIAN_POINT('',(193.17340025078,-60.81409974921,1.51));
#16480 = DIRECTION('',(0.,0.,-1.));
#16481 = DIRECTION('',(-1.64556279575E-06,-0.999999999999,-0.));
#16482 = ORIENTED_EDGE('',*,*,#16483,.F.);
#16483 = EDGE_CURVE('',#16484,#16475,#16486,.T.);
#16484 = VERTEX_POINT('',#16485);
#16485 = CARTESIAN_POINT('',(195.3006,-60.9665,1.51));
#16486 = LINE('',#16487,#16488);
#16487 = CARTESIAN_POINT('',(195.3006,-60.9665,1.51));
#16488 = VECTOR('',#16489,1.);
#16489 = DIRECTION('',(-1.,0.,0.));
#16490 = ORIENTED_EDGE('',*,*,#16491,.F.);
#16491 = EDGE_CURVE('',#16492,#16484,#16494,.T.);
#16492 = VERTEX_POINT('',#16493);
#16493 = CARTESIAN_POINT('',(195.453,-60.8141,1.51));
#16494 = CIRCLE('',#16495,0.152400250784);
#16495 = AXIS2_PLACEMENT_3D('',#16496,#16497,#16498);
#16496 = CARTESIAN_POINT('',(195.30059974921,-60.81409974921,1.51));
#16497 = DIRECTION('',(0.,0.,-1.));
#16498 = DIRECTION('',(0.999999999999,-1.645562422763E-06,0.));
#16499 = ORIENTED_EDGE('',*,*,#16500,.F.);
#16500 = EDGE_CURVE('',#16501,#16492,#16503,.T.);
#16501 = VERTEX_POINT('',#16502);
#16502 = CARTESIAN_POINT('',(195.453,-60.38005412273,1.51));
#16503 = LINE('',#16504,#16505);
#16504 = CARTESIAN_POINT('',(195.453,-59.5949,1.51));
#16505 = VECTOR('',#16506,1.);
#16506 = DIRECTION('',(0.,-1.,0.));
#16507 = ORIENTED_EDGE('',*,*,#16508,.T.);
#16508 = EDGE_CURVE('',#16501,#16509,#16511,.T.);
#16509 = VERTEX_POINT('',#16510);
#16510 = CARTESIAN_POINT('',(195.072,-60.624,1.51));
#16511 = CIRCLE('',#16512,0.4195);
#16512 = AXIS2_PLACEMENT_3D('',#16513,#16514,#16515);
#16513 = CARTESIAN_POINT('',(195.072,-60.2045,1.51));
#16514 = DIRECTION('',(-0.,0.,-1.));
#16515 = DIRECTION('',(-0.,-1.,0.));
#16516 = ORIENTED_EDGE('',*,*,#16517,.T.);
#16517 = EDGE_CURVE('',#16509,#16518,#16520,.T.);
#16518 = VERTEX_POINT('',#16519);
#16519 = CARTESIAN_POINT('',(195.453,-60.02894587726,1.51));
#16520 = CIRCLE('',#16521,0.4195);
#16521 = AXIS2_PLACEMENT_3D('',#16522,#16523,#16524);
#16522 = CARTESIAN_POINT('',(195.072,-60.2045,1.51));
#16523 = DIRECTION('',(-0.,0.,-1.));
#16524 = DIRECTION('',(-0.,-1.,0.));
#16525 = ORIENTED_EDGE('',*,*,#16526,.F.);
#16526 = EDGE_CURVE('',#16527,#16518,#16529,.T.);
#16527 = VERTEX_POINT('',#16528);
#16528 = CARTESIAN_POINT('',(195.453,-59.5949,1.51));
#16529 = LINE('',#16530,#16531);
#16530 = CARTESIAN_POINT('',(195.453,-59.5949,1.51));
#16531 = VECTOR('',#16532,1.);
#16532 = DIRECTION('',(0.,-1.,0.));
#16533 = ORIENTED_EDGE('',*,*,#16534,.F.);
#16534 = EDGE_CURVE('',#16451,#16527,#16535,.T.);
#16535 = CIRCLE('',#16536,0.152400250784);
#16536 = AXIS2_PLACEMENT_3D('',#16537,#16538,#16539);
#16537 = CARTESIAN_POINT('',(195.30059974921,-59.59490025078,1.51));
#16538 = DIRECTION('',(0.,0.,-1.));
#16539 = DIRECTION('',(1.645562236269E-06,0.999999999999,0.));
#16540 = ORIENTED_EDGE('',*,*,#16458,.F.);
#16541 = PLANE('',#16542);
#16542 = AXIS2_PLACEMENT_3D('',#16543,#16544,#16545);
#16543 = CARTESIAN_POINT('',(0.,0.,1.51));
#16544 = DIRECTION('',(0.,0.,1.));
#16545 = DIRECTION('',(1.,0.,-0.));
#16546 = ADVANCED_FACE('',(#16547),#16619,.T.);
#16547 = FACE_BOUND('',#16548,.T.);
#16548 = EDGE_LOOP('',(#16549,#16550,#16551,#16560,#16568,#16577,#16585,
    #16594,#16603,#16611,#16618));
#16549 = ORIENTED_EDGE('',*,*,#16378,.F.);
#16550 = ORIENTED_EDGE('',*,*,#16420,.F.);
#16551 = ORIENTED_EDGE('',*,*,#16552,.F.);
#16552 = EDGE_CURVE('',#16553,#16413,#16555,.T.);
#16553 = VERTEX_POINT('',#16554);
#16554 = CARTESIAN_POINT('',(193.1734,-60.9665,1.55));
#16555 = CIRCLE('',#16556,0.152400250784);
#16556 = AXIS2_PLACEMENT_3D('',#16557,#16558,#16559);
#16557 = CARTESIAN_POINT('',(193.17340025078,-60.81409974921,1.55));
#16558 = DIRECTION('',(0.,0.,-1.));
#16559 = DIRECTION('',(-1.64556279575E-06,-0.999999999999,-0.));
#16560 = ORIENTED_EDGE('',*,*,#16561,.F.);
#16561 = EDGE_CURVE('',#16562,#16553,#16564,.T.);
#16562 = VERTEX_POINT('',#16563);
#16563 = CARTESIAN_POINT('',(195.3006,-60.9665,1.55));
#16564 = LINE('',#16565,#16566);
#16565 = CARTESIAN_POINT('',(195.3006,-60.9665,1.55));
#16566 = VECTOR('',#16567,1.);
#16567 = DIRECTION('',(-1.,0.,0.));
#16568 = ORIENTED_EDGE('',*,*,#16569,.F.);
#16569 = EDGE_CURVE('',#16570,#16562,#16572,.T.);
#16570 = VERTEX_POINT('',#16571);
#16571 = CARTESIAN_POINT('',(195.453,-60.8141,1.55));
#16572 = CIRCLE('',#16573,0.152400250784);
#16573 = AXIS2_PLACEMENT_3D('',#16574,#16575,#16576);
#16574 = CARTESIAN_POINT('',(195.30059974921,-60.81409974921,1.55));
#16575 = DIRECTION('',(0.,0.,-1.));
#16576 = DIRECTION('',(0.999999999999,-1.645562422763E-06,0.));
#16577 = ORIENTED_EDGE('',*,*,#16578,.F.);
#16578 = EDGE_CURVE('',#16579,#16570,#16581,.T.);
#16579 = VERTEX_POINT('',#16580);
#16580 = CARTESIAN_POINT('',(195.453,-60.38005412273,1.55));
#16581 = LINE('',#16582,#16583);
#16582 = CARTESIAN_POINT('',(195.453,-59.5949,1.55));
#16583 = VECTOR('',#16584,1.);
#16584 = DIRECTION('',(0.,-1.,0.));
#16585 = ORIENTED_EDGE('',*,*,#16586,.T.);
#16586 = EDGE_CURVE('',#16579,#16587,#16589,.T.);
#16587 = VERTEX_POINT('',#16588);
#16588 = CARTESIAN_POINT('',(195.072,-60.624,1.55));
#16589 = CIRCLE('',#16590,0.4195);
#16590 = AXIS2_PLACEMENT_3D('',#16591,#16592,#16593);
#16591 = CARTESIAN_POINT('',(195.072,-60.2045,1.55));
#16592 = DIRECTION('',(-0.,0.,-1.));
#16593 = DIRECTION('',(-0.,-1.,0.));
#16594 = ORIENTED_EDGE('',*,*,#16595,.T.);
#16595 = EDGE_CURVE('',#16587,#16596,#16598,.T.);
#16596 = VERTEX_POINT('',#16597);
#16597 = CARTESIAN_POINT('',(195.453,-60.02894587726,1.55));
#16598 = CIRCLE('',#16599,0.4195);
#16599 = AXIS2_PLACEMENT_3D('',#16600,#16601,#16602);
#16600 = CARTESIAN_POINT('',(195.072,-60.2045,1.55));
#16601 = DIRECTION('',(-0.,0.,-1.));
#16602 = DIRECTION('',(-0.,-1.,0.));
#16603 = ORIENTED_EDGE('',*,*,#16604,.F.);
#16604 = EDGE_CURVE('',#16605,#16596,#16607,.T.);
#16605 = VERTEX_POINT('',#16606);
#16606 = CARTESIAN_POINT('',(195.453,-59.5949,1.55));
#16607 = LINE('',#16608,#16609);
#16608 = CARTESIAN_POINT('',(195.453,-59.5949,1.55));
#16609 = VECTOR('',#16610,1.);
#16610 = DIRECTION('',(0.,-1.,0.));
#16611 = ORIENTED_EDGE('',*,*,#16612,.F.);
#16612 = EDGE_CURVE('',#16443,#16605,#16613,.T.);
#16613 = CIRCLE('',#16614,0.152400250784);
#16614 = AXIS2_PLACEMENT_3D('',#16615,#16616,#16617);
#16615 = CARTESIAN_POINT('',(195.30059974921,-59.59490025078,1.55));
#16616 = DIRECTION('',(0.,0.,-1.));
#16617 = DIRECTION('',(1.645562236269E-06,0.999999999999,0.));
#16618 = ORIENTED_EDGE('',*,*,#16442,.F.);
#16619 = PLANE('',#16620);
#16620 = AXIS2_PLACEMENT_3D('',#16621,#16622,#16623);
#16621 = CARTESIAN_POINT('',(0.,0.,1.55));
#16622 = DIRECTION('',(0.,0.,1.));
#16623 = DIRECTION('',(1.,0.,-0.));
#16624 = ADVANCED_FACE('',(#16625),#16636,.T.);
#16625 = FACE_BOUND('',#16626,.T.);
#16626 = EDGE_LOOP('',(#16627,#16633,#16634,#16635));
#16627 = ORIENTED_EDGE('',*,*,#16628,.T.);
#16628 = EDGE_CURVE('',#16475,#16553,#16629,.T.);
#16629 = LINE('',#16630,#16631);
#16630 = CARTESIAN_POINT('',(193.1734,-60.9665,1.51));
#16631 = VECTOR('',#16632,1.);
#16632 = DIRECTION('',(0.,0.,1.));
#16633 = ORIENTED_EDGE('',*,*,#16552,.T.);
#16634 = ORIENTED_EDGE('',*,*,#16410,.F.);
#16635 = ORIENTED_EDGE('',*,*,#16474,.F.);
#16636 = CYLINDRICAL_SURFACE('',#16637,0.152400250784);
#16637 = AXIS2_PLACEMENT_3D('',#16638,#16639,#16640);
#16638 = CARTESIAN_POINT('',(193.17340025078,-60.81409974921,1.51));
#16639 = DIRECTION('',(0.,0.,-1.));
#16640 = DIRECTION('',(-1.64556279575E-06,-0.999999999999,-0.));
#16641 = ADVANCED_FACE('',(#16642),#16653,.T.);
#16642 = FACE_BOUND('',#16643,.T.);
#16643 = EDGE_LOOP('',(#16644,#16645,#16646,#16652));
#16644 = ORIENTED_EDGE('',*,*,#16450,.T.);
#16645 = ORIENTED_EDGE('',*,*,#16612,.T.);
#16646 = ORIENTED_EDGE('',*,*,#16647,.F.);
#16647 = EDGE_CURVE('',#16527,#16605,#16648,.T.);
#16648 = LINE('',#16649,#16650);
#16649 = CARTESIAN_POINT('',(195.453,-59.5949,1.51));
#16650 = VECTOR('',#16651,1.);
#16651 = DIRECTION('',(0.,0.,1.));
#16652 = ORIENTED_EDGE('',*,*,#16534,.F.);
#16653 = CYLINDRICAL_SURFACE('',#16654,0.152400250784);
#16654 = AXIS2_PLACEMENT_3D('',#16655,#16656,#16657);
#16655 = CARTESIAN_POINT('',(195.30059974921,-59.59490025078,1.51));
#16656 = DIRECTION('',(0.,0.,-1.));
#16657 = DIRECTION('',(1.645562236269E-06,0.999999999999,0.));
#16658 = ADVANCED_FACE('',(#16659),#16670,.T.);
#16659 = FACE_BOUND('',#16660,.T.);
#16660 = EDGE_LOOP('',(#16661,#16662,#16663,#16664));
#16661 = ORIENTED_EDGE('',*,*,#16526,.F.);
#16662 = ORIENTED_EDGE('',*,*,#16647,.T.);
#16663 = ORIENTED_EDGE('',*,*,#16604,.T.);
#16664 = ORIENTED_EDGE('',*,*,#16665,.T.);
#16665 = EDGE_CURVE('',#16596,#16518,#16666,.T.);
#16666 = LINE('',#16667,#16668);
#16667 = CARTESIAN_POINT('',(195.453,-60.02894587729,-4.6E-02));
#16668 = VECTOR('',#16669,1.);
#16669 = DIRECTION('',(-0.,-0.,-1.));
#16670 = PLANE('',#16671);
#16671 = AXIS2_PLACEMENT_3D('',#16672,#16673,#16674);
#16672 = CARTESIAN_POINT('',(195.453,-59.5949,1.51));
#16673 = DIRECTION('',(1.,0.,-0.));
#16674 = DIRECTION('',(0.,-1.,0.));
#16675 = ADVANCED_FACE('',(#16676),#16687,.F.);
#16676 = FACE_BOUND('',#16677,.T.);
#16677 = EDGE_LOOP('',(#16678,#16684,#16685,#16686));
#16678 = ORIENTED_EDGE('',*,*,#16679,.F.);
#16679 = EDGE_CURVE('',#16509,#16587,#16680,.T.);
#16680 = LINE('',#16681,#16682);
#16681 = CARTESIAN_POINT('',(195.072,-60.624,-4.6E-02));
#16682 = VECTOR('',#16683,1.);
#16683 = DIRECTION('',(0.,0.,1.));
#16684 = ORIENTED_EDGE('',*,*,#16517,.T.);
#16685 = ORIENTED_EDGE('',*,*,#16665,.F.);
#16686 = ORIENTED_EDGE('',*,*,#16595,.F.);
#16687 = CYLINDRICAL_SURFACE('',#16688,0.4195);
#16688 = AXIS2_PLACEMENT_3D('',#16689,#16690,#16691);
#16689 = CARTESIAN_POINT('',(195.072,-60.2045,-4.6E-02));
#16690 = DIRECTION('',(-0.,-0.,-1.));
#16691 = DIRECTION('',(-0.,-1.,0.));
#16692 = ADVANCED_FACE('',(#16693),#16704,.F.);
#16693 = FACE_BOUND('',#16694,.T.);
#16694 = EDGE_LOOP('',(#16695,#16696,#16697,#16698));
#16695 = ORIENTED_EDGE('',*,*,#16508,.T.);
#16696 = ORIENTED_EDGE('',*,*,#16679,.T.);
#16697 = ORIENTED_EDGE('',*,*,#16586,.F.);
#16698 = ORIENTED_EDGE('',*,*,#16699,.T.);
#16699 = EDGE_CURVE('',#16579,#16501,#16700,.T.);
#16700 = LINE('',#16701,#16702);
#16701 = CARTESIAN_POINT('',(195.453,-60.3800541227,-4.6E-02));
#16702 = VECTOR('',#16703,1.);
#16703 = DIRECTION('',(-0.,-0.,-1.));
#16704 = CYLINDRICAL_SURFACE('',#16705,0.4195);
#16705 = AXIS2_PLACEMENT_3D('',#16706,#16707,#16708);
#16706 = CARTESIAN_POINT('',(195.072,-60.2045,-4.6E-02));
#16707 = DIRECTION('',(-0.,-0.,-1.));
#16708 = DIRECTION('',(-0.,-1.,0.));
#16709 = ADVANCED_FACE('',(#16710),#16721,.T.);
#16710 = FACE_BOUND('',#16711,.T.);
#16711 = EDGE_LOOP('',(#16712,#16713,#16714,#16715));
#16712 = ORIENTED_EDGE('',*,*,#16500,.F.);
#16713 = ORIENTED_EDGE('',*,*,#16699,.F.);
#16714 = ORIENTED_EDGE('',*,*,#16578,.T.);
#16715 = ORIENTED_EDGE('',*,*,#16716,.F.);
#16716 = EDGE_CURVE('',#16492,#16570,#16717,.T.);
#16717 = LINE('',#16718,#16719);
#16718 = CARTESIAN_POINT('',(195.453,-60.8141,1.51));
#16719 = VECTOR('',#16720,1.);
#16720 = DIRECTION('',(0.,0.,1.));
#16721 = PLANE('',#16722);
#16722 = AXIS2_PLACEMENT_3D('',#16723,#16724,#16725);
#16723 = CARTESIAN_POINT('',(195.453,-59.5949,1.51));
#16724 = DIRECTION('',(1.,0.,-0.));
#16725 = DIRECTION('',(0.,-1.,0.));
#16726 = ADVANCED_FACE('',(#16727),#16738,.T.);
#16727 = FACE_BOUND('',#16728,.T.);
#16728 = EDGE_LOOP('',(#16729,#16730,#16731,#16737));
#16729 = ORIENTED_EDGE('',*,*,#16716,.T.);
#16730 = ORIENTED_EDGE('',*,*,#16569,.T.);
#16731 = ORIENTED_EDGE('',*,*,#16732,.F.);
#16732 = EDGE_CURVE('',#16484,#16562,#16733,.T.);
#16733 = LINE('',#16734,#16735);
#16734 = CARTESIAN_POINT('',(195.3006,-60.9665,1.51));
#16735 = VECTOR('',#16736,1.);
#16736 = DIRECTION('',(0.,0.,1.));
#16737 = ORIENTED_EDGE('',*,*,#16491,.F.);
#16738 = CYLINDRICAL_SURFACE('',#16739,0.152400250784);
#16739 = AXIS2_PLACEMENT_3D('',#16740,#16741,#16742);
#16740 = CARTESIAN_POINT('',(195.30059974921,-60.81409974921,1.51));
#16741 = DIRECTION('',(0.,0.,-1.));
#16742 = DIRECTION('',(0.999999999999,-1.645562422763E-06,0.));
#16743 = ADVANCED_FACE('',(#16744),#16750,.T.);
#16744 = FACE_BOUND('',#16745,.T.);
#16745 = EDGE_LOOP('',(#16746,#16747,#16748,#16749));
#16746 = ORIENTED_EDGE('',*,*,#16732,.T.);
#16747 = ORIENTED_EDGE('',*,*,#16561,.T.);
#16748 = ORIENTED_EDGE('',*,*,#16628,.F.);
#16749 = ORIENTED_EDGE('',*,*,#16483,.F.);
#16750 = PLANE('',#16751);
#16751 = AXIS2_PLACEMENT_3D('',#16752,#16753,#16754);
#16752 = CARTESIAN_POINT('',(195.3006,-60.9665,1.51));
#16753 = DIRECTION('',(0.,-1.,0.));
#16754 = DIRECTION('',(-1.,0.,0.));
#16755 = MANIFOLD_SOLID_BREP('',#16756);
#16756 = CLOSED_SHELL('',(#16757,#16790,#16810,#16830));
#16757 = ADVANCED_FACE('',(#16758),#16785,.T.);
#16758 = FACE_BOUND('',#16759,.F.);
#16759 = EDGE_LOOP('',(#16760,#16770,#16777,#16778));
#16760 = ORIENTED_EDGE('',*,*,#16761,.T.);
#16761 = EDGE_CURVE('',#16762,#16764,#16766,.T.);
#16762 = VERTEX_POINT('',#16763);
#16763 = CARTESIAN_POINT('',(195.834,-60.2045,1.51));
#16764 = VERTEX_POINT('',#16765);
#16765 = CARTESIAN_POINT('',(195.834,-60.2045,1.55));
#16766 = LINE('',#16767,#16768);
#16767 = CARTESIAN_POINT('',(195.834,-60.2045,1.51));
#16768 = VECTOR('',#16769,1.);
#16769 = DIRECTION('',(0.,0.,1.));
#16770 = ORIENTED_EDGE('',*,*,#16771,.T.);
#16771 = EDGE_CURVE('',#16764,#16764,#16772,.T.);
#16772 = CIRCLE('',#16773,0.762);
#16773 = AXIS2_PLACEMENT_3D('',#16774,#16775,#16776);
#16774 = CARTESIAN_POINT('',(195.072,-60.2045,1.55));
#16775 = DIRECTION('',(0.,0.,1.));
#16776 = DIRECTION('',(1.,0.,-0.));
#16777 = ORIENTED_EDGE('',*,*,#16761,.F.);
#16778 = ORIENTED_EDGE('',*,*,#16779,.F.);
#16779 = EDGE_CURVE('',#16762,#16762,#16780,.T.);
#16780 = CIRCLE('',#16781,0.762);
#16781 = AXIS2_PLACEMENT_3D('',#16782,#16783,#16784);
#16782 = CARTESIAN_POINT('',(195.072,-60.2045,1.51));
#16783 = DIRECTION('',(0.,0.,1.));
#16784 = DIRECTION('',(1.,0.,-0.));
#16785 = CYLINDRICAL_SURFACE('',#16786,0.762);
#16786 = AXIS2_PLACEMENT_3D('',#16787,#16788,#16789);
#16787 = CARTESIAN_POINT('',(195.072,-60.2045,1.51));
#16788 = DIRECTION('',(-0.,-0.,-1.));
#16789 = DIRECTION('',(1.,0.,-0.));
#16790 = ADVANCED_FACE('',(#16791,#16794),#16805,.F.);
#16791 = FACE_BOUND('',#16792,.F.);
#16792 = EDGE_LOOP('',(#16793));
#16793 = ORIENTED_EDGE('',*,*,#16779,.T.);
#16794 = FACE_BOUND('',#16795,.F.);
#16795 = EDGE_LOOP('',(#16796));
#16796 = ORIENTED_EDGE('',*,*,#16797,.T.);
#16797 = EDGE_CURVE('',#16798,#16798,#16800,.T.);
#16798 = VERTEX_POINT('',#16799);
#16799 = CARTESIAN_POINT('',(195.072,-60.624,1.51));
#16800 = CIRCLE('',#16801,0.4195);
#16801 = AXIS2_PLACEMENT_3D('',#16802,#16803,#16804);
#16802 = CARTESIAN_POINT('',(195.072,-60.2045,1.51));
#16803 = DIRECTION('',(-0.,0.,-1.));
#16804 = DIRECTION('',(-0.,-1.,0.));
#16805 = PLANE('',#16806);
#16806 = AXIS2_PLACEMENT_3D('',#16807,#16808,#16809);
#16807 = CARTESIAN_POINT('',(0.,0.,1.51));
#16808 = DIRECTION('',(0.,0.,1.));
#16809 = DIRECTION('',(1.,0.,-0.));
#16810 = ADVANCED_FACE('',(#16811,#16814),#16825,.T.);
#16811 = FACE_BOUND('',#16812,.T.);
#16812 = EDGE_LOOP('',(#16813));
#16813 = ORIENTED_EDGE('',*,*,#16771,.T.);
#16814 = FACE_BOUND('',#16815,.T.);
#16815 = EDGE_LOOP('',(#16816));
#16816 = ORIENTED_EDGE('',*,*,#16817,.T.);
#16817 = EDGE_CURVE('',#16818,#16818,#16820,.T.);
#16818 = VERTEX_POINT('',#16819);
#16819 = CARTESIAN_POINT('',(195.072,-60.624,1.55));
#16820 = CIRCLE('',#16821,0.4195);
#16821 = AXIS2_PLACEMENT_3D('',#16822,#16823,#16824);
#16822 = CARTESIAN_POINT('',(195.072,-60.2045,1.55));
#16823 = DIRECTION('',(-0.,0.,-1.));
#16824 = DIRECTION('',(-0.,-1.,0.));
#16825 = PLANE('',#16826);
#16826 = AXIS2_PLACEMENT_3D('',#16827,#16828,#16829);
#16827 = CARTESIAN_POINT('',(0.,0.,1.55));
#16828 = DIRECTION('',(0.,0.,1.));
#16829 = DIRECTION('',(1.,0.,-0.));
#16830 = ADVANCED_FACE('',(#16831),#16842,.F.);
#16831 = FACE_BOUND('',#16832,.T.);
#16832 = EDGE_LOOP('',(#16833,#16834,#16840,#16841));
#16833 = ORIENTED_EDGE('',*,*,#16797,.T.);
#16834 = ORIENTED_EDGE('',*,*,#16835,.T.);
#16835 = EDGE_CURVE('',#16798,#16818,#16836,.T.);
#16836 = LINE('',#16837,#16838);
#16837 = CARTESIAN_POINT('',(195.072,-60.624,-4.6E-02));
#16838 = VECTOR('',#16839,1.);
#16839 = DIRECTION('',(0.,0.,1.));
#16840 = ORIENTED_EDGE('',*,*,#16817,.F.);
#16841 = ORIENTED_EDGE('',*,*,#16835,.F.);
#16842 = CYLINDRICAL_SURFACE('',#16843,0.4195);
#16843 = AXIS2_PLACEMENT_3D('',#16844,#16845,#16846);
#16844 = CARTESIAN_POINT('',(195.072,-60.2045,-4.6E-02));
#16845 = DIRECTION('',(-0.,-0.,-1.));
#16846 = DIRECTION('',(-0.,-1.,0.));
#16847 = MANIFOLD_SOLID_BREP('',#16848);
#16848 = CLOSED_SHELL('',(#16849,#16882,#16902,#16922));
#16849 = ADVANCED_FACE('',(#16850),#16877,.T.);
#16850 = FACE_BOUND('',#16851,.T.);
#16851 = EDGE_LOOP('',(#16852,#16862,#16869,#16870));
#16852 = ORIENTED_EDGE('',*,*,#16853,.T.);
#16853 = EDGE_CURVE('',#16854,#16856,#16858,.T.);
#16854 = VERTEX_POINT('',#16855);
#16855 = CARTESIAN_POINT('',(195.834,-60.2045,0.));
#16856 = VERTEX_POINT('',#16857);
#16857 = CARTESIAN_POINT('',(195.834,-60.2045,-4.E-02));
#16858 = LINE('',#16859,#16860);
#16859 = CARTESIAN_POINT('',(195.834,-60.2045,0.));
#16860 = VECTOR('',#16861,1.);
#16861 = DIRECTION('',(0.,0.,-1.));
#16862 = ORIENTED_EDGE('',*,*,#16863,.T.);
#16863 = EDGE_CURVE('',#16856,#16856,#16864,.T.);
#16864 = CIRCLE('',#16865,0.762);
#16865 = AXIS2_PLACEMENT_3D('',#16866,#16867,#16868);
#16866 = CARTESIAN_POINT('',(195.072,-60.2045,-4.E-02));
#16867 = DIRECTION('',(0.,0.,1.));
#16868 = DIRECTION('',(1.,0.,-0.));
#16869 = ORIENTED_EDGE('',*,*,#16853,.F.);
#16870 = ORIENTED_EDGE('',*,*,#16871,.F.);
#16871 = EDGE_CURVE('',#16854,#16854,#16872,.T.);
#16872 = CIRCLE('',#16873,0.762);
#16873 = AXIS2_PLACEMENT_3D('',#16874,#16875,#16876);
#16874 = CARTESIAN_POINT('',(195.072,-60.2045,0.));
#16875 = DIRECTION('',(0.,0.,1.));
#16876 = DIRECTION('',(1.,0.,-0.));
#16877 = CYLINDRICAL_SURFACE('',#16878,0.762);
#16878 = AXIS2_PLACEMENT_3D('',#16879,#16880,#16881);
#16879 = CARTESIAN_POINT('',(195.072,-60.2045,0.));
#16880 = DIRECTION('',(0.,0.,1.));
#16881 = DIRECTION('',(1.,0.,-0.));
#16882 = ADVANCED_FACE('',(#16883,#16886),#16897,.F.);
#16883 = FACE_BOUND('',#16884,.F.);
#16884 = EDGE_LOOP('',(#16885));
#16885 = ORIENTED_EDGE('',*,*,#16871,.F.);
#16886 = FACE_BOUND('',#16887,.F.);
#16887 = EDGE_LOOP('',(#16888));
#16888 = ORIENTED_EDGE('',*,*,#16889,.F.);
#16889 = EDGE_CURVE('',#16890,#16890,#16892,.T.);
#16890 = VERTEX_POINT('',#16891);
#16891 = CARTESIAN_POINT('',(195.072,-60.624,0.));
#16892 = CIRCLE('',#16893,0.4195);
#16893 = AXIS2_PLACEMENT_3D('',#16894,#16895,#16896);
#16894 = CARTESIAN_POINT('',(195.072,-60.2045,0.));
#16895 = DIRECTION('',(-0.,0.,-1.));
#16896 = DIRECTION('',(-0.,-1.,0.));
#16897 = PLANE('',#16898);
#16898 = AXIS2_PLACEMENT_3D('',#16899,#16900,#16901);
#16899 = CARTESIAN_POINT('',(0.,0.,0.));
#16900 = DIRECTION('',(-0.,-0.,-1.));
#16901 = DIRECTION('',(-1.,0.,0.));
#16902 = ADVANCED_FACE('',(#16903,#16906),#16917,.T.);
#16903 = FACE_BOUND('',#16904,.T.);
#16904 = EDGE_LOOP('',(#16905));
#16905 = ORIENTED_EDGE('',*,*,#16863,.F.);
#16906 = FACE_BOUND('',#16907,.T.);
#16907 = EDGE_LOOP('',(#16908));
#16908 = ORIENTED_EDGE('',*,*,#16909,.F.);
#16909 = EDGE_CURVE('',#16910,#16910,#16912,.T.);
#16910 = VERTEX_POINT('',#16911);
#16911 = CARTESIAN_POINT('',(195.072,-60.624,-4.E-02));
#16912 = CIRCLE('',#16913,0.4195);
#16913 = AXIS2_PLACEMENT_3D('',#16914,#16915,#16916);
#16914 = CARTESIAN_POINT('',(195.072,-60.2045,-4.E-02));
#16915 = DIRECTION('',(-0.,0.,-1.));
#16916 = DIRECTION('',(-0.,-1.,0.));
#16917 = PLANE('',#16918);
#16918 = AXIS2_PLACEMENT_3D('',#16919,#16920,#16921);
#16919 = CARTESIAN_POINT('',(0.,0.,-4.E-02));
#16920 = DIRECTION('',(-0.,-0.,-1.));
#16921 = DIRECTION('',(-1.,0.,0.));
#16922 = ADVANCED_FACE('',(#16923),#16934,.F.);
#16923 = FACE_BOUND('',#16924,.T.);
#16924 = EDGE_LOOP('',(#16925,#16926,#16932,#16933));
#16925 = ORIENTED_EDGE('',*,*,#16909,.T.);
#16926 = ORIENTED_EDGE('',*,*,#16927,.T.);
#16927 = EDGE_CURVE('',#16910,#16890,#16928,.T.);
#16928 = LINE('',#16929,#16930);
#16929 = CARTESIAN_POINT('',(195.072,-60.624,-4.6E-02));
#16930 = VECTOR('',#16931,1.);
#16931 = DIRECTION('',(0.,0.,1.));
#16932 = ORIENTED_EDGE('',*,*,#16889,.F.);
#16933 = ORIENTED_EDGE('',*,*,#16927,.F.);
#16934 = CYLINDRICAL_SURFACE('',#16935,0.4195);
#16935 = AXIS2_PLACEMENT_3D('',#16936,#16937,#16938);
#16936 = CARTESIAN_POINT('',(195.072,-60.2045,-4.6E-02));
#16937 = DIRECTION('',(-0.,-0.,-1.));
#16938 = DIRECTION('',(-0.,-1.,0.));
#16939 = MANIFOLD_SOLID_BREP('',#16940);
#16940 = CLOSED_SHELL('',(#16941,#16974,#16994,#17014));
#16941 = ADVANCED_FACE('',(#16942),#16969,.T.);
#16942 = FACE_BOUND('',#16943,.F.);
#16943 = EDGE_LOOP('',(#16944,#16954,#16961,#16962));
#16944 = ORIENTED_EDGE('',*,*,#16945,.T.);
#16945 = EDGE_CURVE('',#16946,#16948,#16950,.T.);
#16946 = VERTEX_POINT('',#16947);
#16947 = CARTESIAN_POINT('',(195.072,-60.649,-4.E-02));
#16948 = VERTEX_POINT('',#16949);
#16949 = CARTESIAN_POINT('',(195.072,-60.649,1.55));
#16950 = LINE('',#16951,#16952);
#16951 = CARTESIAN_POINT('',(195.072,-60.649,-4.E-02));
#16952 = VECTOR('',#16953,1.);
#16953 = DIRECTION('',(0.,0.,1.));
#16954 = ORIENTED_EDGE('',*,*,#16955,.T.);
#16955 = EDGE_CURVE('',#16948,#16948,#16956,.T.);
#16956 = CIRCLE('',#16957,0.4445);
#16957 = AXIS2_PLACEMENT_3D('',#16958,#16959,#16960);
#16958 = CARTESIAN_POINT('',(195.072,-60.2045,1.55));
#16959 = DIRECTION('',(0.,0.,1.));
#16960 = DIRECTION('',(-0.,-1.,0.));
#16961 = ORIENTED_EDGE('',*,*,#16945,.F.);
#16962 = ORIENTED_EDGE('',*,*,#16963,.F.);
#16963 = EDGE_CURVE('',#16946,#16946,#16964,.T.);
#16964 = CIRCLE('',#16965,0.4445);
#16965 = AXIS2_PLACEMENT_3D('',#16966,#16967,#16968);
#16966 = CARTESIAN_POINT('',(195.072,-60.2045,-4.E-02));
#16967 = DIRECTION('',(0.,0.,1.));
#16968 = DIRECTION('',(-0.,-1.,0.));
#16969 = CYLINDRICAL_SURFACE('',#16970,0.4445);
#16970 = AXIS2_PLACEMENT_3D('',#16971,#16972,#16973);
#16971 = CARTESIAN_POINT('',(195.072,-60.2045,-4.E-02));
#16972 = DIRECTION('',(-0.,-0.,-1.));
#16973 = DIRECTION('',(-0.,-1.,0.));
#16974 = ADVANCED_FACE('',(#16975,#16978),#16989,.F.);
#16975 = FACE_BOUND('',#16976,.F.);
#16976 = EDGE_LOOP('',(#16977));
#16977 = ORIENTED_EDGE('',*,*,#16963,.T.);
#16978 = FACE_BOUND('',#16979,.F.);
#16979 = EDGE_LOOP('',(#16980));
#16980 = ORIENTED_EDGE('',*,*,#16981,.T.);
#16981 = EDGE_CURVE('',#16982,#16982,#16984,.T.);
#16982 = VERTEX_POINT('',#16983);
#16983 = CARTESIAN_POINT('',(195.072,-60.624,-4.E-02));
#16984 = CIRCLE('',#16985,0.4195);
#16985 = AXIS2_PLACEMENT_3D('',#16986,#16987,#16988);
#16986 = CARTESIAN_POINT('',(195.072,-60.2045,-4.E-02));
#16987 = DIRECTION('',(-0.,0.,-1.));
#16988 = DIRECTION('',(-0.,-1.,0.));
#16989 = PLANE('',#16990);
#16990 = AXIS2_PLACEMENT_3D('',#16991,#16992,#16993);
#16991 = CARTESIAN_POINT('',(195.072,-60.649,-4.E-02));
#16992 = DIRECTION('',(0.,0.,1.));
#16993 = DIRECTION('',(1.,0.,-0.));
#16994 = ADVANCED_FACE('',(#16995,#16998),#17009,.T.);
#16995 = FACE_BOUND('',#16996,.T.);
#16996 = EDGE_LOOP('',(#16997));
#16997 = ORIENTED_EDGE('',*,*,#16955,.T.);
#16998 = FACE_BOUND('',#16999,.T.);
#16999 = EDGE_LOOP('',(#17000));
#17000 = ORIENTED_EDGE('',*,*,#17001,.T.);
#17001 = EDGE_CURVE('',#17002,#17002,#17004,.T.);
#17002 = VERTEX_POINT('',#17003);
#17003 = CARTESIAN_POINT('',(195.072,-60.624,1.55));
#17004 = CIRCLE('',#17005,0.4195);
#17005 = AXIS2_PLACEMENT_3D('',#17006,#17007,#17008);
#17006 = CARTESIAN_POINT('',(195.072,-60.2045,1.55));
#17007 = DIRECTION('',(-0.,0.,-1.));
#17008 = DIRECTION('',(-0.,-1.,0.));
#17009 = PLANE('',#17010);
#17010 = AXIS2_PLACEMENT_3D('',#17011,#17012,#17013);
#17011 = CARTESIAN_POINT('',(195.072,-60.649,1.55));
#17012 = DIRECTION('',(0.,0.,1.));
#17013 = DIRECTION('',(1.,0.,-0.));
#17014 = ADVANCED_FACE('',(#17015),#17026,.F.);
#17015 = FACE_BOUND('',#17016,.T.);
#17016 = EDGE_LOOP('',(#17017,#17018,#17024,#17025));
#17017 = ORIENTED_EDGE('',*,*,#16981,.T.);
#17018 = ORIENTED_EDGE('',*,*,#17019,.T.);
#17019 = EDGE_CURVE('',#16982,#17002,#17020,.T.);
#17020 = LINE('',#17021,#17022);
#17021 = CARTESIAN_POINT('',(195.072,-60.624,-4.6E-02));
#17022 = VECTOR('',#17023,1.);
#17023 = DIRECTION('',(0.,0.,1.));
#17024 = ORIENTED_EDGE('',*,*,#17001,.F.);
#17025 = ORIENTED_EDGE('',*,*,#17019,.F.);
#17026 = CYLINDRICAL_SURFACE('',#17027,0.4195);
#17027 = AXIS2_PLACEMENT_3D('',#17028,#17029,#17030);
#17028 = CARTESIAN_POINT('',(195.072,-60.2045,-4.6E-02));
#17029 = DIRECTION('',(-0.,-0.,-1.));
#17030 = DIRECTION('',(-0.,-1.,0.));
#17031 = MANIFOLD_SOLID_BREP('',#17032);
#17032 = CLOSED_SHELL('',(#17033,#17075,#17106,#17137,#17215,#17293,
    #17310,#17327,#17344,#17361,#17378,#17395,#17412));
#17033 = ADVANCED_FACE('',(#17034),#17070,.T.);
#17034 = FACE_BOUND('',#17035,.T.);
#17035 = EDGE_LOOP('',(#17036,#17046,#17055,#17063));
#17036 = ORIENTED_EDGE('',*,*,#17037,.T.);
#17037 = EDGE_CURVE('',#17038,#17040,#17042,.T.);
#17038 = VERTEX_POINT('',#17039);
#17039 = CARTESIAN_POINT('',(193.021,-62.1349,1.51));
#17040 = VERTEX_POINT('',#17041);
#17041 = CARTESIAN_POINT('',(193.021,-62.1349,1.55));
#17042 = LINE('',#17043,#17044);
#17043 = CARTESIAN_POINT('',(193.021,-62.1349,1.51));
#17044 = VECTOR('',#17045,1.);
#17045 = DIRECTION('',(0.,0.,1.));
#17046 = ORIENTED_EDGE('',*,*,#17047,.T.);
#17047 = EDGE_CURVE('',#17040,#17048,#17050,.T.);
#17048 = VERTEX_POINT('',#17049);
#17049 = CARTESIAN_POINT('',(193.1734,-61.9825,1.55));
#17050 = CIRCLE('',#17051,0.152400250784);
#17051 = AXIS2_PLACEMENT_3D('',#17052,#17053,#17054);
#17052 = CARTESIAN_POINT('',(193.17340025078,-62.13490025078,1.55));
#17053 = DIRECTION('',(0.,0.,-1.));
#17054 = DIRECTION('',(-0.999999999999,1.64556279575E-06,0.));
#17055 = ORIENTED_EDGE('',*,*,#17056,.F.);
#17056 = EDGE_CURVE('',#17057,#17048,#17059,.T.);
#17057 = VERTEX_POINT('',#17058);
#17058 = CARTESIAN_POINT('',(193.1734,-61.9825,1.51));
#17059 = LINE('',#17060,#17061);
#17060 = CARTESIAN_POINT('',(193.1734,-61.9825,1.51));
#17061 = VECTOR('',#17062,1.);
#17062 = DIRECTION('',(0.,0.,1.));
#17063 = ORIENTED_EDGE('',*,*,#17064,.F.);
#17064 = EDGE_CURVE('',#17038,#17057,#17065,.T.);
#17065 = CIRCLE('',#17066,0.152400250784);
#17066 = AXIS2_PLACEMENT_3D('',#17067,#17068,#17069);
#17067 = CARTESIAN_POINT('',(193.17340025078,-62.13490025078,1.51));
#17068 = DIRECTION('',(0.,0.,-1.));
#17069 = DIRECTION('',(-0.999999999999,1.64556279575E-06,0.));
#17070 = CYLINDRICAL_SURFACE('',#17071,0.152400250784);
#17071 = AXIS2_PLACEMENT_3D('',#17072,#17073,#17074);
#17072 = CARTESIAN_POINT('',(193.17340025078,-62.13490025078,1.51));
#17073 = DIRECTION('',(0.,0.,-1.));
#17074 = DIRECTION('',(-0.999999999999,1.64556279575E-06,0.));
#17075 = ADVANCED_FACE('',(#17076),#17101,.T.);
#17076 = FACE_BOUND('',#17077,.T.);
#17077 = EDGE_LOOP('',(#17078,#17088,#17094,#17095));
#17078 = ORIENTED_EDGE('',*,*,#17079,.T.);
#17079 = EDGE_CURVE('',#17080,#17082,#17084,.T.);
#17080 = VERTEX_POINT('',#17081);
#17081 = CARTESIAN_POINT('',(193.021,-63.3541,1.51));
#17082 = VERTEX_POINT('',#17083);
#17083 = CARTESIAN_POINT('',(193.021,-63.3541,1.55));
#17084 = LINE('',#17085,#17086);
#17085 = CARTESIAN_POINT('',(193.021,-63.3541,1.51));
#17086 = VECTOR('',#17087,1.);
#17087 = DIRECTION('',(0.,0.,1.));
#17088 = ORIENTED_EDGE('',*,*,#17089,.T.);
#17089 = EDGE_CURVE('',#17082,#17040,#17090,.T.);
#17090 = LINE('',#17091,#17092);
#17091 = CARTESIAN_POINT('',(193.021,-63.3541,1.55));
#17092 = VECTOR('',#17093,1.);
#17093 = DIRECTION('',(0.,1.,0.));
#17094 = ORIENTED_EDGE('',*,*,#17037,.F.);
#17095 = ORIENTED_EDGE('',*,*,#17096,.F.);
#17096 = EDGE_CURVE('',#17080,#17038,#17097,.T.);
#17097 = LINE('',#17098,#17099);
#17098 = CARTESIAN_POINT('',(193.021,-63.3541,1.51));
#17099 = VECTOR('',#17100,1.);
#17100 = DIRECTION('',(0.,1.,0.));
#17101 = PLANE('',#17102);
#17102 = AXIS2_PLACEMENT_3D('',#17103,#17104,#17105);
#17103 = CARTESIAN_POINT('',(193.021,-63.3541,1.51));
#17104 = DIRECTION('',(-1.,0.,0.));
#17105 = DIRECTION('',(0.,1.,0.));
#17106 = ADVANCED_FACE('',(#17107),#17132,.T.);
#17107 = FACE_BOUND('',#17108,.T.);
#17108 = EDGE_LOOP('',(#17109,#17110,#17118,#17126));
#17109 = ORIENTED_EDGE('',*,*,#17056,.T.);
#17110 = ORIENTED_EDGE('',*,*,#17111,.T.);
#17111 = EDGE_CURVE('',#17048,#17112,#17114,.T.);
#17112 = VERTEX_POINT('',#17113);
#17113 = CARTESIAN_POINT('',(195.3006,-61.9825,1.55));
#17114 = LINE('',#17115,#17116);
#17115 = CARTESIAN_POINT('',(193.1734,-61.9825,1.55));
#17116 = VECTOR('',#17117,1.);
#17117 = DIRECTION('',(1.,0.,0.));
#17118 = ORIENTED_EDGE('',*,*,#17119,.F.);
#17119 = EDGE_CURVE('',#17120,#17112,#17122,.T.);
#17120 = VERTEX_POINT('',#17121);
#17121 = CARTESIAN_POINT('',(195.3006,-61.9825,1.51));
#17122 = LINE('',#17123,#17124);
#17123 = CARTESIAN_POINT('',(195.3006,-61.9825,1.51));
#17124 = VECTOR('',#17125,1.);
#17125 = DIRECTION('',(0.,0.,1.));
#17126 = ORIENTED_EDGE('',*,*,#17127,.F.);
#17127 = EDGE_CURVE('',#17057,#17120,#17128,.T.);
#17128 = LINE('',#17129,#17130);
#17129 = CARTESIAN_POINT('',(193.1734,-61.9825,1.51));
#17130 = VECTOR('',#17131,1.);
#17131 = DIRECTION('',(1.,0.,0.));
#17132 = PLANE('',#17133);
#17133 = AXIS2_PLACEMENT_3D('',#17134,#17135,#17136);
#17134 = CARTESIAN_POINT('',(193.1734,-61.9825,1.51));
#17135 = DIRECTION('',(0.,1.,0.));
#17136 = DIRECTION('',(1.,0.,0.));
#17137 = ADVANCED_FACE('',(#17138),#17210,.F.);
#17138 = FACE_BOUND('',#17139,.F.);
#17139 = EDGE_LOOP('',(#17140,#17141,#17142,#17151,#17159,#17168,#17176,
    #17185,#17194,#17202,#17209));
#17140 = ORIENTED_EDGE('',*,*,#17064,.F.);
#17141 = ORIENTED_EDGE('',*,*,#17096,.F.);
#17142 = ORIENTED_EDGE('',*,*,#17143,.F.);
#17143 = EDGE_CURVE('',#17144,#17080,#17146,.T.);
#17144 = VERTEX_POINT('',#17145);
#17145 = CARTESIAN_POINT('',(193.1734,-63.5065,1.51));
#17146 = CIRCLE('',#17147,0.152400250784);
#17147 = AXIS2_PLACEMENT_3D('',#17148,#17149,#17150);
#17148 = CARTESIAN_POINT('',(193.17340025078,-63.35409974921,1.51));
#17149 = DIRECTION('',(0.,0.,-1.));
#17150 = DIRECTION('',(-1.64556279575E-06,-0.999999999999,-0.));
#17151 = ORIENTED_EDGE('',*,*,#17152,.F.);
#17152 = EDGE_CURVE('',#17153,#17144,#17155,.T.);
#17153 = VERTEX_POINT('',#17154);
#17154 = CARTESIAN_POINT('',(195.3006,-63.5065,1.51));
#17155 = LINE('',#17156,#17157);
#17156 = CARTESIAN_POINT('',(195.3006,-63.5065,1.51));
#17157 = VECTOR('',#17158,1.);
#17158 = DIRECTION('',(-1.,0.,0.));
#17159 = ORIENTED_EDGE('',*,*,#17160,.F.);
#17160 = EDGE_CURVE('',#17161,#17153,#17163,.T.);
#17161 = VERTEX_POINT('',#17162);
#17162 = CARTESIAN_POINT('',(195.453,-63.3541,1.51));
#17163 = CIRCLE('',#17164,0.152400250784);
#17164 = AXIS2_PLACEMENT_3D('',#17165,#17166,#17167);
#17165 = CARTESIAN_POINT('',(195.30059974921,-63.35409974921,1.51));
#17166 = DIRECTION('',(0.,0.,-1.));
#17167 = DIRECTION('',(0.999999999999,-1.645562376139E-06,0.));
#17168 = ORIENTED_EDGE('',*,*,#17169,.F.);
#17169 = EDGE_CURVE('',#17170,#17161,#17172,.T.);
#17170 = VERTEX_POINT('',#17171);
#17171 = CARTESIAN_POINT('',(195.453,-62.92005412273,1.51));
#17172 = LINE('',#17173,#17174);
#17173 = CARTESIAN_POINT('',(195.453,-62.1349,1.51));
#17174 = VECTOR('',#17175,1.);
#17175 = DIRECTION('',(0.,-1.,0.));
#17176 = ORIENTED_EDGE('',*,*,#17177,.T.);
#17177 = EDGE_CURVE('',#17170,#17178,#17180,.T.);
#17178 = VERTEX_POINT('',#17179);
#17179 = CARTESIAN_POINT('',(195.072,-63.164,1.51));
#17180 = CIRCLE('',#17181,0.4195);
#17181 = AXIS2_PLACEMENT_3D('',#17182,#17183,#17184);
#17182 = CARTESIAN_POINT('',(195.072,-62.7445,1.51));
#17183 = DIRECTION('',(-0.,0.,-1.));
#17184 = DIRECTION('',(-0.,-1.,0.));
#17185 = ORIENTED_EDGE('',*,*,#17186,.T.);
#17186 = EDGE_CURVE('',#17178,#17187,#17189,.T.);
#17187 = VERTEX_POINT('',#17188);
#17188 = CARTESIAN_POINT('',(195.453,-62.56894587726,1.51));
#17189 = CIRCLE('',#17190,0.4195);
#17190 = AXIS2_PLACEMENT_3D('',#17191,#17192,#17193);
#17191 = CARTESIAN_POINT('',(195.072,-62.7445,1.51));
#17192 = DIRECTION('',(-0.,0.,-1.));
#17193 = DIRECTION('',(-0.,-1.,0.));
#17194 = ORIENTED_EDGE('',*,*,#17195,.F.);
#17195 = EDGE_CURVE('',#17196,#17187,#17198,.T.);
#17196 = VERTEX_POINT('',#17197);
#17197 = CARTESIAN_POINT('',(195.453,-62.1349,1.51));
#17198 = LINE('',#17199,#17200);
#17199 = CARTESIAN_POINT('',(195.453,-62.1349,1.51));
#17200 = VECTOR('',#17201,1.);
#17201 = DIRECTION('',(0.,-1.,0.));
#17202 = ORIENTED_EDGE('',*,*,#17203,.F.);
#17203 = EDGE_CURVE('',#17120,#17196,#17204,.T.);
#17204 = CIRCLE('',#17205,0.152400250784);
#17205 = AXIS2_PLACEMENT_3D('',#17206,#17207,#17208);
#17206 = CARTESIAN_POINT('',(195.30059974921,-62.13490025078,1.51));
#17207 = DIRECTION('',(0.,0.,-1.));
#17208 = DIRECTION('',(1.645562422763E-06,0.999999999999,0.));
#17209 = ORIENTED_EDGE('',*,*,#17127,.F.);
#17210 = PLANE('',#17211);
#17211 = AXIS2_PLACEMENT_3D('',#17212,#17213,#17214);
#17212 = CARTESIAN_POINT('',(0.,0.,1.51));
#17213 = DIRECTION('',(0.,0.,1.));
#17214 = DIRECTION('',(1.,0.,-0.));
#17215 = ADVANCED_FACE('',(#17216),#17288,.T.);
#17216 = FACE_BOUND('',#17217,.T.);
#17217 = EDGE_LOOP('',(#17218,#17219,#17220,#17229,#17237,#17246,#17254,
    #17263,#17272,#17280,#17287));
#17218 = ORIENTED_EDGE('',*,*,#17047,.F.);
#17219 = ORIENTED_EDGE('',*,*,#17089,.F.);
#17220 = ORIENTED_EDGE('',*,*,#17221,.F.);
#17221 = EDGE_CURVE('',#17222,#17082,#17224,.T.);
#17222 = VERTEX_POINT('',#17223);
#17223 = CARTESIAN_POINT('',(193.1734,-63.5065,1.55));
#17224 = CIRCLE('',#17225,0.152400250784);
#17225 = AXIS2_PLACEMENT_3D('',#17226,#17227,#17228);
#17226 = CARTESIAN_POINT('',(193.17340025078,-63.35409974921,1.55));
#17227 = DIRECTION('',(0.,0.,-1.));
#17228 = DIRECTION('',(-1.64556279575E-06,-0.999999999999,-0.));
#17229 = ORIENTED_EDGE('',*,*,#17230,.F.);
#17230 = EDGE_CURVE('',#17231,#17222,#17233,.T.);
#17231 = VERTEX_POINT('',#17232);
#17232 = CARTESIAN_POINT('',(195.3006,-63.5065,1.55));
#17233 = LINE('',#17234,#17235);
#17234 = CARTESIAN_POINT('',(195.3006,-63.5065,1.55));
#17235 = VECTOR('',#17236,1.);
#17236 = DIRECTION('',(-1.,0.,0.));
#17237 = ORIENTED_EDGE('',*,*,#17238,.F.);
#17238 = EDGE_CURVE('',#17239,#17231,#17241,.T.);
#17239 = VERTEX_POINT('',#17240);
#17240 = CARTESIAN_POINT('',(195.453,-63.3541,1.55));
#17241 = CIRCLE('',#17242,0.152400250784);
#17242 = AXIS2_PLACEMENT_3D('',#17243,#17244,#17245);
#17243 = CARTESIAN_POINT('',(195.30059974921,-63.35409974921,1.55));
#17244 = DIRECTION('',(0.,0.,-1.));
#17245 = DIRECTION('',(0.999999999999,-1.645562376139E-06,0.));
#17246 = ORIENTED_EDGE('',*,*,#17247,.F.);
#17247 = EDGE_CURVE('',#17248,#17239,#17250,.T.);
#17248 = VERTEX_POINT('',#17249);
#17249 = CARTESIAN_POINT('',(195.453,-62.92005412273,1.55));
#17250 = LINE('',#17251,#17252);
#17251 = CARTESIAN_POINT('',(195.453,-62.1349,1.55));
#17252 = VECTOR('',#17253,1.);
#17253 = DIRECTION('',(0.,-1.,0.));
#17254 = ORIENTED_EDGE('',*,*,#17255,.T.);
#17255 = EDGE_CURVE('',#17248,#17256,#17258,.T.);
#17256 = VERTEX_POINT('',#17257);
#17257 = CARTESIAN_POINT('',(195.072,-63.164,1.55));
#17258 = CIRCLE('',#17259,0.4195);
#17259 = AXIS2_PLACEMENT_3D('',#17260,#17261,#17262);
#17260 = CARTESIAN_POINT('',(195.072,-62.7445,1.55));
#17261 = DIRECTION('',(-0.,0.,-1.));
#17262 = DIRECTION('',(-0.,-1.,0.));
#17263 = ORIENTED_EDGE('',*,*,#17264,.T.);
#17264 = EDGE_CURVE('',#17256,#17265,#17267,.T.);
#17265 = VERTEX_POINT('',#17266);
#17266 = CARTESIAN_POINT('',(195.453,-62.56894587726,1.55));
#17267 = CIRCLE('',#17268,0.4195);
#17268 = AXIS2_PLACEMENT_3D('',#17269,#17270,#17271);
#17269 = CARTESIAN_POINT('',(195.072,-62.7445,1.55));
#17270 = DIRECTION('',(-0.,0.,-1.));
#17271 = DIRECTION('',(-0.,-1.,0.));
#17272 = ORIENTED_EDGE('',*,*,#17273,.F.);
#17273 = EDGE_CURVE('',#17274,#17265,#17276,.T.);
#17274 = VERTEX_POINT('',#17275);
#17275 = CARTESIAN_POINT('',(195.453,-62.1349,1.55));
#17276 = LINE('',#17277,#17278);
#17277 = CARTESIAN_POINT('',(195.453,-62.1349,1.55));
#17278 = VECTOR('',#17279,1.);
#17279 = DIRECTION('',(0.,-1.,0.));
#17280 = ORIENTED_EDGE('',*,*,#17281,.F.);
#17281 = EDGE_CURVE('',#17112,#17274,#17282,.T.);
#17282 = CIRCLE('',#17283,0.152400250784);
#17283 = AXIS2_PLACEMENT_3D('',#17284,#17285,#17286);
#17284 = CARTESIAN_POINT('',(195.30059974921,-62.13490025078,1.55));
#17285 = DIRECTION('',(0.,0.,-1.));
#17286 = DIRECTION('',(1.645562422763E-06,0.999999999999,0.));
#17287 = ORIENTED_EDGE('',*,*,#17111,.F.);
#17288 = PLANE('',#17289);
#17289 = AXIS2_PLACEMENT_3D('',#17290,#17291,#17292);
#17290 = CARTESIAN_POINT('',(0.,0.,1.55));
#17291 = DIRECTION('',(0.,0.,1.));
#17292 = DIRECTION('',(1.,0.,-0.));
#17293 = ADVANCED_FACE('',(#17294),#17305,.T.);
#17294 = FACE_BOUND('',#17295,.T.);
#17295 = EDGE_LOOP('',(#17296,#17302,#17303,#17304));
#17296 = ORIENTED_EDGE('',*,*,#17297,.T.);
#17297 = EDGE_CURVE('',#17144,#17222,#17298,.T.);
#17298 = LINE('',#17299,#17300);
#17299 = CARTESIAN_POINT('',(193.1734,-63.5065,1.51));
#17300 = VECTOR('',#17301,1.);
#17301 = DIRECTION('',(0.,0.,1.));
#17302 = ORIENTED_EDGE('',*,*,#17221,.T.);
#17303 = ORIENTED_EDGE('',*,*,#17079,.F.);
#17304 = ORIENTED_EDGE('',*,*,#17143,.F.);
#17305 = CYLINDRICAL_SURFACE('',#17306,0.152400250784);
#17306 = AXIS2_PLACEMENT_3D('',#17307,#17308,#17309);
#17307 = CARTESIAN_POINT('',(193.17340025078,-63.35409974921,1.51));
#17308 = DIRECTION('',(0.,0.,-1.));
#17309 = DIRECTION('',(-1.64556279575E-06,-0.999999999999,-0.));
#17310 = ADVANCED_FACE('',(#17311),#17322,.T.);
#17311 = FACE_BOUND('',#17312,.T.);
#17312 = EDGE_LOOP('',(#17313,#17314,#17315,#17321));
#17313 = ORIENTED_EDGE('',*,*,#17119,.T.);
#17314 = ORIENTED_EDGE('',*,*,#17281,.T.);
#17315 = ORIENTED_EDGE('',*,*,#17316,.F.);
#17316 = EDGE_CURVE('',#17196,#17274,#17317,.T.);
#17317 = LINE('',#17318,#17319);
#17318 = CARTESIAN_POINT('',(195.453,-62.1349,1.51));
#17319 = VECTOR('',#17320,1.);
#17320 = DIRECTION('',(0.,0.,1.));
#17321 = ORIENTED_EDGE('',*,*,#17203,.F.);
#17322 = CYLINDRICAL_SURFACE('',#17323,0.152400250784);
#17323 = AXIS2_PLACEMENT_3D('',#17324,#17325,#17326);
#17324 = CARTESIAN_POINT('',(195.30059974921,-62.13490025078,1.51));
#17325 = DIRECTION('',(0.,0.,-1.));
#17326 = DIRECTION('',(1.645562422763E-06,0.999999999999,0.));
#17327 = ADVANCED_FACE('',(#17328),#17339,.T.);
#17328 = FACE_BOUND('',#17329,.T.);
#17329 = EDGE_LOOP('',(#17330,#17331,#17332,#17333));
#17330 = ORIENTED_EDGE('',*,*,#17195,.F.);
#17331 = ORIENTED_EDGE('',*,*,#17316,.T.);
#17332 = ORIENTED_EDGE('',*,*,#17273,.T.);
#17333 = ORIENTED_EDGE('',*,*,#17334,.T.);
#17334 = EDGE_CURVE('',#17265,#17187,#17335,.T.);
#17335 = LINE('',#17336,#17337);
#17336 = CARTESIAN_POINT('',(195.453,-62.56894587729,-4.6E-02));
#17337 = VECTOR('',#17338,1.);
#17338 = DIRECTION('',(-0.,-0.,-1.));
#17339 = PLANE('',#17340);
#17340 = AXIS2_PLACEMENT_3D('',#17341,#17342,#17343);
#17341 = CARTESIAN_POINT('',(195.453,-62.1349,1.51));
#17342 = DIRECTION('',(1.,0.,-0.));
#17343 = DIRECTION('',(0.,-1.,0.));
#17344 = ADVANCED_FACE('',(#17345),#17356,.F.);
#17345 = FACE_BOUND('',#17346,.T.);
#17346 = EDGE_LOOP('',(#17347,#17353,#17354,#17355));
#17347 = ORIENTED_EDGE('',*,*,#17348,.F.);
#17348 = EDGE_CURVE('',#17178,#17256,#17349,.T.);
#17349 = LINE('',#17350,#17351);
#17350 = CARTESIAN_POINT('',(195.072,-63.164,-4.6E-02));
#17351 = VECTOR('',#17352,1.);
#17352 = DIRECTION('',(0.,0.,1.));
#17353 = ORIENTED_EDGE('',*,*,#17186,.T.);
#17354 = ORIENTED_EDGE('',*,*,#17334,.F.);
#17355 = ORIENTED_EDGE('',*,*,#17264,.F.);
#17356 = CYLINDRICAL_SURFACE('',#17357,0.4195);
#17357 = AXIS2_PLACEMENT_3D('',#17358,#17359,#17360);
#17358 = CARTESIAN_POINT('',(195.072,-62.7445,-4.6E-02));
#17359 = DIRECTION('',(-0.,-0.,-1.));
#17360 = DIRECTION('',(-0.,-1.,0.));
#17361 = ADVANCED_FACE('',(#17362),#17373,.F.);
#17362 = FACE_BOUND('',#17363,.T.);
#17363 = EDGE_LOOP('',(#17364,#17365,#17366,#17367));
#17364 = ORIENTED_EDGE('',*,*,#17177,.T.);
#17365 = ORIENTED_EDGE('',*,*,#17348,.T.);
#17366 = ORIENTED_EDGE('',*,*,#17255,.F.);
#17367 = ORIENTED_EDGE('',*,*,#17368,.T.);
#17368 = EDGE_CURVE('',#17248,#17170,#17369,.T.);
#17369 = LINE('',#17370,#17371);
#17370 = CARTESIAN_POINT('',(195.453,-62.9200541227,-4.6E-02));
#17371 = VECTOR('',#17372,1.);
#17372 = DIRECTION('',(-0.,-0.,-1.));
#17373 = CYLINDRICAL_SURFACE('',#17374,0.4195);
#17374 = AXIS2_PLACEMENT_3D('',#17375,#17376,#17377);
#17375 = CARTESIAN_POINT('',(195.072,-62.7445,-4.6E-02));
#17376 = DIRECTION('',(-0.,-0.,-1.));
#17377 = DIRECTION('',(-0.,-1.,0.));
#17378 = ADVANCED_FACE('',(#17379),#17390,.T.);
#17379 = FACE_BOUND('',#17380,.T.);
#17380 = EDGE_LOOP('',(#17381,#17382,#17383,#17384));
#17381 = ORIENTED_EDGE('',*,*,#17169,.F.);
#17382 = ORIENTED_EDGE('',*,*,#17368,.F.);
#17383 = ORIENTED_EDGE('',*,*,#17247,.T.);
#17384 = ORIENTED_EDGE('',*,*,#17385,.F.);
#17385 = EDGE_CURVE('',#17161,#17239,#17386,.T.);
#17386 = LINE('',#17387,#17388);
#17387 = CARTESIAN_POINT('',(195.453,-63.3541,1.51));
#17388 = VECTOR('',#17389,1.);
#17389 = DIRECTION('',(0.,0.,1.));
#17390 = PLANE('',#17391);
#17391 = AXIS2_PLACEMENT_3D('',#17392,#17393,#17394);
#17392 = CARTESIAN_POINT('',(195.453,-62.1349,1.51));
#17393 = DIRECTION('',(1.,0.,-0.));
#17394 = DIRECTION('',(0.,-1.,0.));
#17395 = ADVANCED_FACE('',(#17396),#17407,.T.);
#17396 = FACE_BOUND('',#17397,.T.);
#17397 = EDGE_LOOP('',(#17398,#17399,#17400,#17406));
#17398 = ORIENTED_EDGE('',*,*,#17385,.T.);
#17399 = ORIENTED_EDGE('',*,*,#17238,.T.);
#17400 = ORIENTED_EDGE('',*,*,#17401,.F.);
#17401 = EDGE_CURVE('',#17153,#17231,#17402,.T.);
#17402 = LINE('',#17403,#17404);
#17403 = CARTESIAN_POINT('',(195.3006,-63.5065,1.51));
#17404 = VECTOR('',#17405,1.);
#17405 = DIRECTION('',(0.,0.,1.));
#17406 = ORIENTED_EDGE('',*,*,#17160,.F.);
#17407 = CYLINDRICAL_SURFACE('',#17408,0.152400250784);
#17408 = AXIS2_PLACEMENT_3D('',#17409,#17410,#17411);
#17409 = CARTESIAN_POINT('',(195.30059974921,-63.35409974921,1.51));
#17410 = DIRECTION('',(0.,0.,-1.));
#17411 = DIRECTION('',(0.999999999999,-1.645562376139E-06,0.));
#17412 = ADVANCED_FACE('',(#17413),#17419,.T.);
#17413 = FACE_BOUND('',#17414,.T.);
#17414 = EDGE_LOOP('',(#17415,#17416,#17417,#17418));
#17415 = ORIENTED_EDGE('',*,*,#17401,.T.);
#17416 = ORIENTED_EDGE('',*,*,#17230,.T.);
#17417 = ORIENTED_EDGE('',*,*,#17297,.F.);
#17418 = ORIENTED_EDGE('',*,*,#17152,.F.);
#17419 = PLANE('',#17420);
#17420 = AXIS2_PLACEMENT_3D('',#17421,#17422,#17423);
#17421 = CARTESIAN_POINT('',(195.3006,-63.5065,1.51));
#17422 = DIRECTION('',(0.,-1.,0.));
#17423 = DIRECTION('',(-1.,0.,0.));
#17424 = MANIFOLD_SOLID_BREP('',#17425);
#17425 = CLOSED_SHELL('',(#17426,#17459,#17479,#17499));
#17426 = ADVANCED_FACE('',(#17427),#17454,.T.);
#17427 = FACE_BOUND('',#17428,.F.);
#17428 = EDGE_LOOP('',(#17429,#17439,#17446,#17447));
#17429 = ORIENTED_EDGE('',*,*,#17430,.T.);
#17430 = EDGE_CURVE('',#17431,#17433,#17435,.T.);
#17431 = VERTEX_POINT('',#17432);
#17432 = CARTESIAN_POINT('',(195.834,-62.7445,1.51));
#17433 = VERTEX_POINT('',#17434);
#17434 = CARTESIAN_POINT('',(195.834,-62.7445,1.55));
#17435 = LINE('',#17436,#17437);
#17436 = CARTESIAN_POINT('',(195.834,-62.7445,1.51));
#17437 = VECTOR('',#17438,1.);
#17438 = DIRECTION('',(0.,0.,1.));
#17439 = ORIENTED_EDGE('',*,*,#17440,.T.);
#17440 = EDGE_CURVE('',#17433,#17433,#17441,.T.);
#17441 = CIRCLE('',#17442,0.762);
#17442 = AXIS2_PLACEMENT_3D('',#17443,#17444,#17445);
#17443 = CARTESIAN_POINT('',(195.072,-62.7445,1.55));
#17444 = DIRECTION('',(0.,0.,1.));
#17445 = DIRECTION('',(1.,0.,-0.));
#17446 = ORIENTED_EDGE('',*,*,#17430,.F.);
#17447 = ORIENTED_EDGE('',*,*,#17448,.F.);
#17448 = EDGE_CURVE('',#17431,#17431,#17449,.T.);
#17449 = CIRCLE('',#17450,0.762);
#17450 = AXIS2_PLACEMENT_3D('',#17451,#17452,#17453);
#17451 = CARTESIAN_POINT('',(195.072,-62.7445,1.51));
#17452 = DIRECTION('',(0.,0.,1.));
#17453 = DIRECTION('',(1.,0.,-0.));
#17454 = CYLINDRICAL_SURFACE('',#17455,0.762);
#17455 = AXIS2_PLACEMENT_3D('',#17456,#17457,#17458);
#17456 = CARTESIAN_POINT('',(195.072,-62.7445,1.51));
#17457 = DIRECTION('',(-0.,-0.,-1.));
#17458 = DIRECTION('',(1.,0.,-0.));
#17459 = ADVANCED_FACE('',(#17460,#17463),#17474,.F.);
#17460 = FACE_BOUND('',#17461,.F.);
#17461 = EDGE_LOOP('',(#17462));
#17462 = ORIENTED_EDGE('',*,*,#17448,.T.);
#17463 = FACE_BOUND('',#17464,.F.);
#17464 = EDGE_LOOP('',(#17465));
#17465 = ORIENTED_EDGE('',*,*,#17466,.T.);
#17466 = EDGE_CURVE('',#17467,#17467,#17469,.T.);
#17467 = VERTEX_POINT('',#17468);
#17468 = CARTESIAN_POINT('',(195.072,-63.164,1.51));
#17469 = CIRCLE('',#17470,0.4195);
#17470 = AXIS2_PLACEMENT_3D('',#17471,#17472,#17473);
#17471 = CARTESIAN_POINT('',(195.072,-62.7445,1.51));
#17472 = DIRECTION('',(-0.,0.,-1.));
#17473 = DIRECTION('',(-0.,-1.,0.));
#17474 = PLANE('',#17475);
#17475 = AXIS2_PLACEMENT_3D('',#17476,#17477,#17478);
#17476 = CARTESIAN_POINT('',(0.,0.,1.51));
#17477 = DIRECTION('',(0.,0.,1.));
#17478 = DIRECTION('',(1.,0.,-0.));
#17479 = ADVANCED_FACE('',(#17480,#17483),#17494,.T.);
#17480 = FACE_BOUND('',#17481,.T.);
#17481 = EDGE_LOOP('',(#17482));
#17482 = ORIENTED_EDGE('',*,*,#17440,.T.);
#17483 = FACE_BOUND('',#17484,.T.);
#17484 = EDGE_LOOP('',(#17485));
#17485 = ORIENTED_EDGE('',*,*,#17486,.T.);
#17486 = EDGE_CURVE('',#17487,#17487,#17489,.T.);
#17487 = VERTEX_POINT('',#17488);
#17488 = CARTESIAN_POINT('',(195.072,-63.164,1.55));
#17489 = CIRCLE('',#17490,0.4195);
#17490 = AXIS2_PLACEMENT_3D('',#17491,#17492,#17493);
#17491 = CARTESIAN_POINT('',(195.072,-62.7445,1.55));
#17492 = DIRECTION('',(-0.,0.,-1.));
#17493 = DIRECTION('',(-0.,-1.,0.));
#17494 = PLANE('',#17495);
#17495 = AXIS2_PLACEMENT_3D('',#17496,#17497,#17498);
#17496 = CARTESIAN_POINT('',(0.,0.,1.55));
#17497 = DIRECTION('',(0.,0.,1.));
#17498 = DIRECTION('',(1.,0.,-0.));
#17499 = ADVANCED_FACE('',(#17500),#17511,.F.);
#17500 = FACE_BOUND('',#17501,.T.);
#17501 = EDGE_LOOP('',(#17502,#17503,#17509,#17510));
#17502 = ORIENTED_EDGE('',*,*,#17466,.T.);
#17503 = ORIENTED_EDGE('',*,*,#17504,.T.);
#17504 = EDGE_CURVE('',#17467,#17487,#17505,.T.);
#17505 = LINE('',#17506,#17507);
#17506 = CARTESIAN_POINT('',(195.072,-63.164,-4.6E-02));
#17507 = VECTOR('',#17508,1.);
#17508 = DIRECTION('',(0.,0.,1.));
#17509 = ORIENTED_EDGE('',*,*,#17486,.F.);
#17510 = ORIENTED_EDGE('',*,*,#17504,.F.);
#17511 = CYLINDRICAL_SURFACE('',#17512,0.4195);
#17512 = AXIS2_PLACEMENT_3D('',#17513,#17514,#17515);
#17513 = CARTESIAN_POINT('',(195.072,-62.7445,-4.6E-02));
#17514 = DIRECTION('',(-0.,-0.,-1.));
#17515 = DIRECTION('',(-0.,-1.,0.));
#17516 = MANIFOLD_SOLID_BREP('',#17517);
#17517 = CLOSED_SHELL('',(#17518,#17551,#17571,#17591));
#17518 = ADVANCED_FACE('',(#17519),#17546,.T.);
#17519 = FACE_BOUND('',#17520,.T.);
#17520 = EDGE_LOOP('',(#17521,#17531,#17538,#17539));
#17521 = ORIENTED_EDGE('',*,*,#17522,.T.);
#17522 = EDGE_CURVE('',#17523,#17525,#17527,.T.);
#17523 = VERTEX_POINT('',#17524);
#17524 = CARTESIAN_POINT('',(195.834,-62.7445,0.));
#17525 = VERTEX_POINT('',#17526);
#17526 = CARTESIAN_POINT('',(195.834,-62.7445,-4.E-02));
#17527 = LINE('',#17528,#17529);
#17528 = CARTESIAN_POINT('',(195.834,-62.7445,0.));
#17529 = VECTOR('',#17530,1.);
#17530 = DIRECTION('',(0.,0.,-1.));
#17531 = ORIENTED_EDGE('',*,*,#17532,.T.);
#17532 = EDGE_CURVE('',#17525,#17525,#17533,.T.);
#17533 = CIRCLE('',#17534,0.762);
#17534 = AXIS2_PLACEMENT_3D('',#17535,#17536,#17537);
#17535 = CARTESIAN_POINT('',(195.072,-62.7445,-4.E-02));
#17536 = DIRECTION('',(0.,0.,1.));
#17537 = DIRECTION('',(1.,0.,-0.));
#17538 = ORIENTED_EDGE('',*,*,#17522,.F.);
#17539 = ORIENTED_EDGE('',*,*,#17540,.F.);
#17540 = EDGE_CURVE('',#17523,#17523,#17541,.T.);
#17541 = CIRCLE('',#17542,0.762);
#17542 = AXIS2_PLACEMENT_3D('',#17543,#17544,#17545);
#17543 = CARTESIAN_POINT('',(195.072,-62.7445,0.));
#17544 = DIRECTION('',(0.,0.,1.));
#17545 = DIRECTION('',(1.,0.,-0.));
#17546 = CYLINDRICAL_SURFACE('',#17547,0.762);
#17547 = AXIS2_PLACEMENT_3D('',#17548,#17549,#17550);
#17548 = CARTESIAN_POINT('',(195.072,-62.7445,0.));
#17549 = DIRECTION('',(0.,0.,1.));
#17550 = DIRECTION('',(1.,0.,-0.));
#17551 = ADVANCED_FACE('',(#17552,#17555),#17566,.F.);
#17552 = FACE_BOUND('',#17553,.F.);
#17553 = EDGE_LOOP('',(#17554));
#17554 = ORIENTED_EDGE('',*,*,#17540,.F.);
#17555 = FACE_BOUND('',#17556,.F.);
#17556 = EDGE_LOOP('',(#17557));
#17557 = ORIENTED_EDGE('',*,*,#17558,.F.);
#17558 = EDGE_CURVE('',#17559,#17559,#17561,.T.);
#17559 = VERTEX_POINT('',#17560);
#17560 = CARTESIAN_POINT('',(195.072,-63.164,0.));
#17561 = CIRCLE('',#17562,0.4195);
#17562 = AXIS2_PLACEMENT_3D('',#17563,#17564,#17565);
#17563 = CARTESIAN_POINT('',(195.072,-62.7445,0.));
#17564 = DIRECTION('',(-0.,0.,-1.));
#17565 = DIRECTION('',(-0.,-1.,0.));
#17566 = PLANE('',#17567);
#17567 = AXIS2_PLACEMENT_3D('',#17568,#17569,#17570);
#17568 = CARTESIAN_POINT('',(0.,0.,0.));
#17569 = DIRECTION('',(-0.,-0.,-1.));
#17570 = DIRECTION('',(-1.,0.,0.));
#17571 = ADVANCED_FACE('',(#17572,#17575),#17586,.T.);
#17572 = FACE_BOUND('',#17573,.T.);
#17573 = EDGE_LOOP('',(#17574));
#17574 = ORIENTED_EDGE('',*,*,#17532,.F.);
#17575 = FACE_BOUND('',#17576,.T.);
#17576 = EDGE_LOOP('',(#17577));
#17577 = ORIENTED_EDGE('',*,*,#17578,.F.);
#17578 = EDGE_CURVE('',#17579,#17579,#17581,.T.);
#17579 = VERTEX_POINT('',#17580);
#17580 = CARTESIAN_POINT('',(195.072,-63.164,-4.E-02));
#17581 = CIRCLE('',#17582,0.4195);
#17582 = AXIS2_PLACEMENT_3D('',#17583,#17584,#17585);
#17583 = CARTESIAN_POINT('',(195.072,-62.7445,-4.E-02));
#17584 = DIRECTION('',(-0.,0.,-1.));
#17585 = DIRECTION('',(-0.,-1.,0.));
#17586 = PLANE('',#17587);
#17587 = AXIS2_PLACEMENT_3D('',#17588,#17589,#17590);
#17588 = CARTESIAN_POINT('',(0.,0.,-4.E-02));
#17589 = DIRECTION('',(-0.,-0.,-1.));
#17590 = DIRECTION('',(-1.,0.,0.));
#17591 = ADVANCED_FACE('',(#17592),#17603,.F.);
#17592 = FACE_BOUND('',#17593,.T.);
#17593 = EDGE_LOOP('',(#17594,#17595,#17601,#17602));
#17594 = ORIENTED_EDGE('',*,*,#17578,.T.);
#17595 = ORIENTED_EDGE('',*,*,#17596,.T.);
#17596 = EDGE_CURVE('',#17579,#17559,#17597,.T.);
#17597 = LINE('',#17598,#17599);
#17598 = CARTESIAN_POINT('',(195.072,-63.164,-4.6E-02));
#17599 = VECTOR('',#17600,1.);
#17600 = DIRECTION('',(0.,0.,1.));
#17601 = ORIENTED_EDGE('',*,*,#17558,.F.);
#17602 = ORIENTED_EDGE('',*,*,#17596,.F.);
#17603 = CYLINDRICAL_SURFACE('',#17604,0.4195);
#17604 = AXIS2_PLACEMENT_3D('',#17605,#17606,#17607);
#17605 = CARTESIAN_POINT('',(195.072,-62.7445,-4.6E-02));
#17606 = DIRECTION('',(-0.,-0.,-1.));
#17607 = DIRECTION('',(-0.,-1.,0.));
#17608 = MANIFOLD_SOLID_BREP('',#17609);
#17609 = CLOSED_SHELL('',(#17610,#17643,#17663,#17683));
#17610 = ADVANCED_FACE('',(#17611),#17638,.T.);
#17611 = FACE_BOUND('',#17612,.F.);
#17612 = EDGE_LOOP('',(#17613,#17623,#17630,#17631));
#17613 = ORIENTED_EDGE('',*,*,#17614,.T.);
#17614 = EDGE_CURVE('',#17615,#17617,#17619,.T.);
#17615 = VERTEX_POINT('',#17616);
#17616 = CARTESIAN_POINT('',(195.072,-63.189,-4.E-02));
#17617 = VERTEX_POINT('',#17618);
#17618 = CARTESIAN_POINT('',(195.072,-63.189,1.55));
#17619 = LINE('',#17620,#17621);
#17620 = CARTESIAN_POINT('',(195.072,-63.189,-4.E-02));
#17621 = VECTOR('',#17622,1.);
#17622 = DIRECTION('',(0.,0.,1.));
#17623 = ORIENTED_EDGE('',*,*,#17624,.T.);
#17624 = EDGE_CURVE('',#17617,#17617,#17625,.T.);
#17625 = CIRCLE('',#17626,0.4445);
#17626 = AXIS2_PLACEMENT_3D('',#17627,#17628,#17629);
#17627 = CARTESIAN_POINT('',(195.072,-62.7445,1.55));
#17628 = DIRECTION('',(0.,0.,1.));
#17629 = DIRECTION('',(-0.,-1.,0.));
#17630 = ORIENTED_EDGE('',*,*,#17614,.F.);
#17631 = ORIENTED_EDGE('',*,*,#17632,.F.);
#17632 = EDGE_CURVE('',#17615,#17615,#17633,.T.);
#17633 = CIRCLE('',#17634,0.4445);
#17634 = AXIS2_PLACEMENT_3D('',#17635,#17636,#17637);
#17635 = CARTESIAN_POINT('',(195.072,-62.7445,-4.E-02));
#17636 = DIRECTION('',(0.,0.,1.));
#17637 = DIRECTION('',(-0.,-1.,0.));
#17638 = CYLINDRICAL_SURFACE('',#17639,0.4445);
#17639 = AXIS2_PLACEMENT_3D('',#17640,#17641,#17642);
#17640 = CARTESIAN_POINT('',(195.072,-62.7445,-4.E-02));
#17641 = DIRECTION('',(-0.,-0.,-1.));
#17642 = DIRECTION('',(-0.,-1.,0.));
#17643 = ADVANCED_FACE('',(#17644,#17647),#17658,.F.);
#17644 = FACE_BOUND('',#17645,.F.);
#17645 = EDGE_LOOP('',(#17646));
#17646 = ORIENTED_EDGE('',*,*,#17632,.T.);
#17647 = FACE_BOUND('',#17648,.F.);
#17648 = EDGE_LOOP('',(#17649));
#17649 = ORIENTED_EDGE('',*,*,#17650,.T.);
#17650 = EDGE_CURVE('',#17651,#17651,#17653,.T.);
#17651 = VERTEX_POINT('',#17652);
#17652 = CARTESIAN_POINT('',(195.072,-63.164,-4.E-02));
#17653 = CIRCLE('',#17654,0.4195);
#17654 = AXIS2_PLACEMENT_3D('',#17655,#17656,#17657);
#17655 = CARTESIAN_POINT('',(195.072,-62.7445,-4.E-02));
#17656 = DIRECTION('',(-0.,0.,-1.));
#17657 = DIRECTION('',(-0.,-1.,0.));
#17658 = PLANE('',#17659);
#17659 = AXIS2_PLACEMENT_3D('',#17660,#17661,#17662);
#17660 = CARTESIAN_POINT('',(195.072,-63.189,-4.E-02));
#17661 = DIRECTION('',(0.,0.,1.));
#17662 = DIRECTION('',(1.,0.,-0.));
#17663 = ADVANCED_FACE('',(#17664,#17667),#17678,.T.);
#17664 = FACE_BOUND('',#17665,.T.);
#17665 = EDGE_LOOP('',(#17666));
#17666 = ORIENTED_EDGE('',*,*,#17624,.T.);
#17667 = FACE_BOUND('',#17668,.T.);
#17668 = EDGE_LOOP('',(#17669));
#17669 = ORIENTED_EDGE('',*,*,#17670,.T.);
#17670 = EDGE_CURVE('',#17671,#17671,#17673,.T.);
#17671 = VERTEX_POINT('',#17672);
#17672 = CARTESIAN_POINT('',(195.072,-63.164,1.55));
#17673 = CIRCLE('',#17674,0.4195);
#17674 = AXIS2_PLACEMENT_3D('',#17675,#17676,#17677);
#17675 = CARTESIAN_POINT('',(195.072,-62.7445,1.55));
#17676 = DIRECTION('',(-0.,0.,-1.));
#17677 = DIRECTION('',(-0.,-1.,0.));
#17678 = PLANE('',#17679);
#17679 = AXIS2_PLACEMENT_3D('',#17680,#17681,#17682);
#17680 = CARTESIAN_POINT('',(195.072,-63.189,1.55));
#17681 = DIRECTION('',(0.,0.,1.));
#17682 = DIRECTION('',(1.,0.,-0.));
#17683 = ADVANCED_FACE('',(#17684),#17695,.F.);
#17684 = FACE_BOUND('',#17685,.T.);
#17685 = EDGE_LOOP('',(#17686,#17687,#17693,#17694));
#17686 = ORIENTED_EDGE('',*,*,#17650,.T.);
#17687 = ORIENTED_EDGE('',*,*,#17688,.T.);
#17688 = EDGE_CURVE('',#17651,#17671,#17689,.T.);
#17689 = LINE('',#17690,#17691);
#17690 = CARTESIAN_POINT('',(195.072,-63.164,-4.6E-02));
#17691 = VECTOR('',#17692,1.);
#17692 = DIRECTION('',(0.,0.,1.));
#17693 = ORIENTED_EDGE('',*,*,#17670,.F.);
#17694 = ORIENTED_EDGE('',*,*,#17688,.F.);
#17695 = CYLINDRICAL_SURFACE('',#17696,0.4195);
#17696 = AXIS2_PLACEMENT_3D('',#17697,#17698,#17699);
#17697 = CARTESIAN_POINT('',(195.072,-62.7445,-4.6E-02));
#17698 = DIRECTION('',(-0.,-0.,-1.));
#17699 = DIRECTION('',(-0.,-1.,0.));
#17700 = MANIFOLD_SOLID_BREP('',#17701);
#17701 = CLOSED_SHELL('',(#17702,#17744,#17775,#17806,#17884,#17962,
    #17979,#17996,#18013,#18030,#18047,#18064,#18081));
#17702 = ADVANCED_FACE('',(#17703),#17739,.T.);
#17703 = FACE_BOUND('',#17704,.T.);
#17704 = EDGE_LOOP('',(#17705,#17715,#17724,#17732));
#17705 = ORIENTED_EDGE('',*,*,#17706,.T.);
#17706 = EDGE_CURVE('',#17707,#17709,#17711,.T.);
#17707 = VERTEX_POINT('',#17708);
#17708 = CARTESIAN_POINT('',(193.021,-67.2149,1.51));
#17709 = VERTEX_POINT('',#17710);
#17710 = CARTESIAN_POINT('',(193.021,-67.2149,1.55));
#17711 = LINE('',#17712,#17713);
#17712 = CARTESIAN_POINT('',(193.021,-67.2149,1.51));
#17713 = VECTOR('',#17714,1.);
#17714 = DIRECTION('',(0.,0.,1.));
#17715 = ORIENTED_EDGE('',*,*,#17716,.T.);
#17716 = EDGE_CURVE('',#17709,#17717,#17719,.T.);
#17717 = VERTEX_POINT('',#17718);
#17718 = CARTESIAN_POINT('',(193.1734,-67.0625,1.55));
#17719 = CIRCLE('',#17720,0.152400250784);
#17720 = AXIS2_PLACEMENT_3D('',#17721,#17722,#17723);
#17721 = CARTESIAN_POINT('',(193.17340025078,-67.21490025078,1.55));
#17722 = DIRECTION('',(0.,0.,-1.));
#17723 = DIRECTION('',(-0.999999999999,1.64556279575E-06,0.));
#17724 = ORIENTED_EDGE('',*,*,#17725,.F.);
#17725 = EDGE_CURVE('',#17726,#17717,#17728,.T.);
#17726 = VERTEX_POINT('',#17727);
#17727 = CARTESIAN_POINT('',(193.1734,-67.0625,1.51));
#17728 = LINE('',#17729,#17730);
#17729 = CARTESIAN_POINT('',(193.1734,-67.0625,1.51));
#17730 = VECTOR('',#17731,1.);
#17731 = DIRECTION('',(0.,0.,1.));
#17732 = ORIENTED_EDGE('',*,*,#17733,.F.);
#17733 = EDGE_CURVE('',#17707,#17726,#17734,.T.);
#17734 = CIRCLE('',#17735,0.152400250784);
#17735 = AXIS2_PLACEMENT_3D('',#17736,#17737,#17738);
#17736 = CARTESIAN_POINT('',(193.17340025078,-67.21490025078,1.51));
#17737 = DIRECTION('',(0.,0.,-1.));
#17738 = DIRECTION('',(-0.999999999999,1.64556279575E-06,0.));
#17739 = CYLINDRICAL_SURFACE('',#17740,0.152400250784);
#17740 = AXIS2_PLACEMENT_3D('',#17741,#17742,#17743);
#17741 = CARTESIAN_POINT('',(193.17340025078,-67.21490025078,1.51));
#17742 = DIRECTION('',(0.,0.,-1.));
#17743 = DIRECTION('',(-0.999999999999,1.64556279575E-06,0.));
#17744 = ADVANCED_FACE('',(#17745),#17770,.T.);
#17745 = FACE_BOUND('',#17746,.T.);
#17746 = EDGE_LOOP('',(#17747,#17757,#17763,#17764));
#17747 = ORIENTED_EDGE('',*,*,#17748,.T.);
#17748 = EDGE_CURVE('',#17749,#17751,#17753,.T.);
#17749 = VERTEX_POINT('',#17750);
#17750 = CARTESIAN_POINT('',(193.021,-68.4341,1.51));
#17751 = VERTEX_POINT('',#17752);
#17752 = CARTESIAN_POINT('',(193.021,-68.4341,1.55));
#17753 = LINE('',#17754,#17755);
#17754 = CARTESIAN_POINT('',(193.021,-68.4341,1.51));
#17755 = VECTOR('',#17756,1.);
#17756 = DIRECTION('',(0.,0.,1.));
#17757 = ORIENTED_EDGE('',*,*,#17758,.T.);
#17758 = EDGE_CURVE('',#17751,#17709,#17759,.T.);
#17759 = LINE('',#17760,#17761);
#17760 = CARTESIAN_POINT('',(193.021,-68.4341,1.55));
#17761 = VECTOR('',#17762,1.);
#17762 = DIRECTION('',(0.,1.,0.));
#17763 = ORIENTED_EDGE('',*,*,#17706,.F.);
#17764 = ORIENTED_EDGE('',*,*,#17765,.F.);
#17765 = EDGE_CURVE('',#17749,#17707,#17766,.T.);
#17766 = LINE('',#17767,#17768);
#17767 = CARTESIAN_POINT('',(193.021,-68.4341,1.51));
#17768 = VECTOR('',#17769,1.);
#17769 = DIRECTION('',(0.,1.,0.));
#17770 = PLANE('',#17771);
#17771 = AXIS2_PLACEMENT_3D('',#17772,#17773,#17774);
#17772 = CARTESIAN_POINT('',(193.021,-68.4341,1.51));
#17773 = DIRECTION('',(-1.,0.,0.));
#17774 = DIRECTION('',(0.,1.,0.));
#17775 = ADVANCED_FACE('',(#17776),#17801,.T.);
#17776 = FACE_BOUND('',#17777,.T.);
#17777 = EDGE_LOOP('',(#17778,#17779,#17787,#17795));
#17778 = ORIENTED_EDGE('',*,*,#17725,.T.);
#17779 = ORIENTED_EDGE('',*,*,#17780,.T.);
#17780 = EDGE_CURVE('',#17717,#17781,#17783,.T.);
#17781 = VERTEX_POINT('',#17782);
#17782 = CARTESIAN_POINT('',(195.3006,-67.0625,1.55));
#17783 = LINE('',#17784,#17785);
#17784 = CARTESIAN_POINT('',(193.1734,-67.0625,1.55));
#17785 = VECTOR('',#17786,1.);
#17786 = DIRECTION('',(1.,0.,0.));
#17787 = ORIENTED_EDGE('',*,*,#17788,.F.);
#17788 = EDGE_CURVE('',#17789,#17781,#17791,.T.);
#17789 = VERTEX_POINT('',#17790);
#17790 = CARTESIAN_POINT('',(195.3006,-67.0625,1.51));
#17791 = LINE('',#17792,#17793);
#17792 = CARTESIAN_POINT('',(195.3006,-67.0625,1.51));
#17793 = VECTOR('',#17794,1.);
#17794 = DIRECTION('',(0.,0.,1.));
#17795 = ORIENTED_EDGE('',*,*,#17796,.F.);
#17796 = EDGE_CURVE('',#17726,#17789,#17797,.T.);
#17797 = LINE('',#17798,#17799);
#17798 = CARTESIAN_POINT('',(193.1734,-67.0625,1.51));
#17799 = VECTOR('',#17800,1.);
#17800 = DIRECTION('',(1.,0.,0.));
#17801 = PLANE('',#17802);
#17802 = AXIS2_PLACEMENT_3D('',#17803,#17804,#17805);
#17803 = CARTESIAN_POINT('',(193.1734,-67.0625,1.51));
#17804 = DIRECTION('',(0.,1.,0.));
#17805 = DIRECTION('',(1.,0.,0.));
#17806 = ADVANCED_FACE('',(#17807),#17879,.F.);
#17807 = FACE_BOUND('',#17808,.F.);
#17808 = EDGE_LOOP('',(#17809,#17810,#17811,#17820,#17828,#17837,#17845,
    #17854,#17863,#17871,#17878));
#17809 = ORIENTED_EDGE('',*,*,#17733,.F.);
#17810 = ORIENTED_EDGE('',*,*,#17765,.F.);
#17811 = ORIENTED_EDGE('',*,*,#17812,.F.);
#17812 = EDGE_CURVE('',#17813,#17749,#17815,.T.);
#17813 = VERTEX_POINT('',#17814);
#17814 = CARTESIAN_POINT('',(193.1734,-68.5865,1.51));
#17815 = CIRCLE('',#17816,0.152400250784);
#17816 = AXIS2_PLACEMENT_3D('',#17817,#17818,#17819);
#17817 = CARTESIAN_POINT('',(193.17340025078,-68.43409974921,1.51));
#17818 = DIRECTION('',(0.,0.,-1.));
#17819 = DIRECTION('',(-1.64556279575E-06,-0.999999999999,-0.));
#17820 = ORIENTED_EDGE('',*,*,#17821,.F.);
#17821 = EDGE_CURVE('',#17822,#17813,#17824,.T.);
#17822 = VERTEX_POINT('',#17823);
#17823 = CARTESIAN_POINT('',(195.3006,-68.5865,1.51));
#17824 = LINE('',#17825,#17826);
#17825 = CARTESIAN_POINT('',(195.3006,-68.5865,1.51));
#17826 = VECTOR('',#17827,1.);
#17827 = DIRECTION('',(-1.,0.,0.));
#17828 = ORIENTED_EDGE('',*,*,#17829,.F.);
#17829 = EDGE_CURVE('',#17830,#17822,#17832,.T.);
#17830 = VERTEX_POINT('',#17831);
#17831 = CARTESIAN_POINT('',(195.453,-68.4341,1.51));
#17832 = CIRCLE('',#17833,0.152400250784);
#17833 = AXIS2_PLACEMENT_3D('',#17834,#17835,#17836);
#17834 = CARTESIAN_POINT('',(195.30059974921,-68.43409974921,1.51));
#17835 = DIRECTION('',(0.,0.,-1.));
#17836 = DIRECTION('',(0.999999999999,-1.645562329516E-06,0.));
#17837 = ORIENTED_EDGE('',*,*,#17838,.F.);
#17838 = EDGE_CURVE('',#17839,#17830,#17841,.T.);
#17839 = VERTEX_POINT('',#17840);
#17840 = CARTESIAN_POINT('',(195.453,-68.00005412269,1.51));
#17841 = LINE('',#17842,#17843);
#17842 = CARTESIAN_POINT('',(195.453,-67.2149,1.51));
#17843 = VECTOR('',#17844,1.);
#17844 = DIRECTION('',(0.,-1.,0.));
#17845 = ORIENTED_EDGE('',*,*,#17846,.T.);
#17846 = EDGE_CURVE('',#17839,#17847,#17849,.T.);
#17847 = VERTEX_POINT('',#17848);
#17848 = CARTESIAN_POINT('',(195.072,-68.244,1.51));
#17849 = CIRCLE('',#17850,0.4195);
#17850 = AXIS2_PLACEMENT_3D('',#17851,#17852,#17853);
#17851 = CARTESIAN_POINT('',(195.072,-67.8245,1.51));
#17852 = DIRECTION('',(-0.,0.,-1.));
#17853 = DIRECTION('',(-0.,-1.,0.));
#17854 = ORIENTED_EDGE('',*,*,#17855,.T.);
#17855 = EDGE_CURVE('',#17847,#17856,#17858,.T.);
#17856 = VERTEX_POINT('',#17857);
#17857 = CARTESIAN_POINT('',(195.453,-67.64894587731,1.51));
#17858 = CIRCLE('',#17859,0.4195);
#17859 = AXIS2_PLACEMENT_3D('',#17860,#17861,#17862);
#17860 = CARTESIAN_POINT('',(195.072,-67.8245,1.51));
#17861 = DIRECTION('',(-0.,0.,-1.));
#17862 = DIRECTION('',(-0.,-1.,0.));
#17863 = ORIENTED_EDGE('',*,*,#17864,.F.);
#17864 = EDGE_CURVE('',#17865,#17856,#17867,.T.);
#17865 = VERTEX_POINT('',#17866);
#17866 = CARTESIAN_POINT('',(195.453,-67.2149,1.51));
#17867 = LINE('',#17868,#17869);
#17868 = CARTESIAN_POINT('',(195.453,-67.2149,1.51));
#17869 = VECTOR('',#17870,1.);
#17870 = DIRECTION('',(0.,-1.,0.));
#17871 = ORIENTED_EDGE('',*,*,#17872,.F.);
#17872 = EDGE_CURVE('',#17789,#17865,#17873,.T.);
#17873 = CIRCLE('',#17874,0.152400250784);
#17874 = AXIS2_PLACEMENT_3D('',#17875,#17876,#17877);
#17875 = CARTESIAN_POINT('',(195.30059974921,-67.21490025078,1.51));
#17876 = DIRECTION('',(0.,0.,-1.));
#17877 = DIRECTION('',(1.645562236269E-06,0.999999999999,0.));
#17878 = ORIENTED_EDGE('',*,*,#17796,.F.);
#17879 = PLANE('',#17880);
#17880 = AXIS2_PLACEMENT_3D('',#17881,#17882,#17883);
#17881 = CARTESIAN_POINT('',(0.,0.,1.51));
#17882 = DIRECTION('',(0.,0.,1.));
#17883 = DIRECTION('',(1.,0.,-0.));
#17884 = ADVANCED_FACE('',(#17885),#17957,.T.);
#17885 = FACE_BOUND('',#17886,.T.);
#17886 = EDGE_LOOP('',(#17887,#17888,#17889,#17898,#17906,#17915,#17923,
    #17932,#17941,#17949,#17956));
#17887 = ORIENTED_EDGE('',*,*,#17716,.F.);
#17888 = ORIENTED_EDGE('',*,*,#17758,.F.);
#17889 = ORIENTED_EDGE('',*,*,#17890,.F.);
#17890 = EDGE_CURVE('',#17891,#17751,#17893,.T.);
#17891 = VERTEX_POINT('',#17892);
#17892 = CARTESIAN_POINT('',(193.1734,-68.5865,1.55));
#17893 = CIRCLE('',#17894,0.152400250784);
#17894 = AXIS2_PLACEMENT_3D('',#17895,#17896,#17897);
#17895 = CARTESIAN_POINT('',(193.17340025078,-68.43409974921,1.55));
#17896 = DIRECTION('',(0.,0.,-1.));
#17897 = DIRECTION('',(-1.64556279575E-06,-0.999999999999,-0.));
#17898 = ORIENTED_EDGE('',*,*,#17899,.F.);
#17899 = EDGE_CURVE('',#17900,#17891,#17902,.T.);
#17900 = VERTEX_POINT('',#17901);
#17901 = CARTESIAN_POINT('',(195.3006,-68.5865,1.55));
#17902 = LINE('',#17903,#17904);
#17903 = CARTESIAN_POINT('',(195.3006,-68.5865,1.55));
#17904 = VECTOR('',#17905,1.);
#17905 = DIRECTION('',(-1.,0.,0.));
#17906 = ORIENTED_EDGE('',*,*,#17907,.F.);
#17907 = EDGE_CURVE('',#17908,#17900,#17910,.T.);
#17908 = VERTEX_POINT('',#17909);
#17909 = CARTESIAN_POINT('',(195.453,-68.4341,1.55));
#17910 = CIRCLE('',#17911,0.152400250784);
#17911 = AXIS2_PLACEMENT_3D('',#17912,#17913,#17914);
#17912 = CARTESIAN_POINT('',(195.30059974921,-68.43409974921,1.55));
#17913 = DIRECTION('',(0.,0.,-1.));
#17914 = DIRECTION('',(0.999999999999,-1.645562329516E-06,0.));
#17915 = ORIENTED_EDGE('',*,*,#17916,.F.);
#17916 = EDGE_CURVE('',#17917,#17908,#17919,.T.);
#17917 = VERTEX_POINT('',#17918);
#17918 = CARTESIAN_POINT('',(195.453,-68.00005412269,1.55));
#17919 = LINE('',#17920,#17921);
#17920 = CARTESIAN_POINT('',(195.453,-67.2149,1.55));
#17921 = VECTOR('',#17922,1.);
#17922 = DIRECTION('',(0.,-1.,0.));
#17923 = ORIENTED_EDGE('',*,*,#17924,.T.);
#17924 = EDGE_CURVE('',#17917,#17925,#17927,.T.);
#17925 = VERTEX_POINT('',#17926);
#17926 = CARTESIAN_POINT('',(195.072,-68.244,1.55));
#17927 = CIRCLE('',#17928,0.4195);
#17928 = AXIS2_PLACEMENT_3D('',#17929,#17930,#17931);
#17929 = CARTESIAN_POINT('',(195.072,-67.8245,1.55));
#17930 = DIRECTION('',(-0.,0.,-1.));
#17931 = DIRECTION('',(-0.,-1.,0.));
#17932 = ORIENTED_EDGE('',*,*,#17933,.T.);
#17933 = EDGE_CURVE('',#17925,#17934,#17936,.T.);
#17934 = VERTEX_POINT('',#17935);
#17935 = CARTESIAN_POINT('',(195.453,-67.64894587731,1.55));
#17936 = CIRCLE('',#17937,0.4195);
#17937 = AXIS2_PLACEMENT_3D('',#17938,#17939,#17940);
#17938 = CARTESIAN_POINT('',(195.072,-67.8245,1.55));
#17939 = DIRECTION('',(-0.,0.,-1.));
#17940 = DIRECTION('',(-0.,-1.,0.));
#17941 = ORIENTED_EDGE('',*,*,#17942,.F.);
#17942 = EDGE_CURVE('',#17943,#17934,#17945,.T.);
#17943 = VERTEX_POINT('',#17944);
#17944 = CARTESIAN_POINT('',(195.453,-67.2149,1.55));
#17945 = LINE('',#17946,#17947);
#17946 = CARTESIAN_POINT('',(195.453,-67.2149,1.55));
#17947 = VECTOR('',#17948,1.);
#17948 = DIRECTION('',(0.,-1.,0.));
#17949 = ORIENTED_EDGE('',*,*,#17950,.F.);
#17950 = EDGE_CURVE('',#17781,#17943,#17951,.T.);
#17951 = CIRCLE('',#17952,0.152400250784);
#17952 = AXIS2_PLACEMENT_3D('',#17953,#17954,#17955);
#17953 = CARTESIAN_POINT('',(195.30059974921,-67.21490025078,1.55));
#17954 = DIRECTION('',(0.,0.,-1.));
#17955 = DIRECTION('',(1.645562236269E-06,0.999999999999,0.));
#17956 = ORIENTED_EDGE('',*,*,#17780,.F.);
#17957 = PLANE('',#17958);
#17958 = AXIS2_PLACEMENT_3D('',#17959,#17960,#17961);
#17959 = CARTESIAN_POINT('',(0.,0.,1.55));
#17960 = DIRECTION('',(0.,0.,1.));
#17961 = DIRECTION('',(1.,0.,-0.));
#17962 = ADVANCED_FACE('',(#17963),#17974,.T.);
#17963 = FACE_BOUND('',#17964,.T.);
#17964 = EDGE_LOOP('',(#17965,#17971,#17972,#17973));
#17965 = ORIENTED_EDGE('',*,*,#17966,.T.);
#17966 = EDGE_CURVE('',#17813,#17891,#17967,.T.);
#17967 = LINE('',#17968,#17969);
#17968 = CARTESIAN_POINT('',(193.1734,-68.5865,1.51));
#17969 = VECTOR('',#17970,1.);
#17970 = DIRECTION('',(0.,0.,1.));
#17971 = ORIENTED_EDGE('',*,*,#17890,.T.);
#17972 = ORIENTED_EDGE('',*,*,#17748,.F.);
#17973 = ORIENTED_EDGE('',*,*,#17812,.F.);
#17974 = CYLINDRICAL_SURFACE('',#17975,0.152400250784);
#17975 = AXIS2_PLACEMENT_3D('',#17976,#17977,#17978);
#17976 = CARTESIAN_POINT('',(193.17340025078,-68.43409974921,1.51));
#17977 = DIRECTION('',(0.,0.,-1.));
#17978 = DIRECTION('',(-1.64556279575E-06,-0.999999999999,-0.));
#17979 = ADVANCED_FACE('',(#17980),#17991,.T.);
#17980 = FACE_BOUND('',#17981,.T.);
#17981 = EDGE_LOOP('',(#17982,#17983,#17984,#17990));
#17982 = ORIENTED_EDGE('',*,*,#17788,.T.);
#17983 = ORIENTED_EDGE('',*,*,#17950,.T.);
#17984 = ORIENTED_EDGE('',*,*,#17985,.F.);
#17985 = EDGE_CURVE('',#17865,#17943,#17986,.T.);
#17986 = LINE('',#17987,#17988);
#17987 = CARTESIAN_POINT('',(195.453,-67.2149,1.51));
#17988 = VECTOR('',#17989,1.);
#17989 = DIRECTION('',(0.,0.,1.));
#17990 = ORIENTED_EDGE('',*,*,#17872,.F.);
#17991 = CYLINDRICAL_SURFACE('',#17992,0.152400250784);
#17992 = AXIS2_PLACEMENT_3D('',#17993,#17994,#17995);
#17993 = CARTESIAN_POINT('',(195.30059974921,-67.21490025078,1.51));
#17994 = DIRECTION('',(0.,0.,-1.));
#17995 = DIRECTION('',(1.645562236269E-06,0.999999999999,0.));
#17996 = ADVANCED_FACE('',(#17997),#18008,.T.);
#17997 = FACE_BOUND('',#17998,.T.);
#17998 = EDGE_LOOP('',(#17999,#18000,#18001,#18002));
#17999 = ORIENTED_EDGE('',*,*,#17864,.F.);
#18000 = ORIENTED_EDGE('',*,*,#17985,.T.);
#18001 = ORIENTED_EDGE('',*,*,#17942,.T.);
#18002 = ORIENTED_EDGE('',*,*,#18003,.T.);
#18003 = EDGE_CURVE('',#17934,#17856,#18004,.T.);
#18004 = LINE('',#18005,#18006);
#18005 = CARTESIAN_POINT('',(195.453,-67.64894587729,-4.6E-02));
#18006 = VECTOR('',#18007,1.);
#18007 = DIRECTION('',(-0.,-0.,-1.));
#18008 = PLANE('',#18009);
#18009 = AXIS2_PLACEMENT_3D('',#18010,#18011,#18012);
#18010 = CARTESIAN_POINT('',(195.453,-67.2149,1.51));
#18011 = DIRECTION('',(1.,0.,-0.));
#18012 = DIRECTION('',(0.,-1.,0.));
#18013 = ADVANCED_FACE('',(#18014),#18025,.F.);
#18014 = FACE_BOUND('',#18015,.T.);
#18015 = EDGE_LOOP('',(#18016,#18022,#18023,#18024));
#18016 = ORIENTED_EDGE('',*,*,#18017,.F.);
#18017 = EDGE_CURVE('',#17847,#17925,#18018,.T.);
#18018 = LINE('',#18019,#18020);
#18019 = CARTESIAN_POINT('',(195.072,-68.244,-4.6E-02));
#18020 = VECTOR('',#18021,1.);
#18021 = DIRECTION('',(0.,0.,1.));
#18022 = ORIENTED_EDGE('',*,*,#17855,.T.);
#18023 = ORIENTED_EDGE('',*,*,#18003,.F.);
#18024 = ORIENTED_EDGE('',*,*,#17933,.F.);
#18025 = CYLINDRICAL_SURFACE('',#18026,0.4195);
#18026 = AXIS2_PLACEMENT_3D('',#18027,#18028,#18029);
#18027 = CARTESIAN_POINT('',(195.072,-67.8245,-4.6E-02));
#18028 = DIRECTION('',(-0.,-0.,-1.));
#18029 = DIRECTION('',(-0.,-1.,0.));
#18030 = ADVANCED_FACE('',(#18031),#18042,.F.);
#18031 = FACE_BOUND('',#18032,.T.);
#18032 = EDGE_LOOP('',(#18033,#18034,#18035,#18036));
#18033 = ORIENTED_EDGE('',*,*,#17846,.T.);
#18034 = ORIENTED_EDGE('',*,*,#18017,.T.);
#18035 = ORIENTED_EDGE('',*,*,#17924,.F.);
#18036 = ORIENTED_EDGE('',*,*,#18037,.T.);
#18037 = EDGE_CURVE('',#17917,#17839,#18038,.T.);
#18038 = LINE('',#18039,#18040);
#18039 = CARTESIAN_POINT('',(195.453,-68.0000541227,-4.6E-02));
#18040 = VECTOR('',#18041,1.);
#18041 = DIRECTION('',(-0.,-0.,-1.));
#18042 = CYLINDRICAL_SURFACE('',#18043,0.4195);
#18043 = AXIS2_PLACEMENT_3D('',#18044,#18045,#18046);
#18044 = CARTESIAN_POINT('',(195.072,-67.8245,-4.6E-02));
#18045 = DIRECTION('',(-0.,-0.,-1.));
#18046 = DIRECTION('',(-0.,-1.,0.));
#18047 = ADVANCED_FACE('',(#18048),#18059,.T.);
#18048 = FACE_BOUND('',#18049,.T.);
#18049 = EDGE_LOOP('',(#18050,#18051,#18052,#18053));
#18050 = ORIENTED_EDGE('',*,*,#17838,.F.);
#18051 = ORIENTED_EDGE('',*,*,#18037,.F.);
#18052 = ORIENTED_EDGE('',*,*,#17916,.T.);
#18053 = ORIENTED_EDGE('',*,*,#18054,.F.);
#18054 = EDGE_CURVE('',#17830,#17908,#18055,.T.);
#18055 = LINE('',#18056,#18057);
#18056 = CARTESIAN_POINT('',(195.453,-68.4341,1.51));
#18057 = VECTOR('',#18058,1.);
#18058 = DIRECTION('',(0.,0.,1.));
#18059 = PLANE('',#18060);
#18060 = AXIS2_PLACEMENT_3D('',#18061,#18062,#18063);
#18061 = CARTESIAN_POINT('',(195.453,-67.2149,1.51));
#18062 = DIRECTION('',(1.,0.,-0.));
#18063 = DIRECTION('',(0.,-1.,0.));
#18064 = ADVANCED_FACE('',(#18065),#18076,.T.);
#18065 = FACE_BOUND('',#18066,.T.);
#18066 = EDGE_LOOP('',(#18067,#18068,#18069,#18075));
#18067 = ORIENTED_EDGE('',*,*,#18054,.T.);
#18068 = ORIENTED_EDGE('',*,*,#17907,.T.);
#18069 = ORIENTED_EDGE('',*,*,#18070,.F.);
#18070 = EDGE_CURVE('',#17822,#17900,#18071,.T.);
#18071 = LINE('',#18072,#18073);
#18072 = CARTESIAN_POINT('',(195.3006,-68.5865,1.51));
#18073 = VECTOR('',#18074,1.);
#18074 = DIRECTION('',(0.,0.,1.));
#18075 = ORIENTED_EDGE('',*,*,#17829,.F.);
#18076 = CYLINDRICAL_SURFACE('',#18077,0.152400250784);
#18077 = AXIS2_PLACEMENT_3D('',#18078,#18079,#18080);
#18078 = CARTESIAN_POINT('',(195.30059974921,-68.43409974921,1.51));
#18079 = DIRECTION('',(0.,0.,-1.));
#18080 = DIRECTION('',(0.999999999999,-1.645562329516E-06,0.));
#18081 = ADVANCED_FACE('',(#18082),#18088,.T.);
#18082 = FACE_BOUND('',#18083,.T.);
#18083 = EDGE_LOOP('',(#18084,#18085,#18086,#18087));
#18084 = ORIENTED_EDGE('',*,*,#18070,.T.);
#18085 = ORIENTED_EDGE('',*,*,#17899,.T.);
#18086 = ORIENTED_EDGE('',*,*,#17966,.F.);
#18087 = ORIENTED_EDGE('',*,*,#17821,.F.);
#18088 = PLANE('',#18089);
#18089 = AXIS2_PLACEMENT_3D('',#18090,#18091,#18092);
#18090 = CARTESIAN_POINT('',(195.3006,-68.5865,1.51));
#18091 = DIRECTION('',(0.,-1.,0.));
#18092 = DIRECTION('',(-1.,0.,0.));
#18093 = MANIFOLD_SOLID_BREP('',#18094);
#18094 = CLOSED_SHELL('',(#18095,#18128,#18148,#18168));
#18095 = ADVANCED_FACE('',(#18096),#18123,.T.);
#18096 = FACE_BOUND('',#18097,.F.);
#18097 = EDGE_LOOP('',(#18098,#18108,#18115,#18116));
#18098 = ORIENTED_EDGE('',*,*,#18099,.T.);
#18099 = EDGE_CURVE('',#18100,#18102,#18104,.T.);
#18100 = VERTEX_POINT('',#18101);
#18101 = CARTESIAN_POINT('',(195.834,-67.8245,1.51));
#18102 = VERTEX_POINT('',#18103);
#18103 = CARTESIAN_POINT('',(195.834,-67.8245,1.55));
#18104 = LINE('',#18105,#18106);
#18105 = CARTESIAN_POINT('',(195.834,-67.8245,1.51));
#18106 = VECTOR('',#18107,1.);
#18107 = DIRECTION('',(0.,0.,1.));
#18108 = ORIENTED_EDGE('',*,*,#18109,.T.);
#18109 = EDGE_CURVE('',#18102,#18102,#18110,.T.);
#18110 = CIRCLE('',#18111,0.762);
#18111 = AXIS2_PLACEMENT_3D('',#18112,#18113,#18114);
#18112 = CARTESIAN_POINT('',(195.072,-67.8245,1.55));
#18113 = DIRECTION('',(0.,0.,1.));
#18114 = DIRECTION('',(1.,0.,-0.));
#18115 = ORIENTED_EDGE('',*,*,#18099,.F.);
#18116 = ORIENTED_EDGE('',*,*,#18117,.F.);
#18117 = EDGE_CURVE('',#18100,#18100,#18118,.T.);
#18118 = CIRCLE('',#18119,0.762);
#18119 = AXIS2_PLACEMENT_3D('',#18120,#18121,#18122);
#18120 = CARTESIAN_POINT('',(195.072,-67.8245,1.51));
#18121 = DIRECTION('',(0.,0.,1.));
#18122 = DIRECTION('',(1.,0.,-0.));
#18123 = CYLINDRICAL_SURFACE('',#18124,0.762);
#18124 = AXIS2_PLACEMENT_3D('',#18125,#18126,#18127);
#18125 = CARTESIAN_POINT('',(195.072,-67.8245,1.51));
#18126 = DIRECTION('',(-0.,-0.,-1.));
#18127 = DIRECTION('',(1.,0.,-0.));
#18128 = ADVANCED_FACE('',(#18129,#18132),#18143,.F.);
#18129 = FACE_BOUND('',#18130,.F.);
#18130 = EDGE_LOOP('',(#18131));
#18131 = ORIENTED_EDGE('',*,*,#18117,.T.);
#18132 = FACE_BOUND('',#18133,.F.);
#18133 = EDGE_LOOP('',(#18134));
#18134 = ORIENTED_EDGE('',*,*,#18135,.T.);
#18135 = EDGE_CURVE('',#18136,#18136,#18138,.T.);
#18136 = VERTEX_POINT('',#18137);
#18137 = CARTESIAN_POINT('',(195.072,-68.244,1.51));
#18138 = CIRCLE('',#18139,0.4195);
#18139 = AXIS2_PLACEMENT_3D('',#18140,#18141,#18142);
#18140 = CARTESIAN_POINT('',(195.072,-67.8245,1.51));
#18141 = DIRECTION('',(-0.,0.,-1.));
#18142 = DIRECTION('',(-0.,-1.,0.));
#18143 = PLANE('',#18144);
#18144 = AXIS2_PLACEMENT_3D('',#18145,#18146,#18147);
#18145 = CARTESIAN_POINT('',(0.,0.,1.51));
#18146 = DIRECTION('',(0.,0.,1.));
#18147 = DIRECTION('',(1.,0.,-0.));
#18148 = ADVANCED_FACE('',(#18149,#18152),#18163,.T.);
#18149 = FACE_BOUND('',#18150,.T.);
#18150 = EDGE_LOOP('',(#18151));
#18151 = ORIENTED_EDGE('',*,*,#18109,.T.);
#18152 = FACE_BOUND('',#18153,.T.);
#18153 = EDGE_LOOP('',(#18154));
#18154 = ORIENTED_EDGE('',*,*,#18155,.T.);
#18155 = EDGE_CURVE('',#18156,#18156,#18158,.T.);
#18156 = VERTEX_POINT('',#18157);
#18157 = CARTESIAN_POINT('',(195.072,-68.244,1.55));
#18158 = CIRCLE('',#18159,0.4195);
#18159 = AXIS2_PLACEMENT_3D('',#18160,#18161,#18162);
#18160 = CARTESIAN_POINT('',(195.072,-67.8245,1.55));
#18161 = DIRECTION('',(-0.,0.,-1.));
#18162 = DIRECTION('',(-0.,-1.,0.));
#18163 = PLANE('',#18164);
#18164 = AXIS2_PLACEMENT_3D('',#18165,#18166,#18167);
#18165 = CARTESIAN_POINT('',(0.,0.,1.55));
#18166 = DIRECTION('',(0.,0.,1.));
#18167 = DIRECTION('',(1.,0.,-0.));
#18168 = ADVANCED_FACE('',(#18169),#18180,.F.);
#18169 = FACE_BOUND('',#18170,.T.);
#18170 = EDGE_LOOP('',(#18171,#18172,#18178,#18179));
#18171 = ORIENTED_EDGE('',*,*,#18135,.T.);
#18172 = ORIENTED_EDGE('',*,*,#18173,.T.);
#18173 = EDGE_CURVE('',#18136,#18156,#18174,.T.);
#18174 = LINE('',#18175,#18176);
#18175 = CARTESIAN_POINT('',(195.072,-68.244,-4.6E-02));
#18176 = VECTOR('',#18177,1.);
#18177 = DIRECTION('',(0.,0.,1.));
#18178 = ORIENTED_EDGE('',*,*,#18155,.F.);
#18179 = ORIENTED_EDGE('',*,*,#18173,.F.);
#18180 = CYLINDRICAL_SURFACE('',#18181,0.4195);
#18181 = AXIS2_PLACEMENT_3D('',#18182,#18183,#18184);
#18182 = CARTESIAN_POINT('',(195.072,-67.8245,-4.6E-02));
#18183 = DIRECTION('',(-0.,-0.,-1.));
#18184 = DIRECTION('',(-0.,-1.,0.));
#18185 = MANIFOLD_SOLID_BREP('',#18186);
#18186 = CLOSED_SHELL('',(#18187,#18220,#18240,#18260));
#18187 = ADVANCED_FACE('',(#18188),#18215,.T.);
#18188 = FACE_BOUND('',#18189,.T.);
#18189 = EDGE_LOOP('',(#18190,#18200,#18207,#18208));
#18190 = ORIENTED_EDGE('',*,*,#18191,.T.);
#18191 = EDGE_CURVE('',#18192,#18194,#18196,.T.);
#18192 = VERTEX_POINT('',#18193);
#18193 = CARTESIAN_POINT('',(195.834,-67.8245,0.));
#18194 = VERTEX_POINT('',#18195);
#18195 = CARTESIAN_POINT('',(195.834,-67.8245,-4.E-02));
#18196 = LINE('',#18197,#18198);
#18197 = CARTESIAN_POINT('',(195.834,-67.8245,0.));
#18198 = VECTOR('',#18199,1.);
#18199 = DIRECTION('',(0.,0.,-1.));
#18200 = ORIENTED_EDGE('',*,*,#18201,.T.);
#18201 = EDGE_CURVE('',#18194,#18194,#18202,.T.);
#18202 = CIRCLE('',#18203,0.762);
#18203 = AXIS2_PLACEMENT_3D('',#18204,#18205,#18206);
#18204 = CARTESIAN_POINT('',(195.072,-67.8245,-4.E-02));
#18205 = DIRECTION('',(0.,0.,1.));
#18206 = DIRECTION('',(1.,0.,-0.));
#18207 = ORIENTED_EDGE('',*,*,#18191,.F.);
#18208 = ORIENTED_EDGE('',*,*,#18209,.F.);
#18209 = EDGE_CURVE('',#18192,#18192,#18210,.T.);
#18210 = CIRCLE('',#18211,0.762);
#18211 = AXIS2_PLACEMENT_3D('',#18212,#18213,#18214);
#18212 = CARTESIAN_POINT('',(195.072,-67.8245,0.));
#18213 = DIRECTION('',(0.,0.,1.));
#18214 = DIRECTION('',(1.,0.,-0.));
#18215 = CYLINDRICAL_SURFACE('',#18216,0.762);
#18216 = AXIS2_PLACEMENT_3D('',#18217,#18218,#18219);
#18217 = CARTESIAN_POINT('',(195.072,-67.8245,0.));
#18218 = DIRECTION('',(0.,0.,1.));
#18219 = DIRECTION('',(1.,0.,-0.));
#18220 = ADVANCED_FACE('',(#18221,#18224),#18235,.F.);
#18221 = FACE_BOUND('',#18222,.F.);
#18222 = EDGE_LOOP('',(#18223));
#18223 = ORIENTED_EDGE('',*,*,#18209,.F.);
#18224 = FACE_BOUND('',#18225,.F.);
#18225 = EDGE_LOOP('',(#18226));
#18226 = ORIENTED_EDGE('',*,*,#18227,.F.);
#18227 = EDGE_CURVE('',#18228,#18228,#18230,.T.);
#18228 = VERTEX_POINT('',#18229);
#18229 = CARTESIAN_POINT('',(195.072,-68.244,0.));
#18230 = CIRCLE('',#18231,0.4195);
#18231 = AXIS2_PLACEMENT_3D('',#18232,#18233,#18234);
#18232 = CARTESIAN_POINT('',(195.072,-67.8245,0.));
#18233 = DIRECTION('',(-0.,0.,-1.));
#18234 = DIRECTION('',(-0.,-1.,0.));
#18235 = PLANE('',#18236);
#18236 = AXIS2_PLACEMENT_3D('',#18237,#18238,#18239);
#18237 = CARTESIAN_POINT('',(0.,0.,0.));
#18238 = DIRECTION('',(-0.,-0.,-1.));
#18239 = DIRECTION('',(-1.,0.,0.));
#18240 = ADVANCED_FACE('',(#18241,#18244),#18255,.T.);
#18241 = FACE_BOUND('',#18242,.T.);
#18242 = EDGE_LOOP('',(#18243));
#18243 = ORIENTED_EDGE('',*,*,#18201,.F.);
#18244 = FACE_BOUND('',#18245,.T.);
#18245 = EDGE_LOOP('',(#18246));
#18246 = ORIENTED_EDGE('',*,*,#18247,.F.);
#18247 = EDGE_CURVE('',#18248,#18248,#18250,.T.);
#18248 = VERTEX_POINT('',#18249);
#18249 = CARTESIAN_POINT('',(195.072,-68.244,-4.E-02));
#18250 = CIRCLE('',#18251,0.4195);
#18251 = AXIS2_PLACEMENT_3D('',#18252,#18253,#18254);
#18252 = CARTESIAN_POINT('',(195.072,-67.8245,-4.E-02));
#18253 = DIRECTION('',(-0.,0.,-1.));
#18254 = DIRECTION('',(-0.,-1.,0.));
#18255 = PLANE('',#18256);
#18256 = AXIS2_PLACEMENT_3D('',#18257,#18258,#18259);
#18257 = CARTESIAN_POINT('',(0.,0.,-4.E-02));
#18258 = DIRECTION('',(-0.,-0.,-1.));
#18259 = DIRECTION('',(-1.,0.,0.));
#18260 = ADVANCED_FACE('',(#18261),#18272,.F.);
#18261 = FACE_BOUND('',#18262,.T.);
#18262 = EDGE_LOOP('',(#18263,#18264,#18270,#18271));
#18263 = ORIENTED_EDGE('',*,*,#18247,.T.);
#18264 = ORIENTED_EDGE('',*,*,#18265,.T.);
#18265 = EDGE_CURVE('',#18248,#18228,#18266,.T.);
#18266 = LINE('',#18267,#18268);
#18267 = CARTESIAN_POINT('',(195.072,-68.244,-4.6E-02));
#18268 = VECTOR('',#18269,1.);
#18269 = DIRECTION('',(0.,0.,1.));
#18270 = ORIENTED_EDGE('',*,*,#18227,.F.);
#18271 = ORIENTED_EDGE('',*,*,#18265,.F.);
#18272 = CYLINDRICAL_SURFACE('',#18273,0.4195);
#18273 = AXIS2_PLACEMENT_3D('',#18274,#18275,#18276);
#18274 = CARTESIAN_POINT('',(195.072,-67.8245,-4.6E-02));
#18275 = DIRECTION('',(-0.,-0.,-1.));
#18276 = DIRECTION('',(-0.,-1.,0.));
#18277 = MANIFOLD_SOLID_BREP('',#18278);
#18278 = CLOSED_SHELL('',(#18279,#18312,#18332,#18352));
#18279 = ADVANCED_FACE('',(#18280),#18307,.T.);
#18280 = FACE_BOUND('',#18281,.F.);
#18281 = EDGE_LOOP('',(#18282,#18292,#18299,#18300));
#18282 = ORIENTED_EDGE('',*,*,#18283,.T.);
#18283 = EDGE_CURVE('',#18284,#18286,#18288,.T.);
#18284 = VERTEX_POINT('',#18285);
#18285 = CARTESIAN_POINT('',(195.072,-68.269,-4.E-02));
#18286 = VERTEX_POINT('',#18287);
#18287 = CARTESIAN_POINT('',(195.072,-68.269,1.55));
#18288 = LINE('',#18289,#18290);
#18289 = CARTESIAN_POINT('',(195.072,-68.269,-4.E-02));
#18290 = VECTOR('',#18291,1.);
#18291 = DIRECTION('',(0.,0.,1.));
#18292 = ORIENTED_EDGE('',*,*,#18293,.T.);
#18293 = EDGE_CURVE('',#18286,#18286,#18294,.T.);
#18294 = CIRCLE('',#18295,0.4445);
#18295 = AXIS2_PLACEMENT_3D('',#18296,#18297,#18298);
#18296 = CARTESIAN_POINT('',(195.072,-67.8245,1.55));
#18297 = DIRECTION('',(0.,0.,1.));
#18298 = DIRECTION('',(-0.,-1.,0.));
#18299 = ORIENTED_EDGE('',*,*,#18283,.F.);
#18300 = ORIENTED_EDGE('',*,*,#18301,.F.);
#18301 = EDGE_CURVE('',#18284,#18284,#18302,.T.);
#18302 = CIRCLE('',#18303,0.4445);
#18303 = AXIS2_PLACEMENT_3D('',#18304,#18305,#18306);
#18304 = CARTESIAN_POINT('',(195.072,-67.8245,-4.E-02));
#18305 = DIRECTION('',(0.,0.,1.));
#18306 = DIRECTION('',(-0.,-1.,0.));
#18307 = CYLINDRICAL_SURFACE('',#18308,0.4445);
#18308 = AXIS2_PLACEMENT_3D('',#18309,#18310,#18311);
#18309 = CARTESIAN_POINT('',(195.072,-67.8245,-4.E-02));
#18310 = DIRECTION('',(-0.,-0.,-1.));
#18311 = DIRECTION('',(-0.,-1.,0.));
#18312 = ADVANCED_FACE('',(#18313,#18316),#18327,.F.);
#18313 = FACE_BOUND('',#18314,.F.);
#18314 = EDGE_LOOP('',(#18315));
#18315 = ORIENTED_EDGE('',*,*,#18301,.T.);
#18316 = FACE_BOUND('',#18317,.F.);
#18317 = EDGE_LOOP('',(#18318));
#18318 = ORIENTED_EDGE('',*,*,#18319,.T.);
#18319 = EDGE_CURVE('',#18320,#18320,#18322,.T.);
#18320 = VERTEX_POINT('',#18321);
#18321 = CARTESIAN_POINT('',(195.072,-68.244,-4.E-02));
#18322 = CIRCLE('',#18323,0.4195);
#18323 = AXIS2_PLACEMENT_3D('',#18324,#18325,#18326);
#18324 = CARTESIAN_POINT('',(195.072,-67.8245,-4.E-02));
#18325 = DIRECTION('',(-0.,0.,-1.));
#18326 = DIRECTION('',(-0.,-1.,0.));
#18327 = PLANE('',#18328);
#18328 = AXIS2_PLACEMENT_3D('',#18329,#18330,#18331);
#18329 = CARTESIAN_POINT('',(195.072,-68.269,-4.E-02));
#18330 = DIRECTION('',(0.,0.,1.));
#18331 = DIRECTION('',(1.,0.,-0.));
#18332 = ADVANCED_FACE('',(#18333,#18336),#18347,.T.);
#18333 = FACE_BOUND('',#18334,.T.);
#18334 = EDGE_LOOP('',(#18335));
#18335 = ORIENTED_EDGE('',*,*,#18293,.T.);
#18336 = FACE_BOUND('',#18337,.T.);
#18337 = EDGE_LOOP('',(#18338));
#18338 = ORIENTED_EDGE('',*,*,#18339,.T.);
#18339 = EDGE_CURVE('',#18340,#18340,#18342,.T.);
#18340 = VERTEX_POINT('',#18341);
#18341 = CARTESIAN_POINT('',(195.072,-68.244,1.55));
#18342 = CIRCLE('',#18343,0.4195);
#18343 = AXIS2_PLACEMENT_3D('',#18344,#18345,#18346);
#18344 = CARTESIAN_POINT('',(195.072,-67.8245,1.55));
#18345 = DIRECTION('',(-0.,0.,-1.));
#18346 = DIRECTION('',(-0.,-1.,0.));
#18347 = PLANE('',#18348);
#18348 = AXIS2_PLACEMENT_3D('',#18349,#18350,#18351);
#18349 = CARTESIAN_POINT('',(195.072,-68.269,1.55));
#18350 = DIRECTION('',(0.,0.,1.));
#18351 = DIRECTION('',(1.,0.,-0.));
#18352 = ADVANCED_FACE('',(#18353),#18364,.F.);
#18353 = FACE_BOUND('',#18354,.T.);
#18354 = EDGE_LOOP('',(#18355,#18356,#18362,#18363));
#18355 = ORIENTED_EDGE('',*,*,#18319,.T.);
#18356 = ORIENTED_EDGE('',*,*,#18357,.T.);
#18357 = EDGE_CURVE('',#18320,#18340,#18358,.T.);
#18358 = LINE('',#18359,#18360);
#18359 = CARTESIAN_POINT('',(195.072,-68.244,-4.6E-02));
#18360 = VECTOR('',#18361,1.);
#18361 = DIRECTION('',(0.,0.,1.));
#18362 = ORIENTED_EDGE('',*,*,#18339,.F.);
#18363 = ORIENTED_EDGE('',*,*,#18357,.F.);
#18364 = CYLINDRICAL_SURFACE('',#18365,0.4195);
#18365 = AXIS2_PLACEMENT_3D('',#18366,#18367,#18368);
#18366 = CARTESIAN_POINT('',(195.072,-67.8245,-4.6E-02));
#18367 = DIRECTION('',(-0.,-0.,-1.));
#18368 = DIRECTION('',(-0.,-1.,0.));
#18369 = MANIFOLD_SOLID_BREP('',#18370);
#18370 = CLOSED_SHELL('',(#18371,#18404,#18424,#18444));
#18371 = ADVANCED_FACE('',(#18372),#18399,.T.);
#18372 = FACE_BOUND('',#18373,.F.);
#18373 = EDGE_LOOP('',(#18374,#18384,#18391,#18392));
#18374 = ORIENTED_EDGE('',*,*,#18375,.T.);
#18375 = EDGE_CURVE('',#18376,#18378,#18380,.T.);
#18376 = VERTEX_POINT('',#18377);
#18377 = CARTESIAN_POINT('',(211.074,-55.1245,1.51));
#18378 = VERTEX_POINT('',#18379);
#18379 = CARTESIAN_POINT('',(211.074,-55.1245,1.55));
#18380 = LINE('',#18381,#18382);
#18381 = CARTESIAN_POINT('',(211.074,-55.1245,1.51));
#18382 = VECTOR('',#18383,1.);
#18383 = DIRECTION('',(0.,0.,1.));
#18384 = ORIENTED_EDGE('',*,*,#18385,.T.);
#18385 = EDGE_CURVE('',#18378,#18378,#18386,.T.);
#18386 = CIRCLE('',#18387,0.762);
#18387 = AXIS2_PLACEMENT_3D('',#18388,#18389,#18390);
#18388 = CARTESIAN_POINT('',(210.312,-55.1245,1.55));
#18389 = DIRECTION('',(0.,0.,1.));
#18390 = DIRECTION('',(1.,0.,-0.));
#18391 = ORIENTED_EDGE('',*,*,#18375,.F.);
#18392 = ORIENTED_EDGE('',*,*,#18393,.F.);
#18393 = EDGE_CURVE('',#18376,#18376,#18394,.T.);
#18394 = CIRCLE('',#18395,0.762);
#18395 = AXIS2_PLACEMENT_3D('',#18396,#18397,#18398);
#18396 = CARTESIAN_POINT('',(210.312,-55.1245,1.51));
#18397 = DIRECTION('',(0.,0.,1.));
#18398 = DIRECTION('',(1.,0.,-0.));
#18399 = CYLINDRICAL_SURFACE('',#18400,0.762);
#18400 = AXIS2_PLACEMENT_3D('',#18401,#18402,#18403);
#18401 = CARTESIAN_POINT('',(210.312,-55.1245,1.51));
#18402 = DIRECTION('',(-0.,-0.,-1.));
#18403 = DIRECTION('',(1.,0.,-0.));
#18404 = ADVANCED_FACE('',(#18405,#18408),#18419,.F.);
#18405 = FACE_BOUND('',#18406,.F.);
#18406 = EDGE_LOOP('',(#18407));
#18407 = ORIENTED_EDGE('',*,*,#18393,.T.);
#18408 = FACE_BOUND('',#18409,.F.);
#18409 = EDGE_LOOP('',(#18410));
#18410 = ORIENTED_EDGE('',*,*,#18411,.T.);
#18411 = EDGE_CURVE('',#18412,#18412,#18414,.T.);
#18412 = VERTEX_POINT('',#18413);
#18413 = CARTESIAN_POINT('',(210.312,-55.544,1.51));
#18414 = CIRCLE('',#18415,0.4195);
#18415 = AXIS2_PLACEMENT_3D('',#18416,#18417,#18418);
#18416 = CARTESIAN_POINT('',(210.312,-55.1245,1.51));
#18417 = DIRECTION('',(-0.,0.,-1.));
#18418 = DIRECTION('',(-0.,-1.,0.));
#18419 = PLANE('',#18420);
#18420 = AXIS2_PLACEMENT_3D('',#18421,#18422,#18423);
#18421 = CARTESIAN_POINT('',(0.,0.,1.51));
#18422 = DIRECTION('',(0.,0.,1.));
#18423 = DIRECTION('',(1.,0.,-0.));
#18424 = ADVANCED_FACE('',(#18425,#18428),#18439,.T.);
#18425 = FACE_BOUND('',#18426,.T.);
#18426 = EDGE_LOOP('',(#18427));
#18427 = ORIENTED_EDGE('',*,*,#18385,.T.);
#18428 = FACE_BOUND('',#18429,.T.);
#18429 = EDGE_LOOP('',(#18430));
#18430 = ORIENTED_EDGE('',*,*,#18431,.T.);
#18431 = EDGE_CURVE('',#18432,#18432,#18434,.T.);
#18432 = VERTEX_POINT('',#18433);
#18433 = CARTESIAN_POINT('',(210.312,-55.544,1.55));
#18434 = CIRCLE('',#18435,0.4195);
#18435 = AXIS2_PLACEMENT_3D('',#18436,#18437,#18438);
#18436 = CARTESIAN_POINT('',(210.312,-55.1245,1.55));
#18437 = DIRECTION('',(-0.,0.,-1.));
#18438 = DIRECTION('',(-0.,-1.,0.));
#18439 = PLANE('',#18440);
#18440 = AXIS2_PLACEMENT_3D('',#18441,#18442,#18443);
#18441 = CARTESIAN_POINT('',(0.,0.,1.55));
#18442 = DIRECTION('',(0.,0.,1.));
#18443 = DIRECTION('',(1.,0.,-0.));
#18444 = ADVANCED_FACE('',(#18445),#18456,.F.);
#18445 = FACE_BOUND('',#18446,.T.);
#18446 = EDGE_LOOP('',(#18447,#18448,#18454,#18455));
#18447 = ORIENTED_EDGE('',*,*,#18411,.T.);
#18448 = ORIENTED_EDGE('',*,*,#18449,.T.);
#18449 = EDGE_CURVE('',#18412,#18432,#18450,.T.);
#18450 = LINE('',#18451,#18452);
#18451 = CARTESIAN_POINT('',(210.312,-55.544,-4.6E-02));
#18452 = VECTOR('',#18453,1.);
#18453 = DIRECTION('',(0.,0.,1.));
#18454 = ORIENTED_EDGE('',*,*,#18431,.F.);
#18455 = ORIENTED_EDGE('',*,*,#18449,.F.);
#18456 = CYLINDRICAL_SURFACE('',#18457,0.4195);
#18457 = AXIS2_PLACEMENT_3D('',#18458,#18459,#18460);
#18458 = CARTESIAN_POINT('',(210.312,-55.1245,-4.6E-02));
#18459 = DIRECTION('',(-0.,-0.,-1.));
#18460 = DIRECTION('',(-0.,-1.,0.));
#18461 = MANIFOLD_SOLID_BREP('',#18462);
#18462 = CLOSED_SHELL('',(#18463,#18496,#18516,#18536));
#18463 = ADVANCED_FACE('',(#18464),#18491,.T.);
#18464 = FACE_BOUND('',#18465,.T.);
#18465 = EDGE_LOOP('',(#18466,#18476,#18483,#18484));
#18466 = ORIENTED_EDGE('',*,*,#18467,.T.);
#18467 = EDGE_CURVE('',#18468,#18470,#18472,.T.);
#18468 = VERTEX_POINT('',#18469);
#18469 = CARTESIAN_POINT('',(211.074,-55.1245,0.));
#18470 = VERTEX_POINT('',#18471);
#18471 = CARTESIAN_POINT('',(211.074,-55.1245,-4.E-02));
#18472 = LINE('',#18473,#18474);
#18473 = CARTESIAN_POINT('',(211.074,-55.1245,0.));
#18474 = VECTOR('',#18475,1.);
#18475 = DIRECTION('',(0.,0.,-1.));
#18476 = ORIENTED_EDGE('',*,*,#18477,.T.);
#18477 = EDGE_CURVE('',#18470,#18470,#18478,.T.);
#18478 = CIRCLE('',#18479,0.762);
#18479 = AXIS2_PLACEMENT_3D('',#18480,#18481,#18482);
#18480 = CARTESIAN_POINT('',(210.312,-55.1245,-4.E-02));
#18481 = DIRECTION('',(0.,0.,1.));
#18482 = DIRECTION('',(1.,0.,-0.));
#18483 = ORIENTED_EDGE('',*,*,#18467,.F.);
#18484 = ORIENTED_EDGE('',*,*,#18485,.F.);
#18485 = EDGE_CURVE('',#18468,#18468,#18486,.T.);
#18486 = CIRCLE('',#18487,0.762);
#18487 = AXIS2_PLACEMENT_3D('',#18488,#18489,#18490);
#18488 = CARTESIAN_POINT('',(210.312,-55.1245,0.));
#18489 = DIRECTION('',(0.,0.,1.));
#18490 = DIRECTION('',(1.,0.,-0.));
#18491 = CYLINDRICAL_SURFACE('',#18492,0.762);
#18492 = AXIS2_PLACEMENT_3D('',#18493,#18494,#18495);
#18493 = CARTESIAN_POINT('',(210.312,-55.1245,0.));
#18494 = DIRECTION('',(0.,0.,1.));
#18495 = DIRECTION('',(1.,0.,-0.));
#18496 = ADVANCED_FACE('',(#18497,#18500),#18511,.F.);
#18497 = FACE_BOUND('',#18498,.F.);
#18498 = EDGE_LOOP('',(#18499));
#18499 = ORIENTED_EDGE('',*,*,#18485,.F.);
#18500 = FACE_BOUND('',#18501,.F.);
#18501 = EDGE_LOOP('',(#18502));
#18502 = ORIENTED_EDGE('',*,*,#18503,.F.);
#18503 = EDGE_CURVE('',#18504,#18504,#18506,.T.);
#18504 = VERTEX_POINT('',#18505);
#18505 = CARTESIAN_POINT('',(210.312,-55.544,0.));
#18506 = CIRCLE('',#18507,0.4195);
#18507 = AXIS2_PLACEMENT_3D('',#18508,#18509,#18510);
#18508 = CARTESIAN_POINT('',(210.312,-55.1245,0.));
#18509 = DIRECTION('',(-0.,0.,-1.));
#18510 = DIRECTION('',(-0.,-1.,0.));
#18511 = PLANE('',#18512);
#18512 = AXIS2_PLACEMENT_3D('',#18513,#18514,#18515);
#18513 = CARTESIAN_POINT('',(0.,0.,0.));
#18514 = DIRECTION('',(-0.,-0.,-1.));
#18515 = DIRECTION('',(-1.,0.,0.));
#18516 = ADVANCED_FACE('',(#18517,#18520),#18531,.T.);
#18517 = FACE_BOUND('',#18518,.T.);
#18518 = EDGE_LOOP('',(#18519));
#18519 = ORIENTED_EDGE('',*,*,#18477,.F.);
#18520 = FACE_BOUND('',#18521,.T.);
#18521 = EDGE_LOOP('',(#18522));
#18522 = ORIENTED_EDGE('',*,*,#18523,.F.);
#18523 = EDGE_CURVE('',#18524,#18524,#18526,.T.);
#18524 = VERTEX_POINT('',#18525);
#18525 = CARTESIAN_POINT('',(210.312,-55.544,-4.E-02));
#18526 = CIRCLE('',#18527,0.4195);
#18527 = AXIS2_PLACEMENT_3D('',#18528,#18529,#18530);
#18528 = CARTESIAN_POINT('',(210.312,-55.1245,-4.E-02));
#18529 = DIRECTION('',(-0.,0.,-1.));
#18530 = DIRECTION('',(-0.,-1.,0.));
#18531 = PLANE('',#18532);
#18532 = AXIS2_PLACEMENT_3D('',#18533,#18534,#18535);
#18533 = CARTESIAN_POINT('',(0.,0.,-4.E-02));
#18534 = DIRECTION('',(-0.,-0.,-1.));
#18535 = DIRECTION('',(-1.,0.,0.));
#18536 = ADVANCED_FACE('',(#18537),#18548,.F.);
#18537 = FACE_BOUND('',#18538,.T.);
#18538 = EDGE_LOOP('',(#18539,#18540,#18546,#18547));
#18539 = ORIENTED_EDGE('',*,*,#18523,.T.);
#18540 = ORIENTED_EDGE('',*,*,#18541,.T.);
#18541 = EDGE_CURVE('',#18524,#18504,#18542,.T.);
#18542 = LINE('',#18543,#18544);
#18543 = CARTESIAN_POINT('',(210.312,-55.544,-4.6E-02));
#18544 = VECTOR('',#18545,1.);
#18545 = DIRECTION('',(0.,0.,1.));
#18546 = ORIENTED_EDGE('',*,*,#18503,.F.);
#18547 = ORIENTED_EDGE('',*,*,#18541,.F.);
#18548 = CYLINDRICAL_SURFACE('',#18549,0.4195);
#18549 = AXIS2_PLACEMENT_3D('',#18550,#18551,#18552);
#18550 = CARTESIAN_POINT('',(210.312,-55.1245,-4.6E-02));
#18551 = DIRECTION('',(-0.,-0.,-1.));
#18552 = DIRECTION('',(-0.,-1.,0.));
#18553 = MANIFOLD_SOLID_BREP('',#18554);
#18554 = CLOSED_SHELL('',(#18555,#18588,#18608,#18628));
#18555 = ADVANCED_FACE('',(#18556),#18583,.T.);
#18556 = FACE_BOUND('',#18557,.F.);
#18557 = EDGE_LOOP('',(#18558,#18568,#18575,#18576));
#18558 = ORIENTED_EDGE('',*,*,#18559,.T.);
#18559 = EDGE_CURVE('',#18560,#18562,#18564,.T.);
#18560 = VERTEX_POINT('',#18561);
#18561 = CARTESIAN_POINT('',(210.312,-55.569,-4.E-02));
#18562 = VERTEX_POINT('',#18563);
#18563 = CARTESIAN_POINT('',(210.312,-55.569,1.55));
#18564 = LINE('',#18565,#18566);
#18565 = CARTESIAN_POINT('',(210.312,-55.569,-4.E-02));
#18566 = VECTOR('',#18567,1.);
#18567 = DIRECTION('',(0.,0.,1.));
#18568 = ORIENTED_EDGE('',*,*,#18569,.T.);
#18569 = EDGE_CURVE('',#18562,#18562,#18570,.T.);
#18570 = CIRCLE('',#18571,0.4445);
#18571 = AXIS2_PLACEMENT_3D('',#18572,#18573,#18574);
#18572 = CARTESIAN_POINT('',(210.312,-55.1245,1.55));
#18573 = DIRECTION('',(0.,0.,1.));
#18574 = DIRECTION('',(-0.,-1.,0.));
#18575 = ORIENTED_EDGE('',*,*,#18559,.F.);
#18576 = ORIENTED_EDGE('',*,*,#18577,.F.);
#18577 = EDGE_CURVE('',#18560,#18560,#18578,.T.);
#18578 = CIRCLE('',#18579,0.4445);
#18579 = AXIS2_PLACEMENT_3D('',#18580,#18581,#18582);
#18580 = CARTESIAN_POINT('',(210.312,-55.1245,-4.E-02));
#18581 = DIRECTION('',(0.,0.,1.));
#18582 = DIRECTION('',(-0.,-1.,0.));
#18583 = CYLINDRICAL_SURFACE('',#18584,0.4445);
#18584 = AXIS2_PLACEMENT_3D('',#18585,#18586,#18587);
#18585 = CARTESIAN_POINT('',(210.312,-55.1245,-4.E-02));
#18586 = DIRECTION('',(-0.,-0.,-1.));
#18587 = DIRECTION('',(-0.,-1.,0.));
#18588 = ADVANCED_FACE('',(#18589,#18592),#18603,.F.);
#18589 = FACE_BOUND('',#18590,.F.);
#18590 = EDGE_LOOP('',(#18591));
#18591 = ORIENTED_EDGE('',*,*,#18577,.T.);
#18592 = FACE_BOUND('',#18593,.F.);
#18593 = EDGE_LOOP('',(#18594));
#18594 = ORIENTED_EDGE('',*,*,#18595,.T.);
#18595 = EDGE_CURVE('',#18596,#18596,#18598,.T.);
#18596 = VERTEX_POINT('',#18597);
#18597 = CARTESIAN_POINT('',(210.312,-55.544,-4.E-02));
#18598 = CIRCLE('',#18599,0.4195);
#18599 = AXIS2_PLACEMENT_3D('',#18600,#18601,#18602);
#18600 = CARTESIAN_POINT('',(210.312,-55.1245,-4.E-02));
#18601 = DIRECTION('',(-0.,0.,-1.));
#18602 = DIRECTION('',(-0.,-1.,0.));
#18603 = PLANE('',#18604);
#18604 = AXIS2_PLACEMENT_3D('',#18605,#18606,#18607);
#18605 = CARTESIAN_POINT('',(210.312,-55.569,-4.E-02));
#18606 = DIRECTION('',(0.,0.,1.));
#18607 = DIRECTION('',(1.,0.,-0.));
#18608 = ADVANCED_FACE('',(#18609,#18612),#18623,.T.);
#18609 = FACE_BOUND('',#18610,.T.);
#18610 = EDGE_LOOP('',(#18611));
#18611 = ORIENTED_EDGE('',*,*,#18569,.T.);
#18612 = FACE_BOUND('',#18613,.T.);
#18613 = EDGE_LOOP('',(#18614));
#18614 = ORIENTED_EDGE('',*,*,#18615,.T.);
#18615 = EDGE_CURVE('',#18616,#18616,#18618,.T.);
#18616 = VERTEX_POINT('',#18617);
#18617 = CARTESIAN_POINT('',(210.312,-55.544,1.55));
#18618 = CIRCLE('',#18619,0.4195);
#18619 = AXIS2_PLACEMENT_3D('',#18620,#18621,#18622);
#18620 = CARTESIAN_POINT('',(210.312,-55.1245,1.55));
#18621 = DIRECTION('',(-0.,0.,-1.));
#18622 = DIRECTION('',(-0.,-1.,0.));
#18623 = PLANE('',#18624);
#18624 = AXIS2_PLACEMENT_3D('',#18625,#18626,#18627);
#18625 = CARTESIAN_POINT('',(210.312,-55.569,1.55));
#18626 = DIRECTION('',(0.,0.,1.));
#18627 = DIRECTION('',(1.,0.,-0.));
#18628 = ADVANCED_FACE('',(#18629),#18640,.F.);
#18629 = FACE_BOUND('',#18630,.T.);
#18630 = EDGE_LOOP('',(#18631,#18632,#18638,#18639));
#18631 = ORIENTED_EDGE('',*,*,#18595,.T.);
#18632 = ORIENTED_EDGE('',*,*,#18633,.T.);
#18633 = EDGE_CURVE('',#18596,#18616,#18634,.T.);
#18634 = LINE('',#18635,#18636);
#18635 = CARTESIAN_POINT('',(210.312,-55.544,-4.6E-02));
#18636 = VECTOR('',#18637,1.);
#18637 = DIRECTION('',(0.,0.,1.));
#18638 = ORIENTED_EDGE('',*,*,#18615,.F.);
#18639 = ORIENTED_EDGE('',*,*,#18633,.F.);
#18640 = CYLINDRICAL_SURFACE('',#18641,0.4195);
#18641 = AXIS2_PLACEMENT_3D('',#18642,#18643,#18644);
#18642 = CARTESIAN_POINT('',(210.312,-55.1245,-4.6E-02));
#18643 = DIRECTION('',(-0.,-0.,-1.));
#18644 = DIRECTION('',(-0.,-1.,0.));
#18645 = MANIFOLD_SOLID_BREP('',#18646);
#18646 = CLOSED_SHELL('',(#18647,#18689,#18720,#18751,#18829,#18907,
    #18924,#18941,#18958,#18975,#18992,#19009,#19026));
#18647 = ADVANCED_FACE('',(#18648),#18684,.T.);
#18648 = FACE_BOUND('',#18649,.T.);
#18649 = EDGE_LOOP('',(#18650,#18660,#18669,#18677));
#18650 = ORIENTED_EDGE('',*,*,#18651,.T.);
#18651 = EDGE_CURVE('',#18652,#18654,#18656,.T.);
#18652 = VERTEX_POINT('',#18653);
#18653 = CARTESIAN_POINT('',(209.931,-54.5149,1.51));
#18654 = VERTEX_POINT('',#18655);
#18655 = CARTESIAN_POINT('',(209.931,-54.5149,1.55));
#18656 = LINE('',#18657,#18658);
#18657 = CARTESIAN_POINT('',(209.931,-54.5149,1.51));
#18658 = VECTOR('',#18659,1.);
#18659 = DIRECTION('',(0.,0.,1.));
#18660 = ORIENTED_EDGE('',*,*,#18661,.T.);
#18661 = EDGE_CURVE('',#18654,#18662,#18664,.T.);
#18662 = VERTEX_POINT('',#18663);
#18663 = CARTESIAN_POINT('',(210.0834,-54.3625,1.55));
#18664 = CIRCLE('',#18665,0.152400250784);
#18665 = AXIS2_PLACEMENT_3D('',#18666,#18667,#18668);
#18666 = CARTESIAN_POINT('',(210.08340025078,-54.51490025078,1.55));
#18667 = DIRECTION('',(0.,0.,-1.));
#18668 = DIRECTION('',(-0.999999999999,1.645562376139E-06,0.));
#18669 = ORIENTED_EDGE('',*,*,#18670,.F.);
#18670 = EDGE_CURVE('',#18671,#18662,#18673,.T.);
#18671 = VERTEX_POINT('',#18672);
#18672 = CARTESIAN_POINT('',(210.0834,-54.3625,1.51));
#18673 = LINE('',#18674,#18675);
#18674 = CARTESIAN_POINT('',(210.0834,-54.3625,1.51));
#18675 = VECTOR('',#18676,1.);
#18676 = DIRECTION('',(0.,0.,1.));
#18677 = ORIENTED_EDGE('',*,*,#18678,.F.);
#18678 = EDGE_CURVE('',#18652,#18671,#18679,.T.);
#18679 = CIRCLE('',#18680,0.152400250784);
#18680 = AXIS2_PLACEMENT_3D('',#18681,#18682,#18683);
#18681 = CARTESIAN_POINT('',(210.08340025078,-54.51490025078,1.51));
#18682 = DIRECTION('',(0.,0.,-1.));
#18683 = DIRECTION('',(-0.999999999999,1.645562376139E-06,0.));
#18684 = CYLINDRICAL_SURFACE('',#18685,0.152400250784);
#18685 = AXIS2_PLACEMENT_3D('',#18686,#18687,#18688);
#18686 = CARTESIAN_POINT('',(210.08340025078,-54.51490025078,1.51));
#18687 = DIRECTION('',(0.,0.,-1.));
#18688 = DIRECTION('',(-0.999999999999,1.645562376139E-06,0.));
#18689 = ADVANCED_FACE('',(#18690),#18715,.T.);
#18690 = FACE_BOUND('',#18691,.T.);
#18691 = EDGE_LOOP('',(#18692,#18700,#18708,#18714));
#18692 = ORIENTED_EDGE('',*,*,#18693,.F.);
#18693 = EDGE_CURVE('',#18694,#18652,#18696,.T.);
#18694 = VERTEX_POINT('',#18695);
#18695 = CARTESIAN_POINT('',(209.931,-54.94894587731,1.51));
#18696 = LINE('',#18697,#18698);
#18697 = CARTESIAN_POINT('',(209.931,-55.7341,1.51));
#18698 = VECTOR('',#18699,1.);
#18699 = DIRECTION('',(0.,1.,0.));
#18700 = ORIENTED_EDGE('',*,*,#18701,.F.);
#18701 = EDGE_CURVE('',#18702,#18694,#18704,.T.);
#18702 = VERTEX_POINT('',#18703);
#18703 = CARTESIAN_POINT('',(209.931,-54.94894587731,1.55));
#18704 = LINE('',#18705,#18706);
#18705 = CARTESIAN_POINT('',(209.931,-54.94894587729,-4.6E-02));
#18706 = VECTOR('',#18707,1.);
#18707 = DIRECTION('',(-0.,-0.,-1.));
#18708 = ORIENTED_EDGE('',*,*,#18709,.T.);
#18709 = EDGE_CURVE('',#18702,#18654,#18710,.T.);
#18710 = LINE('',#18711,#18712);
#18711 = CARTESIAN_POINT('',(209.931,-55.7341,1.55));
#18712 = VECTOR('',#18713,1.);
#18713 = DIRECTION('',(0.,1.,0.));
#18714 = ORIENTED_EDGE('',*,*,#18651,.F.);
#18715 = PLANE('',#18716);
#18716 = AXIS2_PLACEMENT_3D('',#18717,#18718,#18719);
#18717 = CARTESIAN_POINT('',(209.931,-55.7341,1.51));
#18718 = DIRECTION('',(-1.,0.,0.));
#18719 = DIRECTION('',(0.,1.,0.));
#18720 = ADVANCED_FACE('',(#18721),#18746,.T.);
#18721 = FACE_BOUND('',#18722,.T.);
#18722 = EDGE_LOOP('',(#18723,#18724,#18732,#18740));
#18723 = ORIENTED_EDGE('',*,*,#18670,.T.);
#18724 = ORIENTED_EDGE('',*,*,#18725,.T.);
#18725 = EDGE_CURVE('',#18662,#18726,#18728,.T.);
#18726 = VERTEX_POINT('',#18727);
#18727 = CARTESIAN_POINT('',(212.2106,-54.3625,1.55));
#18728 = LINE('',#18729,#18730);
#18729 = CARTESIAN_POINT('',(210.0834,-54.3625,1.55));
#18730 = VECTOR('',#18731,1.);
#18731 = DIRECTION('',(1.,0.,0.));
#18732 = ORIENTED_EDGE('',*,*,#18733,.F.);
#18733 = EDGE_CURVE('',#18734,#18726,#18736,.T.);
#18734 = VERTEX_POINT('',#18735);
#18735 = CARTESIAN_POINT('',(212.2106,-54.3625,1.51));
#18736 = LINE('',#18737,#18738);
#18737 = CARTESIAN_POINT('',(212.2106,-54.3625,1.51));
#18738 = VECTOR('',#18739,1.);
#18739 = DIRECTION('',(0.,0.,1.));
#18740 = ORIENTED_EDGE('',*,*,#18741,.F.);
#18741 = EDGE_CURVE('',#18671,#18734,#18742,.T.);
#18742 = LINE('',#18743,#18744);
#18743 = CARTESIAN_POINT('',(210.0834,-54.3625,1.51));
#18744 = VECTOR('',#18745,1.);
#18745 = DIRECTION('',(1.,0.,0.));
#18746 = PLANE('',#18747);
#18747 = AXIS2_PLACEMENT_3D('',#18748,#18749,#18750);
#18748 = CARTESIAN_POINT('',(210.0834,-54.3625,1.51));
#18749 = DIRECTION('',(0.,1.,0.));
#18750 = DIRECTION('',(1.,0.,0.));
#18751 = ADVANCED_FACE('',(#18752),#18824,.F.);
#18752 = FACE_BOUND('',#18753,.F.);
#18753 = EDGE_LOOP('',(#18754,#18755,#18756,#18765,#18774,#18782,#18791,
    #18799,#18808,#18816,#18823));
#18754 = ORIENTED_EDGE('',*,*,#18678,.F.);
#18755 = ORIENTED_EDGE('',*,*,#18693,.F.);
#18756 = ORIENTED_EDGE('',*,*,#18757,.T.);
#18757 = EDGE_CURVE('',#18694,#18758,#18760,.T.);
#18758 = VERTEX_POINT('',#18759);
#18759 = CARTESIAN_POINT('',(210.312,-55.544,1.51));
#18760 = CIRCLE('',#18761,0.4195);
#18761 = AXIS2_PLACEMENT_3D('',#18762,#18763,#18764);
#18762 = CARTESIAN_POINT('',(210.312,-55.1245,1.51));
#18763 = DIRECTION('',(-0.,0.,-1.));
#18764 = DIRECTION('',(-0.,-1.,0.));
#18765 = ORIENTED_EDGE('',*,*,#18766,.T.);
#18766 = EDGE_CURVE('',#18758,#18767,#18769,.T.);
#18767 = VERTEX_POINT('',#18768);
#18768 = CARTESIAN_POINT('',(209.931,-55.30005412268,1.51));
#18769 = CIRCLE('',#18770,0.4195);
#18770 = AXIS2_PLACEMENT_3D('',#18771,#18772,#18773);
#18771 = CARTESIAN_POINT('',(210.312,-55.1245,1.51));
#18772 = DIRECTION('',(-0.,0.,-1.));
#18773 = DIRECTION('',(-0.,-1.,0.));
#18774 = ORIENTED_EDGE('',*,*,#18775,.F.);
#18775 = EDGE_CURVE('',#18776,#18767,#18778,.T.);
#18776 = VERTEX_POINT('',#18777);
#18777 = CARTESIAN_POINT('',(209.931,-55.7341,1.51));
#18778 = LINE('',#18779,#18780);
#18779 = CARTESIAN_POINT('',(209.931,-55.7341,1.51));
#18780 = VECTOR('',#18781,1.);
#18781 = DIRECTION('',(0.,1.,0.));
#18782 = ORIENTED_EDGE('',*,*,#18783,.F.);
#18783 = EDGE_CURVE('',#18784,#18776,#18786,.T.);
#18784 = VERTEX_POINT('',#18785);
#18785 = CARTESIAN_POINT('',(210.0834,-55.8865,1.51));
#18786 = CIRCLE('',#18787,0.152400250784);
#18787 = AXIS2_PLACEMENT_3D('',#18788,#18789,#18790);
#18788 = CARTESIAN_POINT('',(210.08340025078,-55.73409974921,1.51));
#18789 = DIRECTION('',(0.,0.,-1.));
#18790 = DIRECTION('',(-1.645562422763E-06,-0.999999999999,-0.));
#18791 = ORIENTED_EDGE('',*,*,#18792,.F.);
#18792 = EDGE_CURVE('',#18793,#18784,#18795,.T.);
#18793 = VERTEX_POINT('',#18794);
#18794 = CARTESIAN_POINT('',(212.2106,-55.8865,1.51));
#18795 = LINE('',#18796,#18797);
#18796 = CARTESIAN_POINT('',(212.2106,-55.8865,1.51));
#18797 = VECTOR('',#18798,1.);
#18798 = DIRECTION('',(-1.,0.,0.));
#18799 = ORIENTED_EDGE('',*,*,#18800,.F.);
#18800 = EDGE_CURVE('',#18801,#18793,#18803,.T.);
#18801 = VERTEX_POINT('',#18802);
#18802 = CARTESIAN_POINT('',(212.363,-55.7341,1.51));
#18803 = CIRCLE('',#18804,0.152400250784);
#18804 = AXIS2_PLACEMENT_3D('',#18805,#18806,#18807);
#18805 = CARTESIAN_POINT('',(212.21059974921,-55.73409974921,1.51));
#18806 = DIRECTION('',(0.,0.,-1.));
#18807 = DIRECTION('',(0.999999999999,-1.645562562633E-06,0.));
#18808 = ORIENTED_EDGE('',*,*,#18809,.F.);
#18809 = EDGE_CURVE('',#18810,#18801,#18812,.T.);
#18810 = VERTEX_POINT('',#18811);
#18811 = CARTESIAN_POINT('',(212.363,-54.5149,1.51));
#18812 = LINE('',#18813,#18814);
#18813 = CARTESIAN_POINT('',(212.363,-54.5149,1.51));
#18814 = VECTOR('',#18815,1.);
#18815 = DIRECTION('',(0.,-1.,0.));
#18816 = ORIENTED_EDGE('',*,*,#18817,.F.);
#18817 = EDGE_CURVE('',#18734,#18810,#18818,.T.);
#18818 = CIRCLE('',#18819,0.152400250784);
#18819 = AXIS2_PLACEMENT_3D('',#18820,#18821,#18822);
#18820 = CARTESIAN_POINT('',(212.21059974921,-54.51490025078,1.51));
#18821 = DIRECTION('',(0.,0.,-1.));
#18822 = DIRECTION('',(1.645562609256E-06,0.999999999999,0.));
#18823 = ORIENTED_EDGE('',*,*,#18741,.F.);
#18824 = PLANE('',#18825);
#18825 = AXIS2_PLACEMENT_3D('',#18826,#18827,#18828);
#18826 = CARTESIAN_POINT('',(0.,0.,1.51));
#18827 = DIRECTION('',(0.,0.,1.));
#18828 = DIRECTION('',(1.,0.,-0.));
#18829 = ADVANCED_FACE('',(#18830),#18902,.T.);
#18830 = FACE_BOUND('',#18831,.T.);
#18831 = EDGE_LOOP('',(#18832,#18833,#18834,#18843,#18852,#18860,#18869,
    #18877,#18886,#18894,#18901));
#18832 = ORIENTED_EDGE('',*,*,#18661,.F.);
#18833 = ORIENTED_EDGE('',*,*,#18709,.F.);
#18834 = ORIENTED_EDGE('',*,*,#18835,.T.);
#18835 = EDGE_CURVE('',#18702,#18836,#18838,.T.);
#18836 = VERTEX_POINT('',#18837);
#18837 = CARTESIAN_POINT('',(210.312,-55.544,1.55));
#18838 = CIRCLE('',#18839,0.4195);
#18839 = AXIS2_PLACEMENT_3D('',#18840,#18841,#18842);
#18840 = CARTESIAN_POINT('',(210.312,-55.1245,1.55));
#18841 = DIRECTION('',(-0.,0.,-1.));
#18842 = DIRECTION('',(-0.,-1.,0.));
#18843 = ORIENTED_EDGE('',*,*,#18844,.T.);
#18844 = EDGE_CURVE('',#18836,#18845,#18847,.T.);
#18845 = VERTEX_POINT('',#18846);
#18846 = CARTESIAN_POINT('',(209.931,-55.30005412268,1.55));
#18847 = CIRCLE('',#18848,0.4195);
#18848 = AXIS2_PLACEMENT_3D('',#18849,#18850,#18851);
#18849 = CARTESIAN_POINT('',(210.312,-55.1245,1.55));
#18850 = DIRECTION('',(-0.,0.,-1.));
#18851 = DIRECTION('',(-0.,-1.,0.));
#18852 = ORIENTED_EDGE('',*,*,#18853,.F.);
#18853 = EDGE_CURVE('',#18854,#18845,#18856,.T.);
#18854 = VERTEX_POINT('',#18855);
#18855 = CARTESIAN_POINT('',(209.931,-55.7341,1.55));
#18856 = LINE('',#18857,#18858);
#18857 = CARTESIAN_POINT('',(209.931,-55.7341,1.55));
#18858 = VECTOR('',#18859,1.);
#18859 = DIRECTION('',(0.,1.,0.));
#18860 = ORIENTED_EDGE('',*,*,#18861,.F.);
#18861 = EDGE_CURVE('',#18862,#18854,#18864,.T.);
#18862 = VERTEX_POINT('',#18863);
#18863 = CARTESIAN_POINT('',(210.0834,-55.8865,1.55));
#18864 = CIRCLE('',#18865,0.152400250784);
#18865 = AXIS2_PLACEMENT_3D('',#18866,#18867,#18868);
#18866 = CARTESIAN_POINT('',(210.08340025078,-55.73409974921,1.55));
#18867 = DIRECTION('',(0.,0.,-1.));
#18868 = DIRECTION('',(-1.645562422763E-06,-0.999999999999,-0.));
#18869 = ORIENTED_EDGE('',*,*,#18870,.F.);
#18870 = EDGE_CURVE('',#18871,#18862,#18873,.T.);
#18871 = VERTEX_POINT('',#18872);
#18872 = CARTESIAN_POINT('',(212.2106,-55.8865,1.55));
#18873 = LINE('',#18874,#18875);
#18874 = CARTESIAN_POINT('',(212.2106,-55.8865,1.55));
#18875 = VECTOR('',#18876,1.);
#18876 = DIRECTION('',(-1.,0.,0.));
#18877 = ORIENTED_EDGE('',*,*,#18878,.F.);
#18878 = EDGE_CURVE('',#18879,#18871,#18881,.T.);
#18879 = VERTEX_POINT('',#18880);
#18880 = CARTESIAN_POINT('',(212.363,-55.7341,1.55));
#18881 = CIRCLE('',#18882,0.152400250784);
#18882 = AXIS2_PLACEMENT_3D('',#18883,#18884,#18885);
#18883 = CARTESIAN_POINT('',(212.21059974921,-55.73409974921,1.55));
#18884 = DIRECTION('',(0.,0.,-1.));
#18885 = DIRECTION('',(0.999999999999,-1.645562562633E-06,0.));
#18886 = ORIENTED_EDGE('',*,*,#18887,.F.);
#18887 = EDGE_CURVE('',#18888,#18879,#18890,.T.);
#18888 = VERTEX_POINT('',#18889);
#18889 = CARTESIAN_POINT('',(212.363,-54.5149,1.55));
#18890 = LINE('',#18891,#18892);
#18891 = CARTESIAN_POINT('',(212.363,-54.5149,1.55));
#18892 = VECTOR('',#18893,1.);
#18893 = DIRECTION('',(0.,-1.,0.));
#18894 = ORIENTED_EDGE('',*,*,#18895,.F.);
#18895 = EDGE_CURVE('',#18726,#18888,#18896,.T.);
#18896 = CIRCLE('',#18897,0.152400250784);
#18897 = AXIS2_PLACEMENT_3D('',#18898,#18899,#18900);
#18898 = CARTESIAN_POINT('',(212.21059974921,-54.51490025078,1.55));
#18899 = DIRECTION('',(0.,0.,-1.));
#18900 = DIRECTION('',(1.645562609256E-06,0.999999999999,0.));
#18901 = ORIENTED_EDGE('',*,*,#18725,.F.);
#18902 = PLANE('',#18903);
#18903 = AXIS2_PLACEMENT_3D('',#18904,#18905,#18906);
#18904 = CARTESIAN_POINT('',(0.,0.,1.55));
#18905 = DIRECTION('',(0.,0.,1.));
#18906 = DIRECTION('',(1.,0.,-0.));
#18907 = ADVANCED_FACE('',(#18908),#18919,.F.);
#18908 = FACE_BOUND('',#18909,.T.);
#18909 = EDGE_LOOP('',(#18910,#18911,#18917,#18918));
#18910 = ORIENTED_EDGE('',*,*,#18757,.T.);
#18911 = ORIENTED_EDGE('',*,*,#18912,.T.);
#18912 = EDGE_CURVE('',#18758,#18836,#18913,.T.);
#18913 = LINE('',#18914,#18915);
#18914 = CARTESIAN_POINT('',(210.312,-55.544,-4.6E-02));
#18915 = VECTOR('',#18916,1.);
#18916 = DIRECTION('',(0.,0.,1.));
#18917 = ORIENTED_EDGE('',*,*,#18835,.F.);
#18918 = ORIENTED_EDGE('',*,*,#18701,.T.);
#18919 = CYLINDRICAL_SURFACE('',#18920,0.4195);
#18920 = AXIS2_PLACEMENT_3D('',#18921,#18922,#18923);
#18921 = CARTESIAN_POINT('',(210.312,-55.1245,-4.6E-02));
#18922 = DIRECTION('',(-0.,-0.,-1.));
#18923 = DIRECTION('',(-0.,-1.,0.));
#18924 = ADVANCED_FACE('',(#18925),#18936,.T.);
#18925 = FACE_BOUND('',#18926,.T.);
#18926 = EDGE_LOOP('',(#18927,#18928,#18929,#18935));
#18927 = ORIENTED_EDGE('',*,*,#18733,.T.);
#18928 = ORIENTED_EDGE('',*,*,#18895,.T.);
#18929 = ORIENTED_EDGE('',*,*,#18930,.F.);
#18930 = EDGE_CURVE('',#18810,#18888,#18931,.T.);
#18931 = LINE('',#18932,#18933);
#18932 = CARTESIAN_POINT('',(212.363,-54.5149,1.51));
#18933 = VECTOR('',#18934,1.);
#18934 = DIRECTION('',(0.,0.,1.));
#18935 = ORIENTED_EDGE('',*,*,#18817,.F.);
#18936 = CYLINDRICAL_SURFACE('',#18937,0.152400250784);
#18937 = AXIS2_PLACEMENT_3D('',#18938,#18939,#18940);
#18938 = CARTESIAN_POINT('',(212.21059974921,-54.51490025078,1.51));
#18939 = DIRECTION('',(0.,0.,-1.));
#18940 = DIRECTION('',(1.645562609256E-06,0.999999999999,0.));
#18941 = ADVANCED_FACE('',(#18942),#18953,.T.);
#18942 = FACE_BOUND('',#18943,.T.);
#18943 = EDGE_LOOP('',(#18944,#18945,#18946,#18952));
#18944 = ORIENTED_EDGE('',*,*,#18930,.T.);
#18945 = ORIENTED_EDGE('',*,*,#18887,.T.);
#18946 = ORIENTED_EDGE('',*,*,#18947,.F.);
#18947 = EDGE_CURVE('',#18801,#18879,#18948,.T.);
#18948 = LINE('',#18949,#18950);
#18949 = CARTESIAN_POINT('',(212.363,-55.7341,1.51));
#18950 = VECTOR('',#18951,1.);
#18951 = DIRECTION('',(0.,0.,1.));
#18952 = ORIENTED_EDGE('',*,*,#18809,.F.);
#18953 = PLANE('',#18954);
#18954 = AXIS2_PLACEMENT_3D('',#18955,#18956,#18957);
#18955 = CARTESIAN_POINT('',(212.363,-54.5149,1.51));
#18956 = DIRECTION('',(1.,0.,-0.));
#18957 = DIRECTION('',(0.,-1.,0.));
#18958 = ADVANCED_FACE('',(#18959),#18970,.T.);
#18959 = FACE_BOUND('',#18960,.T.);
#18960 = EDGE_LOOP('',(#18961,#18962,#18963,#18969));
#18961 = ORIENTED_EDGE('',*,*,#18947,.T.);
#18962 = ORIENTED_EDGE('',*,*,#18878,.T.);
#18963 = ORIENTED_EDGE('',*,*,#18964,.F.);
#18964 = EDGE_CURVE('',#18793,#18871,#18965,.T.);
#18965 = LINE('',#18966,#18967);
#18966 = CARTESIAN_POINT('',(212.2106,-55.8865,1.51));
#18967 = VECTOR('',#18968,1.);
#18968 = DIRECTION('',(0.,0.,1.));
#18969 = ORIENTED_EDGE('',*,*,#18800,.F.);
#18970 = CYLINDRICAL_SURFACE('',#18971,0.152400250784);
#18971 = AXIS2_PLACEMENT_3D('',#18972,#18973,#18974);
#18972 = CARTESIAN_POINT('',(212.21059974921,-55.73409974921,1.51));
#18973 = DIRECTION('',(0.,0.,-1.));
#18974 = DIRECTION('',(0.999999999999,-1.645562562633E-06,0.));
#18975 = ADVANCED_FACE('',(#18976),#18987,.T.);
#18976 = FACE_BOUND('',#18977,.T.);
#18977 = EDGE_LOOP('',(#18978,#18979,#18980,#18986));
#18978 = ORIENTED_EDGE('',*,*,#18964,.T.);
#18979 = ORIENTED_EDGE('',*,*,#18870,.T.);
#18980 = ORIENTED_EDGE('',*,*,#18981,.F.);
#18981 = EDGE_CURVE('',#18784,#18862,#18982,.T.);
#18982 = LINE('',#18983,#18984);
#18983 = CARTESIAN_POINT('',(210.0834,-55.8865,1.51));
#18984 = VECTOR('',#18985,1.);
#18985 = DIRECTION('',(0.,0.,1.));
#18986 = ORIENTED_EDGE('',*,*,#18792,.F.);
#18987 = PLANE('',#18988);
#18988 = AXIS2_PLACEMENT_3D('',#18989,#18990,#18991);
#18989 = CARTESIAN_POINT('',(212.2106,-55.8865,1.51));
#18990 = DIRECTION('',(0.,-1.,0.));
#18991 = DIRECTION('',(-1.,0.,0.));
#18992 = ADVANCED_FACE('',(#18993),#19004,.T.);
#18993 = FACE_BOUND('',#18994,.T.);
#18994 = EDGE_LOOP('',(#18995,#18996,#18997,#19003));
#18995 = ORIENTED_EDGE('',*,*,#18981,.T.);
#18996 = ORIENTED_EDGE('',*,*,#18861,.T.);
#18997 = ORIENTED_EDGE('',*,*,#18998,.F.);
#18998 = EDGE_CURVE('',#18776,#18854,#18999,.T.);
#18999 = LINE('',#19000,#19001);
#19000 = CARTESIAN_POINT('',(209.931,-55.7341,1.51));
#19001 = VECTOR('',#19002,1.);
#19002 = DIRECTION('',(0.,0.,1.));
#19003 = ORIENTED_EDGE('',*,*,#18783,.F.);
#19004 = CYLINDRICAL_SURFACE('',#19005,0.152400250784);
#19005 = AXIS2_PLACEMENT_3D('',#19006,#19007,#19008);
#19006 = CARTESIAN_POINT('',(210.08340025078,-55.73409974921,1.51));
#19007 = DIRECTION('',(0.,0.,-1.));
#19008 = DIRECTION('',(-1.645562422763E-06,-0.999999999999,-0.));
#19009 = ADVANCED_FACE('',(#19010),#19021,.T.);
#19010 = FACE_BOUND('',#19011,.T.);
#19011 = EDGE_LOOP('',(#19012,#19013,#19014,#19015));
#19012 = ORIENTED_EDGE('',*,*,#18775,.F.);
#19013 = ORIENTED_EDGE('',*,*,#18998,.T.);
#19014 = ORIENTED_EDGE('',*,*,#18853,.T.);
#19015 = ORIENTED_EDGE('',*,*,#19016,.T.);
#19016 = EDGE_CURVE('',#18845,#18767,#19017,.T.);
#19017 = LINE('',#19018,#19019);
#19018 = CARTESIAN_POINT('',(209.931,-55.3000541227,-4.6E-02));
#19019 = VECTOR('',#19020,1.);
#19020 = DIRECTION('',(-0.,-0.,-1.));
#19021 = PLANE('',#19022);
#19022 = AXIS2_PLACEMENT_3D('',#19023,#19024,#19025);
#19023 = CARTESIAN_POINT('',(209.931,-55.7341,1.51));
#19024 = DIRECTION('',(-1.,0.,0.));
#19025 = DIRECTION('',(0.,1.,0.));
#19026 = ADVANCED_FACE('',(#19027),#19033,.F.);
#19027 = FACE_BOUND('',#19028,.T.);
#19028 = EDGE_LOOP('',(#19029,#19030,#19031,#19032));
#19029 = ORIENTED_EDGE('',*,*,#18912,.F.);
#19030 = ORIENTED_EDGE('',*,*,#18766,.T.);
#19031 = ORIENTED_EDGE('',*,*,#19016,.F.);
#19032 = ORIENTED_EDGE('',*,*,#18844,.F.);
#19033 = CYLINDRICAL_SURFACE('',#19034,0.4195);
#19034 = AXIS2_PLACEMENT_3D('',#19035,#19036,#19037);
#19035 = CARTESIAN_POINT('',(210.312,-55.1245,-4.6E-02));
#19036 = DIRECTION('',(-0.,-0.,-1.));
#19037 = DIRECTION('',(-0.,-1.,0.));
#19038 = ( GEOMETRIC_REPRESENTATION_CONTEXT(3) 
GLOBAL_UNCERTAINTY_ASSIGNED_CONTEXT((#19042)) 
GLOBAL_UNIT_ASSIGNED_CONTEXT((#19039,#19040,#19041)) 
REPRESENTATION_CONTEXT('Context #1',
  '3D Context with UNIT and UNCERTAINTY') );
#19039 = ( LENGTH_UNIT() NAMED_UNIT(*) SI_UNIT(.MILLI.,.METRE.) );
#19040 = ( NAMED_UNIT(*) PLANE_ANGLE_UNIT() SI_UNIT($,.RADIAN.) );
#19041 = ( NAMED_UNIT(*) SI_UNIT($,.STERADIAN.) SOLID_ANGLE_UNIT() );
#19042 = UNCERTAINTY_MEASURE_WITH_UNIT(LENGTH_MEASURE(1.E-07),#19039,
  'distance_accuracy_value','confusion accuracy');
#19043 = CONTEXT_DEPENDENT_SHAPE_REPRESENTATION(#19044,#19046);
#19044 = ( REPRESENTATION_RELATIONSHIP('','',#6263,#10) 
REPRESENTATION_RELATIONSHIP_WITH_TRANSFORMATION(#19045) 
SHAPE_REPRESENTATION_RELATIONSHIP() );
#19045 = ITEM_DEFINED_TRANSFORMATION('','',#11,#19);
#19046 = PRODUCT_DEFINITION_SHAPE('Placement','Placement of an item',
  #19047);
#19047 = NEXT_ASSEMBLY_USAGE_OCCURRENCE('2','=>[0:1:1:3]','',#5,#6258,$
  );
#19048 = PRODUCT_RELATED_PRODUCT_CATEGORY('part',$,(#6260));
#19049 = SHAPE_DEFINITION_REPRESENTATION(#19050,#19056);
#19050 = PRODUCT_DEFINITION_SHAPE('','',#19051);
#19051 = PRODUCT_DEFINITION('design','',#19052,#19055);
#19052 = PRODUCT_DEFINITION_FORMATION('','',#19053);
#19053 = PRODUCT('HacAAB0_via','HacAAB0_via','',(#19054));
#19054 = PRODUCT_CONTEXT('',#2,'mechanical');
#19055 = PRODUCT_DEFINITION_CONTEXT('part definition',#2,'design');
#19056 = ADVANCED_BREP_SHAPE_REPRESENTATION('',(#11,#19057),#19149);
#19057 = MANIFOLD_SOLID_BREP('',#19058);
#19058 = CLOSED_SHELL('',(#19059,#19092,#19112,#19132));
#19059 = ADVANCED_FACE('',(#19060),#19087,.T.);
#19060 = FACE_BOUND('',#19061,.F.);
#19061 = EDGE_LOOP('',(#19062,#19072,#19079,#19080));
#19062 = ORIENTED_EDGE('',*,*,#19063,.T.);
#19063 = EDGE_CURVE('',#19064,#19066,#19068,.T.);
#19064 = VERTEX_POINT('',#19065);
#19065 = CARTESIAN_POINT('',(178.47,-70.762,-3.5E-02));
#19066 = VERTEX_POINT('',#19067);
#19067 = CARTESIAN_POINT('',(178.47,-70.762,1.545));
#19068 = LINE('',#19069,#19070);
#19069 = CARTESIAN_POINT('',(178.47,-70.762,-3.5E-02));
#19070 = VECTOR('',#19071,1.);
#19071 = DIRECTION('',(0.,0.,1.));
#19072 = ORIENTED_EDGE('',*,*,#19073,.T.);
#19073 = EDGE_CURVE('',#19066,#19066,#19074,.T.);
#19074 = CIRCLE('',#19075,0.15);
#19075 = AXIS2_PLACEMENT_3D('',#19076,#19077,#19078);
#19076 = CARTESIAN_POINT('',(178.47,-70.612,1.545));
#19077 = DIRECTION('',(0.,0.,1.));
#19078 = DIRECTION('',(-0.,-1.,0.));
#19079 = ORIENTED_EDGE('',*,*,#19063,.F.);
#19080 = ORIENTED_EDGE('',*,*,#19081,.F.);
#19081 = EDGE_CURVE('',#19064,#19064,#19082,.T.);
#19082 = CIRCLE('',#19083,0.15);
#19083 = AXIS2_PLACEMENT_3D('',#19084,#19085,#19086);
#19084 = CARTESIAN_POINT('',(178.47,-70.612,-3.5E-02));
#19085 = DIRECTION('',(0.,0.,1.));
#19086 = DIRECTION('',(-0.,-1.,0.));
#19087 = CYLINDRICAL_SURFACE('',#19088,0.15);
#19088 = AXIS2_PLACEMENT_3D('',#19089,#19090,#19091);
#19089 = CARTESIAN_POINT('',(178.47,-70.612,-3.5E-02));
#19090 = DIRECTION('',(-0.,-0.,-1.));
#19091 = DIRECTION('',(-0.,-1.,0.));
#19092 = ADVANCED_FACE('',(#19093,#19096),#19107,.F.);
#19093 = FACE_BOUND('',#19094,.F.);
#19094 = EDGE_LOOP('',(#19095));
#19095 = ORIENTED_EDGE('',*,*,#19081,.T.);
#19096 = FACE_BOUND('',#19097,.F.);
#19097 = EDGE_LOOP('',(#19098));
#19098 = ORIENTED_EDGE('',*,*,#19099,.T.);
#19099 = EDGE_CURVE('',#19100,#19100,#19102,.T.);
#19100 = VERTEX_POINT('',#19101);
#19101 = CARTESIAN_POINT('',(178.47,-70.737,-3.5E-02));
#19102 = CIRCLE('',#19103,0.125);
#19103 = AXIS2_PLACEMENT_3D('',#19104,#19105,#19106);
#19104 = CARTESIAN_POINT('',(178.47,-70.612,-3.5E-02));
#19105 = DIRECTION('',(-0.,0.,-1.));
#19106 = DIRECTION('',(-0.,-1.,0.));
#19107 = PLANE('',#19108);
#19108 = AXIS2_PLACEMENT_3D('',#19109,#19110,#19111);
#19109 = CARTESIAN_POINT('',(178.47,-70.762,-3.5E-02));
#19110 = DIRECTION('',(0.,0.,1.));
#19111 = DIRECTION('',(1.,0.,-0.));
#19112 = ADVANCED_FACE('',(#19113,#19116),#19127,.T.);
#19113 = FACE_BOUND('',#19114,.T.);
#19114 = EDGE_LOOP('',(#19115));
#19115 = ORIENTED_EDGE('',*,*,#19073,.T.);
#19116 = FACE_BOUND('',#19117,.T.);
#19117 = EDGE_LOOP('',(#19118));
#19118 = ORIENTED_EDGE('',*,*,#19119,.T.);
#19119 = EDGE_CURVE('',#19120,#19120,#19122,.T.);
#19120 = VERTEX_POINT('',#19121);
#19121 = CARTESIAN_POINT('',(178.47,-70.737,1.545));
#19122 = CIRCLE('',#19123,0.125);
#19123 = AXIS2_PLACEMENT_3D('',#19124,#19125,#19126);
#19124 = CARTESIAN_POINT('',(178.47,-70.612,1.545));
#19125 = DIRECTION('',(-0.,0.,-1.));
#19126 = DIRECTION('',(-0.,-1.,0.));
#19127 = PLANE('',#19128);
#19128 = AXIS2_PLACEMENT_3D('',#19129,#19130,#19131);
#19129 = CARTESIAN_POINT('',(178.47,-70.762,1.545));
#19130 = DIRECTION('',(0.,0.,1.));
#19131 = DIRECTION('',(1.,0.,-0.));
#19132 = ADVANCED_FACE('',(#19133),#19144,.F.);
#19133 = FACE_BOUND('',#19134,.T.);
#19134 = EDGE_LOOP('',(#19135,#19136,#19142,#19143));
#19135 = ORIENTED_EDGE('',*,*,#19099,.T.);
#19136 = ORIENTED_EDGE('',*,*,#19137,.T.);
#19137 = EDGE_CURVE('',#19100,#19120,#19138,.T.);
#19138 = LINE('',#19139,#19140);
#19139 = CARTESIAN_POINT('',(178.47,-70.737,-3.6E-02));
#19140 = VECTOR('',#19141,1.);
#19141 = DIRECTION('',(0.,0.,1.));
#19142 = ORIENTED_EDGE('',*,*,#19119,.F.);
#19143 = ORIENTED_EDGE('',*,*,#19137,.F.);
#19144 = CYLINDRICAL_SURFACE('',#19145,0.125);
#19145 = AXIS2_PLACEMENT_3D('',#19146,#19147,#19148);
#19146 = CARTESIAN_POINT('',(178.47,-70.612,-3.6E-02));
#19147 = DIRECTION('',(-0.,-0.,-1.));
#19148 = DIRECTION('',(-0.,-1.,0.));
#19149 = ( GEOMETRIC_REPRESENTATION_CONTEXT(3) 
GLOBAL_UNCERTAINTY_ASSIGNED_CONTEXT((#19153)) 
GLOBAL_UNIT_ASSIGNED_CONTEXT((#19150,#19151,#19152)) 
REPRESENTATION_CONTEXT('Context #1',
  '3D Context with UNIT and UNCERTAINTY') );
#19150 = ( LENGTH_UNIT() NAMED_UNIT(*) SI_UNIT(.MILLI.,.METRE.) );
#19151 = ( NAMED_UNIT(*) PLANE_ANGLE_UNIT() SI_UNIT($,.RADIAN.) );
#19152 = ( NAMED_UNIT(*) SI_UNIT($,.STERADIAN.) SOLID_ANGLE_UNIT() );
#19153 = UNCERTAINTY_MEASURE_WITH_UNIT(LENGTH_MEASURE(1.E-07),#19150,
  'distance_accuracy_value','confusion accuracy');
#19154 = CONTEXT_DEPENDENT_SHAPE_REPRESENTATION(#19155,#19157);
#19155 = ( REPRESENTATION_RELATIONSHIP('','',#19056,#10) 
REPRESENTATION_RELATIONSHIP_WITH_TRANSFORMATION(#19156) 
SHAPE_REPRESENTATION_RELATIONSHIP() );
#19156 = ITEM_DEFINED_TRANSFORMATION('','',#11,#23);
#19157 = PRODUCT_DEFINITION_SHAPE('Placement','Placement of an item',
  #19158);
#19158 = NEXT_ASSEMBLY_USAGE_OCCURRENCE('3','=>[0:1:1:4]','',#5,#19051,$
  );
#19159 = PRODUCT_RELATED_PRODUCT_CATEGORY('part',$,(#19053));
#19160 = SHAPE_DEFINITION_REPRESENTATION(#19161,#19167);
#19161 = PRODUCT_DEFINITION_SHAPE('','',#19162);
#19162 = PRODUCT_DEFINITION('design','',#19163,#19166);
#19163 = PRODUCT_DEFINITION_FORMATION('','',#19164);
#19164 = PRODUCT('HacAAB0_PCB','HacAAB0_PCB','',(#19165));
#19165 = PRODUCT_CONTEXT('',#2,'mechanical');
#19166 = PRODUCT_DEFINITION_CONTEXT('part definition',#2,'design');
#19167 = ADVANCED_BREP_SHAPE_REPRESENTATION('',(#11,#19168),#20644);
#19168 = MANIFOLD_SOLID_BREP('',#19169);
#19169 = CLOSED_SHELL('',(#19170,#19210,#19241,#19272,#19663,#20054,
    #20066,#20083,#20100,#20117,#20134,#20151,#20168,#20185,#20202,
    #20219,#20236,#20253,#20270,#20287,#20304,#20321,#20338,#20355,
    #20372,#20389,#20406,#20423,#20440,#20457,#20474,#20491,#20508,
    #20525,#20542,#20559,#20576,#20593,#20610,#20627));
#19170 = ADVANCED_FACE('',(#19171),#19205,.T.);
#19171 = FACE_BOUND('',#19172,.T.);
#19172 = EDGE_LOOP('',(#19173,#19183,#19191,#19199));
#19173 = ORIENTED_EDGE('',*,*,#19174,.T.);
#19174 = EDGE_CURVE('',#19175,#19177,#19179,.T.);
#19175 = VERTEX_POINT('',#19176);
#19176 = CARTESIAN_POINT('',(216.382,-92.324,0.));
#19177 = VERTEX_POINT('',#19178);
#19178 = CARTESIAN_POINT('',(216.382,-92.324,1.51));
#19179 = LINE('',#19180,#19181);
#19180 = CARTESIAN_POINT('',(216.382,-92.324,0.));
#19181 = VECTOR('',#19182,1.);
#19182 = DIRECTION('',(0.,0.,1.));
#19183 = ORIENTED_EDGE('',*,*,#19184,.T.);
#19184 = EDGE_CURVE('',#19177,#19185,#19187,.T.);
#19185 = VERTEX_POINT('',#19186);
#19186 = CARTESIAN_POINT('',(135.382,-92.324,1.51));
#19187 = LINE('',#19188,#19189);
#19188 = CARTESIAN_POINT('',(216.382,-92.324,1.51));
#19189 = VECTOR('',#19190,1.);
#19190 = DIRECTION('',(-1.,0.,0.));
#19191 = ORIENTED_EDGE('',*,*,#19192,.F.);
#19192 = EDGE_CURVE('',#19193,#19185,#19195,.T.);
#19193 = VERTEX_POINT('',#19194);
#19194 = CARTESIAN_POINT('',(135.382,-92.324,0.));
#19195 = LINE('',#19196,#19197);
#19196 = CARTESIAN_POINT('',(135.382,-92.324,0.));
#19197 = VECTOR('',#19198,1.);
#19198 = DIRECTION('',(0.,0.,1.));
#19199 = ORIENTED_EDGE('',*,*,#19200,.F.);
#19200 = EDGE_CURVE('',#19175,#19193,#19201,.T.);
#19201 = LINE('',#19202,#19203);
#19202 = CARTESIAN_POINT('',(216.382,-92.324,0.));
#19203 = VECTOR('',#19204,1.);
#19204 = DIRECTION('',(-1.,0.,0.));
#19205 = PLANE('',#19206);
#19206 = AXIS2_PLACEMENT_3D('',#19207,#19208,#19209);
#19207 = CARTESIAN_POINT('',(216.382,-92.324,0.));
#19208 = DIRECTION('',(0.,-1.,0.));
#19209 = DIRECTION('',(-1.,0.,0.));
#19210 = ADVANCED_FACE('',(#19211),#19236,.T.);
#19211 = FACE_BOUND('',#19212,.T.);
#19212 = EDGE_LOOP('',(#19213,#19223,#19229,#19230));
#19213 = ORIENTED_EDGE('',*,*,#19214,.T.);
#19214 = EDGE_CURVE('',#19215,#19217,#19219,.T.);
#19215 = VERTEX_POINT('',#19216);
#19216 = CARTESIAN_POINT('',(216.382,-52.324,0.));
#19217 = VERTEX_POINT('',#19218);
#19218 = CARTESIAN_POINT('',(216.382,-52.324,1.51));
#19219 = LINE('',#19220,#19221);
#19220 = CARTESIAN_POINT('',(216.382,-52.324,0.));
#19221 = VECTOR('',#19222,1.);
#19222 = DIRECTION('',(0.,0.,1.));
#19223 = ORIENTED_EDGE('',*,*,#19224,.T.);
#19224 = EDGE_CURVE('',#19217,#19177,#19225,.T.);
#19225 = LINE('',#19226,#19227);
#19226 = CARTESIAN_POINT('',(216.382,-52.324,1.51));
#19227 = VECTOR('',#19228,1.);
#19228 = DIRECTION('',(0.,-1.,0.));
#19229 = ORIENTED_EDGE('',*,*,#19174,.F.);
#19230 = ORIENTED_EDGE('',*,*,#19231,.F.);
#19231 = EDGE_CURVE('',#19215,#19175,#19232,.T.);
#19232 = LINE('',#19233,#19234);
#19233 = CARTESIAN_POINT('',(216.382,-52.324,0.));
#19234 = VECTOR('',#19235,1.);
#19235 = DIRECTION('',(0.,-1.,0.));
#19236 = PLANE('',#19237);
#19237 = AXIS2_PLACEMENT_3D('',#19238,#19239,#19240);
#19238 = CARTESIAN_POINT('',(216.382,-52.324,0.));
#19239 = DIRECTION('',(1.,0.,-0.));
#19240 = DIRECTION('',(0.,-1.,0.));
#19241 = ADVANCED_FACE('',(#19242),#19267,.T.);
#19242 = FACE_BOUND('',#19243,.T.);
#19243 = EDGE_LOOP('',(#19244,#19245,#19253,#19261));
#19244 = ORIENTED_EDGE('',*,*,#19192,.T.);
#19245 = ORIENTED_EDGE('',*,*,#19246,.T.);
#19246 = EDGE_CURVE('',#19185,#19247,#19249,.T.);
#19247 = VERTEX_POINT('',#19248);
#19248 = CARTESIAN_POINT('',(135.382,-52.324,1.51));
#19249 = LINE('',#19250,#19251);
#19250 = CARTESIAN_POINT('',(135.382,-92.324,1.51));
#19251 = VECTOR('',#19252,1.);
#19252 = DIRECTION('',(0.,1.,0.));
#19253 = ORIENTED_EDGE('',*,*,#19254,.F.);
#19254 = EDGE_CURVE('',#19255,#19247,#19257,.T.);
#19255 = VERTEX_POINT('',#19256);
#19256 = CARTESIAN_POINT('',(135.382,-52.324,0.));
#19257 = LINE('',#19258,#19259);
#19258 = CARTESIAN_POINT('',(135.382,-52.324,0.));
#19259 = VECTOR('',#19260,1.);
#19260 = DIRECTION('',(0.,0.,1.));
#19261 = ORIENTED_EDGE('',*,*,#19262,.F.);
#19262 = EDGE_CURVE('',#19193,#19255,#19263,.T.);
#19263 = LINE('',#19264,#19265);
#19264 = CARTESIAN_POINT('',(135.382,-92.324,0.));
#19265 = VECTOR('',#19266,1.);
#19266 = DIRECTION('',(0.,1.,0.));
#19267 = PLANE('',#19268);
#19268 = AXIS2_PLACEMENT_3D('',#19269,#19270,#19271);
#19269 = CARTESIAN_POINT('',(135.382,-92.324,0.));
#19270 = DIRECTION('',(-1.,0.,0.));
#19271 = DIRECTION('',(0.,1.,0.));
#19272 = ADVANCED_FACE('',(#19273,#19284,#19295,#19306,#19317,#19328,
    #19339,#19350,#19361,#19372,#19383,#19394,#19405,#19416,#19427,
    #19438,#19449,#19460,#19471,#19482,#19493,#19504,#19515,#19526,
    #19537,#19548,#19559,#19570,#19581,#19592,#19603,#19614,#19625,
    #19636,#19647),#19658,.F.);
#19273 = FACE_BOUND('',#19274,.F.);
#19274 = EDGE_LOOP('',(#19275,#19276,#19277,#19283));
#19275 = ORIENTED_EDGE('',*,*,#19200,.F.);
#19276 = ORIENTED_EDGE('',*,*,#19231,.F.);
#19277 = ORIENTED_EDGE('',*,*,#19278,.F.);
#19278 = EDGE_CURVE('',#19255,#19215,#19279,.T.);
#19279 = LINE('',#19280,#19281);
#19280 = CARTESIAN_POINT('',(135.382,-52.324,0.));
#19281 = VECTOR('',#19282,1.);
#19282 = DIRECTION('',(1.,0.,0.));
#19283 = ORIENTED_EDGE('',*,*,#19262,.F.);
#19284 = FACE_BOUND('',#19285,.F.);
#19285 = EDGE_LOOP('',(#19286));
#19286 = ORIENTED_EDGE('',*,*,#19287,.T.);
#19287 = EDGE_CURVE('',#19288,#19288,#19290,.T.);
#19288 = VERTEX_POINT('',#19289);
#19289 = CARTESIAN_POINT('',(145.805,-88.615,0.));
#19290 = CIRCLE('',#19291,0.85);
#19291 = AXIS2_PLACEMENT_3D('',#19292,#19293,#19294);
#19292 = CARTESIAN_POINT('',(145.805,-87.765,0.));
#19293 = DIRECTION('',(-0.,0.,-1.));
#19294 = DIRECTION('',(-0.,-1.,0.));
#19295 = FACE_BOUND('',#19296,.F.);
#19296 = EDGE_LOOP('',(#19297));
#19297 = ORIENTED_EDGE('',*,*,#19298,.T.);
#19298 = EDGE_CURVE('',#19299,#19299,#19301,.T.);
#19299 = VERTEX_POINT('',#19300);
#19300 = CARTESIAN_POINT('',(143.265,-87.245,0.));
#19301 = CIRCLE('',#19302,0.75);
#19302 = AXIS2_PLACEMENT_3D('',#19303,#19304,#19305);
#19303 = CARTESIAN_POINT('',(143.265,-86.495,0.));
#19304 = DIRECTION('',(-0.,0.,-1.));
#19305 = DIRECTION('',(-0.,-1.,0.));
#19306 = FACE_BOUND('',#19307,.F.);
#19307 = EDGE_LOOP('',(#19308));
#19308 = ORIENTED_EDGE('',*,*,#19309,.T.);
#19309 = EDGE_CURVE('',#19310,#19310,#19312,.T.);
#19310 = VERTEX_POINT('',#19311);
#19311 = CARTESIAN_POINT('',(145.805,-84.685,0.));
#19312 = CIRCLE('',#19313,2.);
#19313 = AXIS2_PLACEMENT_3D('',#19314,#19315,#19316);
#19314 = CARTESIAN_POINT('',(145.805,-82.685,0.));
#19315 = DIRECTION('',(-0.,0.,-1.));
#19316 = DIRECTION('',(-0.,-1.,0.));
#19317 = FACE_BOUND('',#19318,.F.);
#19318 = EDGE_LOOP('',(#19319));
#19319 = ORIENTED_EDGE('',*,*,#19320,.T.);
#19320 = EDGE_CURVE('',#19321,#19321,#19323,.T.);
#19321 = VERTEX_POINT('',#19322);
#19322 = CARTESIAN_POINT('',(140.725,-80.895,0.));
#19323 = CIRCLE('',#19324,0.75);
#19324 = AXIS2_PLACEMENT_3D('',#19325,#19326,#19327);
#19325 = CARTESIAN_POINT('',(140.725,-80.145,0.));
#19326 = DIRECTION('',(-0.,0.,-1.));
#19327 = DIRECTION('',(-0.,-1.,0.));
#19328 = FACE_BOUND('',#19329,.F.);
#19329 = EDGE_LOOP('',(#19330));
#19330 = ORIENTED_EDGE('',*,*,#19331,.T.);
#19331 = EDGE_CURVE('',#19332,#19332,#19334,.T.);
#19332 = VERTEX_POINT('',#19333);
#19333 = CARTESIAN_POINT('',(164.995,-88.6175,0.));
#19334 = CIRCLE('',#19335,0.85);
#19335 = AXIS2_PLACEMENT_3D('',#19336,#19337,#19338);
#19336 = CARTESIAN_POINT('',(164.995,-87.7675,0.));
#19337 = DIRECTION('',(-0.,0.,-1.));
#19338 = DIRECTION('',(-0.,-1.,0.));
#19339 = FACE_BOUND('',#19340,.F.);
#19340 = EDGE_LOOP('',(#19341));
#19341 = ORIENTED_EDGE('',*,*,#19342,.T.);
#19342 = EDGE_CURVE('',#19343,#19343,#19345,.T.);
#19343 = VERTEX_POINT('',#19344);
#19344 = CARTESIAN_POINT('',(162.455,-87.2475,0.));
#19345 = CIRCLE('',#19346,0.75);
#19346 = AXIS2_PLACEMENT_3D('',#19347,#19348,#19349);
#19347 = CARTESIAN_POINT('',(162.455,-86.4975,0.));
#19348 = DIRECTION('',(-0.,0.,-1.));
#19349 = DIRECTION('',(-0.,-1.,0.));
#19350 = FACE_BOUND('',#19351,.F.);
#19351 = EDGE_LOOP('',(#19352));
#19352 = ORIENTED_EDGE('',*,*,#19353,.T.);
#19353 = EDGE_CURVE('',#19354,#19354,#19356,.T.);
#19354 = VERTEX_POINT('',#19355);
#19355 = CARTESIAN_POINT('',(164.995,-84.6875,0.));
#19356 = CIRCLE('',#19357,2.);
#19357 = AXIS2_PLACEMENT_3D('',#19358,#19359,#19360);
#19358 = CARTESIAN_POINT('',(164.995,-82.6875,0.));
#19359 = DIRECTION('',(-0.,0.,-1.));
#19360 = DIRECTION('',(-0.,-1.,0.));
#19361 = FACE_BOUND('',#19362,.F.);
#19362 = EDGE_LOOP('',(#19363));
#19363 = ORIENTED_EDGE('',*,*,#19364,.T.);
#19364 = EDGE_CURVE('',#19365,#19365,#19367,.T.);
#19365 = VERTEX_POINT('',#19366);
#19366 = CARTESIAN_POINT('',(159.915,-80.8975,0.));
#19367 = CIRCLE('',#19368,0.75);
#19368 = AXIS2_PLACEMENT_3D('',#19369,#19370,#19371);
#19369 = CARTESIAN_POINT('',(159.915,-80.1475,0.));
#19370 = DIRECTION('',(-0.,0.,-1.));
#19371 = DIRECTION('',(-0.,-1.,0.));
#19372 = FACE_BOUND('',#19373,.F.);
#19373 = EDGE_LOOP('',(#19374));
#19374 = ORIENTED_EDGE('',*,*,#19375,.T.);
#19375 = EDGE_CURVE('',#19376,#19376,#19378,.T.);
#19376 = VERTEX_POINT('',#19377);
#19377 = CARTESIAN_POINT('',(145.805,-78.455,0.));
#19378 = CIRCLE('',#19379,0.85);
#19379 = AXIS2_PLACEMENT_3D('',#19380,#19381,#19382);
#19380 = CARTESIAN_POINT('',(145.805,-77.605,0.));
#19381 = DIRECTION('',(-0.,0.,-1.));
#19382 = DIRECTION('',(-0.,-1.,0.));
#19383 = FACE_BOUND('',#19384,.F.);
#19384 = EDGE_LOOP('',(#19385));
#19385 = ORIENTED_EDGE('',*,*,#19386,.T.);
#19386 = EDGE_CURVE('',#19387,#19387,#19389,.T.);
#19387 = VERTEX_POINT('',#19388);
#19388 = CARTESIAN_POINT('',(164.995,-78.4575,0.));
#19389 = CIRCLE('',#19390,0.85);
#19390 = AXIS2_PLACEMENT_3D('',#19391,#19392,#19393);
#19391 = CARTESIAN_POINT('',(164.995,-77.6075,0.));
#19392 = DIRECTION('',(-0.,0.,-1.));
#19393 = DIRECTION('',(-0.,-1.,0.));
#19394 = FACE_BOUND('',#19395,.F.);
#19395 = EDGE_LOOP('',(#19396));
#19396 = ORIENTED_EDGE('',*,*,#19397,.T.);
#19397 = EDGE_CURVE('',#19398,#19398,#19400,.T.);
#19398 = VERTEX_POINT('',#19399);
#19399 = CARTESIAN_POINT('',(184.15,-88.6005,0.));
#19400 = CIRCLE('',#19401,0.85);
#19401 = AXIS2_PLACEMENT_3D('',#19402,#19403,#19404);
#19402 = CARTESIAN_POINT('',(184.15,-87.7505,0.));
#19403 = DIRECTION('',(-0.,0.,-1.));
#19404 = DIRECTION('',(-0.,-1.,0.));
#19405 = FACE_BOUND('',#19406,.F.);
#19406 = EDGE_LOOP('',(#19407));
#19407 = ORIENTED_EDGE('',*,*,#19408,.T.);
#19408 = EDGE_CURVE('',#19409,#19409,#19411,.T.);
#19409 = VERTEX_POINT('',#19410);
#19410 = CARTESIAN_POINT('',(181.61,-87.2305,0.));
#19411 = CIRCLE('',#19412,0.75);
#19412 = AXIS2_PLACEMENT_3D('',#19413,#19414,#19415);
#19413 = CARTESIAN_POINT('',(181.61,-86.4805,0.));
#19414 = DIRECTION('',(-0.,0.,-1.));
#19415 = DIRECTION('',(-0.,-1.,0.));
#19416 = FACE_BOUND('',#19417,.F.);
#19417 = EDGE_LOOP('',(#19418));
#19418 = ORIENTED_EDGE('',*,*,#19419,.T.);
#19419 = EDGE_CURVE('',#19420,#19420,#19422,.T.);
#19420 = VERTEX_POINT('',#19421);
#19421 = CARTESIAN_POINT('',(184.15,-84.6705,0.));
#19422 = CIRCLE('',#19423,2.);
#19423 = AXIS2_PLACEMENT_3D('',#19424,#19425,#19426);
#19424 = CARTESIAN_POINT('',(184.15,-82.6705,0.));
#19425 = DIRECTION('',(-0.,0.,-1.));
#19426 = DIRECTION('',(-0.,-1.,0.));
#19427 = FACE_BOUND('',#19428,.F.);
#19428 = EDGE_LOOP('',(#19429));
#19429 = ORIENTED_EDGE('',*,*,#19430,.T.);
#19430 = EDGE_CURVE('',#19431,#19431,#19433,.T.);
#19431 = VERTEX_POINT('',#19432);
#19432 = CARTESIAN_POINT('',(179.07,-80.8805,0.));
#19433 = CIRCLE('',#19434,0.75);
#19434 = AXIS2_PLACEMENT_3D('',#19435,#19436,#19437);
#19435 = CARTESIAN_POINT('',(179.07,-80.1305,0.));
#19436 = DIRECTION('',(-0.,0.,-1.));
#19437 = DIRECTION('',(-0.,-1.,0.));
#19438 = FACE_BOUND('',#19439,.F.);
#19439 = EDGE_LOOP('',(#19440));
#19440 = ORIENTED_EDGE('',*,*,#19441,.T.);
#19441 = EDGE_CURVE('',#19442,#19442,#19444,.T.);
#19442 = VERTEX_POINT('',#19443);
#19443 = CARTESIAN_POINT('',(184.15,-78.4405,0.));
#19444 = CIRCLE('',#19445,0.85);
#19445 = AXIS2_PLACEMENT_3D('',#19446,#19447,#19448);
#19446 = CARTESIAN_POINT('',(184.15,-77.5905,0.));
#19447 = DIRECTION('',(-0.,0.,-1.));
#19448 = DIRECTION('',(-0.,-1.,0.));
#19449 = FACE_BOUND('',#19450,.F.);
#19450 = EDGE_LOOP('',(#19451));
#19451 = ORIENTED_EDGE('',*,*,#19452,.T.);
#19452 = EDGE_CURVE('',#19453,#19453,#19455,.T.);
#19453 = VERTEX_POINT('',#19454);
#19454 = CARTESIAN_POINT('',(165.1,-69.4235,0.));
#19455 = CIRCLE('',#19456,0.85);
#19456 = AXIS2_PLACEMENT_3D('',#19457,#19458,#19459);
#19457 = CARTESIAN_POINT('',(165.1,-68.5735,0.));
#19458 = DIRECTION('',(-0.,0.,-1.));
#19459 = DIRECTION('',(-0.,-1.,0.));
#19460 = FACE_BOUND('',#19461,.F.);
#19461 = EDGE_LOOP('',(#19462));
#19462 = ORIENTED_EDGE('',*,*,#19463,.T.);
#19463 = EDGE_CURVE('',#19464,#19464,#19466,.T.);
#19464 = VERTEX_POINT('',#19465);
#19465 = CARTESIAN_POINT('',(162.56,-68.0535,0.));
#19466 = CIRCLE('',#19467,0.75);
#19467 = AXIS2_PLACEMENT_3D('',#19468,#19469,#19470);
#19468 = CARTESIAN_POINT('',(162.56,-67.3035,0.));
#19469 = DIRECTION('',(-0.,0.,-1.));
#19470 = DIRECTION('',(-0.,-1.,0.));
#19471 = FACE_BOUND('',#19472,.F.);
#19472 = EDGE_LOOP('',(#19473));
#19473 = ORIENTED_EDGE('',*,*,#19474,.T.);
#19474 = EDGE_CURVE('',#19475,#19475,#19477,.T.);
#19475 = VERTEX_POINT('',#19476);
#19476 = CARTESIAN_POINT('',(165.1,-65.4935,0.));
#19477 = CIRCLE('',#19478,2.);
#19478 = AXIS2_PLACEMENT_3D('',#19479,#19480,#19481);
#19479 = CARTESIAN_POINT('',(165.1,-63.4935,0.));
#19480 = DIRECTION('',(-0.,0.,-1.));
#19481 = DIRECTION('',(-0.,-1.,0.));
#19482 = FACE_BOUND('',#19483,.F.);
#19483 = EDGE_LOOP('',(#19484));
#19484 = ORIENTED_EDGE('',*,*,#19485,.T.);
#19485 = EDGE_CURVE('',#19486,#19486,#19488,.T.);
#19486 = VERTEX_POINT('',#19487);
#19487 = CARTESIAN_POINT('',(160.02,-61.7035,0.));
#19488 = CIRCLE('',#19489,0.75);
#19489 = AXIS2_PLACEMENT_3D('',#19490,#19491,#19492);
#19490 = CARTESIAN_POINT('',(160.02,-60.9535,0.));
#19491 = DIRECTION('',(-0.,0.,-1.));
#19492 = DIRECTION('',(-0.,-1.,0.));
#19493 = FACE_BOUND('',#19494,.F.);
#19494 = EDGE_LOOP('',(#19495));
#19495 = ORIENTED_EDGE('',*,*,#19496,.T.);
#19496 = EDGE_CURVE('',#19497,#19497,#19499,.T.);
#19497 = VERTEX_POINT('',#19498);
#19498 = CARTESIAN_POINT('',(165.1,-59.2635,0.));
#19499 = CIRCLE('',#19500,0.85);
#19500 = AXIS2_PLACEMENT_3D('',#19501,#19502,#19503);
#19501 = CARTESIAN_POINT('',(165.1,-58.4135,0.));
#19502 = DIRECTION('',(-0.,0.,-1.));
#19503 = DIRECTION('',(-0.,-1.,0.));
#19504 = FACE_BOUND('',#19505,.F.);
#19505 = EDGE_LOOP('',(#19506));
#19506 = ORIENTED_EDGE('',*,*,#19507,.T.);
#19507 = EDGE_CURVE('',#19508,#19508,#19510,.T.);
#19508 = VERTEX_POINT('',#19509);
#19509 = CARTESIAN_POINT('',(195.072,-70.809,0.));
#19510 = CIRCLE('',#19511,0.4445);
#19511 = AXIS2_PLACEMENT_3D('',#19512,#19513,#19514);
#19512 = CARTESIAN_POINT('',(195.072,-70.3645,0.));
#19513 = DIRECTION('',(-0.,0.,-1.));
#19514 = DIRECTION('',(-0.,-1.,0.));
#19515 = FACE_BOUND('',#19516,.F.);
#19516 = EDGE_LOOP('',(#19517));
#19517 = ORIENTED_EDGE('',*,*,#19518,.T.);
#19518 = EDGE_CURVE('',#19519,#19519,#19521,.T.);
#19519 = VERTEX_POINT('',#19520);
#19520 = CARTESIAN_POINT('',(195.072,-68.269,0.));
#19521 = CIRCLE('',#19522,0.4445);
#19522 = AXIS2_PLACEMENT_3D('',#19523,#19524,#19525);
#19523 = CARTESIAN_POINT('',(195.072,-67.8245,0.));
#19524 = DIRECTION('',(-0.,0.,-1.));
#19525 = DIRECTION('',(-0.,-1.,0.));
#19526 = FACE_BOUND('',#19527,.F.);
#19527 = EDGE_LOOP('',(#19528));
#19528 = ORIENTED_EDGE('',*,*,#19529,.T.);
#19529 = EDGE_CURVE('',#19530,#19530,#19532,.T.);
#19530 = VERTEX_POINT('',#19531);
#19531 = CARTESIAN_POINT('',(210.312,-70.809,0.));
#19532 = CIRCLE('',#19533,0.4445);
#19533 = AXIS2_PLACEMENT_3D('',#19534,#19535,#19536);
#19534 = CARTESIAN_POINT('',(210.312,-70.3645,0.));
#19535 = DIRECTION('',(-0.,0.,-1.));
#19536 = DIRECTION('',(-0.,-1.,0.));
#19537 = FACE_BOUND('',#19538,.F.);
#19538 = EDGE_LOOP('',(#19539));
#19539 = ORIENTED_EDGE('',*,*,#19540,.T.);
#19540 = EDGE_CURVE('',#19541,#19541,#19543,.T.);
#19541 = VERTEX_POINT('',#19542);
#19542 = CARTESIAN_POINT('',(210.312,-68.269,0.));
#19543 = CIRCLE('',#19544,0.4445);
#19544 = AXIS2_PLACEMENT_3D('',#19545,#19546,#19547);
#19545 = CARTESIAN_POINT('',(210.312,-67.8245,0.));
#19546 = DIRECTION('',(-0.,0.,-1.));
#19547 = DIRECTION('',(-0.,-1.,0.));
#19548 = FACE_BOUND('',#19549,.F.);
#19549 = EDGE_LOOP('',(#19550));
#19550 = ORIENTED_EDGE('',*,*,#19551,.T.);
#19551 = EDGE_CURVE('',#19552,#19552,#19554,.T.);
#19552 = VERTEX_POINT('',#19553);
#19553 = CARTESIAN_POINT('',(195.072,-65.729,0.));
#19554 = CIRCLE('',#19555,0.4445);
#19555 = AXIS2_PLACEMENT_3D('',#19556,#19557,#19558);
#19556 = CARTESIAN_POINT('',(195.072,-65.2845,0.));
#19557 = DIRECTION('',(-0.,0.,-1.));
#19558 = DIRECTION('',(-0.,-1.,0.));
#19559 = FACE_BOUND('',#19560,.F.);
#19560 = EDGE_LOOP('',(#19561));
#19561 = ORIENTED_EDGE('',*,*,#19562,.T.);
#19562 = EDGE_CURVE('',#19563,#19563,#19565,.T.);
#19563 = VERTEX_POINT('',#19564);
#19564 = CARTESIAN_POINT('',(210.312,-65.729,0.));
#19565 = CIRCLE('',#19566,0.4445);
#19566 = AXIS2_PLACEMENT_3D('',#19567,#19568,#19569);
#19567 = CARTESIAN_POINT('',(210.312,-65.2845,0.));
#19568 = DIRECTION('',(-0.,0.,-1.));
#19569 = DIRECTION('',(-0.,-1.,0.));
#19570 = FACE_BOUND('',#19571,.F.);
#19571 = EDGE_LOOP('',(#19572));
#19572 = ORIENTED_EDGE('',*,*,#19573,.T.);
#19573 = EDGE_CURVE('',#19574,#19574,#19576,.T.);
#19574 = VERTEX_POINT('',#19575);
#19575 = CARTESIAN_POINT('',(195.072,-63.189,0.));
#19576 = CIRCLE('',#19577,0.4445);
#19577 = AXIS2_PLACEMENT_3D('',#19578,#19579,#19580);
#19578 = CARTESIAN_POINT('',(195.072,-62.7445,0.));
#19579 = DIRECTION('',(-0.,0.,-1.));
#19580 = DIRECTION('',(-0.,-1.,0.));
#19581 = FACE_BOUND('',#19582,.F.);
#19582 = EDGE_LOOP('',(#19583));
#19583 = ORIENTED_EDGE('',*,*,#19584,.T.);
#19584 = EDGE_CURVE('',#19585,#19585,#19587,.T.);
#19585 = VERTEX_POINT('',#19586);
#19586 = CARTESIAN_POINT('',(195.072,-60.649,0.));
#19587 = CIRCLE('',#19588,0.4445);
#19588 = AXIS2_PLACEMENT_3D('',#19589,#19590,#19591);
#19589 = CARTESIAN_POINT('',(195.072,-60.2045,0.));
#19590 = DIRECTION('',(-0.,0.,-1.));
#19591 = DIRECTION('',(-0.,-1.,0.));
#19592 = FACE_BOUND('',#19593,.F.);
#19593 = EDGE_LOOP('',(#19594));
#19594 = ORIENTED_EDGE('',*,*,#19595,.T.);
#19595 = EDGE_CURVE('',#19596,#19596,#19598,.T.);
#19596 = VERTEX_POINT('',#19597);
#19597 = CARTESIAN_POINT('',(210.312,-63.189,0.));
#19598 = CIRCLE('',#19599,0.4445);
#19599 = AXIS2_PLACEMENT_3D('',#19600,#19601,#19602);
#19600 = CARTESIAN_POINT('',(210.312,-62.7445,0.));
#19601 = DIRECTION('',(-0.,0.,-1.));
#19602 = DIRECTION('',(-0.,-1.,0.));
#19603 = FACE_BOUND('',#19604,.F.);
#19604 = EDGE_LOOP('',(#19605));
#19605 = ORIENTED_EDGE('',*,*,#19606,.T.);
#19606 = EDGE_CURVE('',#19607,#19607,#19609,.T.);
#19607 = VERTEX_POINT('',#19608);
#19608 = CARTESIAN_POINT('',(210.312,-60.649,0.));
#19609 = CIRCLE('',#19610,0.4445);
#19610 = AXIS2_PLACEMENT_3D('',#19611,#19612,#19613);
#19611 = CARTESIAN_POINT('',(210.312,-60.2045,0.));
#19612 = DIRECTION('',(-0.,0.,-1.));
#19613 = DIRECTION('',(-0.,-1.,0.));
#19614 = FACE_BOUND('',#19615,.F.);
#19615 = EDGE_LOOP('',(#19616));
#19616 = ORIENTED_EDGE('',*,*,#19617,.T.);
#19617 = EDGE_CURVE('',#19618,#19618,#19620,.T.);
#19618 = VERTEX_POINT('',#19619);
#19619 = CARTESIAN_POINT('',(195.072,-58.109,0.));
#19620 = CIRCLE('',#19621,0.4445);
#19621 = AXIS2_PLACEMENT_3D('',#19622,#19623,#19624);
#19622 = CARTESIAN_POINT('',(195.072,-57.6645,0.));
#19623 = DIRECTION('',(-0.,0.,-1.));
#19624 = DIRECTION('',(-0.,-1.,0.));
#19625 = FACE_BOUND('',#19626,.F.);
#19626 = EDGE_LOOP('',(#19627));
#19627 = ORIENTED_EDGE('',*,*,#19628,.T.);
#19628 = EDGE_CURVE('',#19629,#19629,#19631,.T.);
#19629 = VERTEX_POINT('',#19630);
#19630 = CARTESIAN_POINT('',(195.072,-55.569,0.));
#19631 = CIRCLE('',#19632,0.4445);
#19632 = AXIS2_PLACEMENT_3D('',#19633,#19634,#19635);
#19633 = CARTESIAN_POINT('',(195.072,-55.1245,0.));
#19634 = DIRECTION('',(-0.,0.,-1.));
#19635 = DIRECTION('',(-0.,-1.,0.));
#19636 = FACE_BOUND('',#19637,.F.);
#19637 = EDGE_LOOP('',(#19638));
#19638 = ORIENTED_EDGE('',*,*,#19639,.T.);
#19639 = EDGE_CURVE('',#19640,#19640,#19642,.T.);
#19640 = VERTEX_POINT('',#19641);
#19641 = CARTESIAN_POINT('',(210.312,-58.109,0.));
#19642 = CIRCLE('',#19643,0.4445);
#19643 = AXIS2_PLACEMENT_3D('',#19644,#19645,#19646);
#19644 = CARTESIAN_POINT('',(210.312,-57.6645,0.));
#19645 = DIRECTION('',(-0.,0.,-1.));
#19646 = DIRECTION('',(-0.,-1.,0.));
#19647 = FACE_BOUND('',#19648,.F.);
#19648 = EDGE_LOOP('',(#19649));
#19649 = ORIENTED_EDGE('',*,*,#19650,.T.);
#19650 = EDGE_CURVE('',#19651,#19651,#19653,.T.);
#19651 = VERTEX_POINT('',#19652);
#19652 = CARTESIAN_POINT('',(210.312,-55.569,0.));
#19653 = CIRCLE('',#19654,0.4445);
#19654 = AXIS2_PLACEMENT_3D('',#19655,#19656,#19657);
#19655 = CARTESIAN_POINT('',(210.312,-55.1245,0.));
#19656 = DIRECTION('',(-0.,0.,-1.));
#19657 = DIRECTION('',(-0.,-1.,0.));
#19658 = PLANE('',#19659);
#19659 = AXIS2_PLACEMENT_3D('',#19660,#19661,#19662);
#19660 = CARTESIAN_POINT('',(0.,0.,0.));
#19661 = DIRECTION('',(0.,0.,1.));
#19662 = DIRECTION('',(1.,0.,-0.));
#19663 = ADVANCED_FACE('',(#19664,#19675,#19686,#19697,#19708,#19719,
    #19730,#19741,#19752,#19763,#19774,#19785,#19796,#19807,#19818,
    #19829,#19840,#19851,#19862,#19873,#19884,#19895,#19906,#19917,
    #19928,#19939,#19950,#19961,#19972,#19983,#19994,#20005,#20016,
    #20027,#20038),#20049,.T.);
#19664 = FACE_BOUND('',#19665,.T.);
#19665 = EDGE_LOOP('',(#19666,#19667,#19668,#19674));
#19666 = ORIENTED_EDGE('',*,*,#19184,.F.);
#19667 = ORIENTED_EDGE('',*,*,#19224,.F.);
#19668 = ORIENTED_EDGE('',*,*,#19669,.F.);
#19669 = EDGE_CURVE('',#19247,#19217,#19670,.T.);
#19670 = LINE('',#19671,#19672);
#19671 = CARTESIAN_POINT('',(135.382,-52.324,1.51));
#19672 = VECTOR('',#19673,1.);
#19673 = DIRECTION('',(1.,0.,0.));
#19674 = ORIENTED_EDGE('',*,*,#19246,.F.);
#19675 = FACE_BOUND('',#19676,.T.);
#19676 = EDGE_LOOP('',(#19677));
#19677 = ORIENTED_EDGE('',*,*,#19678,.T.);
#19678 = EDGE_CURVE('',#19679,#19679,#19681,.T.);
#19679 = VERTEX_POINT('',#19680);
#19680 = CARTESIAN_POINT('',(145.805,-88.615,1.51));
#19681 = CIRCLE('',#19682,0.85);
#19682 = AXIS2_PLACEMENT_3D('',#19683,#19684,#19685);
#19683 = CARTESIAN_POINT('',(145.805,-87.765,1.51));
#19684 = DIRECTION('',(-0.,0.,-1.));
#19685 = DIRECTION('',(-0.,-1.,0.));
#19686 = FACE_BOUND('',#19687,.T.);
#19687 = EDGE_LOOP('',(#19688));
#19688 = ORIENTED_EDGE('',*,*,#19689,.T.);
#19689 = EDGE_CURVE('',#19690,#19690,#19692,.T.);
#19690 = VERTEX_POINT('',#19691);
#19691 = CARTESIAN_POINT('',(143.265,-87.245,1.51));
#19692 = CIRCLE('',#19693,0.75);
#19693 = AXIS2_PLACEMENT_3D('',#19694,#19695,#19696);
#19694 = CARTESIAN_POINT('',(143.265,-86.495,1.51));
#19695 = DIRECTION('',(-0.,0.,-1.));
#19696 = DIRECTION('',(-0.,-1.,0.));
#19697 = FACE_BOUND('',#19698,.T.);
#19698 = EDGE_LOOP('',(#19699));
#19699 = ORIENTED_EDGE('',*,*,#19700,.T.);
#19700 = EDGE_CURVE('',#19701,#19701,#19703,.T.);
#19701 = VERTEX_POINT('',#19702);
#19702 = CARTESIAN_POINT('',(145.805,-84.685,1.51));
#19703 = CIRCLE('',#19704,2.);
#19704 = AXIS2_PLACEMENT_3D('',#19705,#19706,#19707);
#19705 = CARTESIAN_POINT('',(145.805,-82.685,1.51));
#19706 = DIRECTION('',(-0.,0.,-1.));
#19707 = DIRECTION('',(-0.,-1.,0.));
#19708 = FACE_BOUND('',#19709,.T.);
#19709 = EDGE_LOOP('',(#19710));
#19710 = ORIENTED_EDGE('',*,*,#19711,.T.);
#19711 = EDGE_CURVE('',#19712,#19712,#19714,.T.);
#19712 = VERTEX_POINT('',#19713);
#19713 = CARTESIAN_POINT('',(140.725,-80.895,1.51));
#19714 = CIRCLE('',#19715,0.75);
#19715 = AXIS2_PLACEMENT_3D('',#19716,#19717,#19718);
#19716 = CARTESIAN_POINT('',(140.725,-80.145,1.51));
#19717 = DIRECTION('',(-0.,0.,-1.));
#19718 = DIRECTION('',(-0.,-1.,0.));
#19719 = FACE_BOUND('',#19720,.T.);
#19720 = EDGE_LOOP('',(#19721));
#19721 = ORIENTED_EDGE('',*,*,#19722,.T.);
#19722 = EDGE_CURVE('',#19723,#19723,#19725,.T.);
#19723 = VERTEX_POINT('',#19724);
#19724 = CARTESIAN_POINT('',(164.995,-88.6175,1.51));
#19725 = CIRCLE('',#19726,0.85);
#19726 = AXIS2_PLACEMENT_3D('',#19727,#19728,#19729);
#19727 = CARTESIAN_POINT('',(164.995,-87.7675,1.51));
#19728 = DIRECTION('',(-0.,0.,-1.));
#19729 = DIRECTION('',(-0.,-1.,0.));
#19730 = FACE_BOUND('',#19731,.T.);
#19731 = EDGE_LOOP('',(#19732));
#19732 = ORIENTED_EDGE('',*,*,#19733,.T.);
#19733 = EDGE_CURVE('',#19734,#19734,#19736,.T.);
#19734 = VERTEX_POINT('',#19735);
#19735 = CARTESIAN_POINT('',(162.455,-87.2475,1.51));
#19736 = CIRCLE('',#19737,0.75);
#19737 = AXIS2_PLACEMENT_3D('',#19738,#19739,#19740);
#19738 = CARTESIAN_POINT('',(162.455,-86.4975,1.51));
#19739 = DIRECTION('',(-0.,0.,-1.));
#19740 = DIRECTION('',(-0.,-1.,0.));
#19741 = FACE_BOUND('',#19742,.T.);
#19742 = EDGE_LOOP('',(#19743));
#19743 = ORIENTED_EDGE('',*,*,#19744,.T.);
#19744 = EDGE_CURVE('',#19745,#19745,#19747,.T.);
#19745 = VERTEX_POINT('',#19746);
#19746 = CARTESIAN_POINT('',(164.995,-84.6875,1.51));
#19747 = CIRCLE('',#19748,2.);
#19748 = AXIS2_PLACEMENT_3D('',#19749,#19750,#19751);
#19749 = CARTESIAN_POINT('',(164.995,-82.6875,1.51));
#19750 = DIRECTION('',(-0.,0.,-1.));
#19751 = DIRECTION('',(-0.,-1.,0.));
#19752 = FACE_BOUND('',#19753,.T.);
#19753 = EDGE_LOOP('',(#19754));
#19754 = ORIENTED_EDGE('',*,*,#19755,.T.);
#19755 = EDGE_CURVE('',#19756,#19756,#19758,.T.);
#19756 = VERTEX_POINT('',#19757);
#19757 = CARTESIAN_POINT('',(159.915,-80.8975,1.51));
#19758 = CIRCLE('',#19759,0.75);
#19759 = AXIS2_PLACEMENT_3D('',#19760,#19761,#19762);
#19760 = CARTESIAN_POINT('',(159.915,-80.1475,1.51));
#19761 = DIRECTION('',(-0.,0.,-1.));
#19762 = DIRECTION('',(-0.,-1.,0.));
#19763 = FACE_BOUND('',#19764,.T.);
#19764 = EDGE_LOOP('',(#19765));
#19765 = ORIENTED_EDGE('',*,*,#19766,.T.);
#19766 = EDGE_CURVE('',#19767,#19767,#19769,.T.);
#19767 = VERTEX_POINT('',#19768);
#19768 = CARTESIAN_POINT('',(145.805,-78.455,1.51));
#19769 = CIRCLE('',#19770,0.85);
#19770 = AXIS2_PLACEMENT_3D('',#19771,#19772,#19773);
#19771 = CARTESIAN_POINT('',(145.805,-77.605,1.51));
#19772 = DIRECTION('',(-0.,0.,-1.));
#19773 = DIRECTION('',(-0.,-1.,0.));
#19774 = FACE_BOUND('',#19775,.T.);
#19775 = EDGE_LOOP('',(#19776));
#19776 = ORIENTED_EDGE('',*,*,#19777,.T.);
#19777 = EDGE_CURVE('',#19778,#19778,#19780,.T.);
#19778 = VERTEX_POINT('',#19779);
#19779 = CARTESIAN_POINT('',(164.995,-78.4575,1.51));
#19780 = CIRCLE('',#19781,0.85);
#19781 = AXIS2_PLACEMENT_3D('',#19782,#19783,#19784);
#19782 = CARTESIAN_POINT('',(164.995,-77.6075,1.51));
#19783 = DIRECTION('',(-0.,0.,-1.));
#19784 = DIRECTION('',(-0.,-1.,0.));
#19785 = FACE_BOUND('',#19786,.T.);
#19786 = EDGE_LOOP('',(#19787));
#19787 = ORIENTED_EDGE('',*,*,#19788,.T.);
#19788 = EDGE_CURVE('',#19789,#19789,#19791,.T.);
#19789 = VERTEX_POINT('',#19790);
#19790 = CARTESIAN_POINT('',(184.15,-88.6005,1.51));
#19791 = CIRCLE('',#19792,0.85);
#19792 = AXIS2_PLACEMENT_3D('',#19793,#19794,#19795);
#19793 = CARTESIAN_POINT('',(184.15,-87.7505,1.51));
#19794 = DIRECTION('',(-0.,0.,-1.));
#19795 = DIRECTION('',(-0.,-1.,0.));
#19796 = FACE_BOUND('',#19797,.T.);
#19797 = EDGE_LOOP('',(#19798));
#19798 = ORIENTED_EDGE('',*,*,#19799,.T.);
#19799 = EDGE_CURVE('',#19800,#19800,#19802,.T.);
#19800 = VERTEX_POINT('',#19801);
#19801 = CARTESIAN_POINT('',(181.61,-87.2305,1.51));
#19802 = CIRCLE('',#19803,0.75);
#19803 = AXIS2_PLACEMENT_3D('',#19804,#19805,#19806);
#19804 = CARTESIAN_POINT('',(181.61,-86.4805,1.51));
#19805 = DIRECTION('',(-0.,0.,-1.));
#19806 = DIRECTION('',(-0.,-1.,0.));
#19807 = FACE_BOUND('',#19808,.T.);
#19808 = EDGE_LOOP('',(#19809));
#19809 = ORIENTED_EDGE('',*,*,#19810,.T.);
#19810 = EDGE_CURVE('',#19811,#19811,#19813,.T.);
#19811 = VERTEX_POINT('',#19812);
#19812 = CARTESIAN_POINT('',(184.15,-84.6705,1.51));
#19813 = CIRCLE('',#19814,2.);
#19814 = AXIS2_PLACEMENT_3D('',#19815,#19816,#19817);
#19815 = CARTESIAN_POINT('',(184.15,-82.6705,1.51));
#19816 = DIRECTION('',(-0.,0.,-1.));
#19817 = DIRECTION('',(-0.,-1.,0.));
#19818 = FACE_BOUND('',#19819,.T.);
#19819 = EDGE_LOOP('',(#19820));
#19820 = ORIENTED_EDGE('',*,*,#19821,.T.);
#19821 = EDGE_CURVE('',#19822,#19822,#19824,.T.);
#19822 = VERTEX_POINT('',#19823);
#19823 = CARTESIAN_POINT('',(179.07,-80.8805,1.51));
#19824 = CIRCLE('',#19825,0.75);
#19825 = AXIS2_PLACEMENT_3D('',#19826,#19827,#19828);
#19826 = CARTESIAN_POINT('',(179.07,-80.1305,1.51));
#19827 = DIRECTION('',(-0.,0.,-1.));
#19828 = DIRECTION('',(-0.,-1.,0.));
#19829 = FACE_BOUND('',#19830,.T.);
#19830 = EDGE_LOOP('',(#19831));
#19831 = ORIENTED_EDGE('',*,*,#19832,.T.);
#19832 = EDGE_CURVE('',#19833,#19833,#19835,.T.);
#19833 = VERTEX_POINT('',#19834);
#19834 = CARTESIAN_POINT('',(184.15,-78.4405,1.51));
#19835 = CIRCLE('',#19836,0.85);
#19836 = AXIS2_PLACEMENT_3D('',#19837,#19838,#19839);
#19837 = CARTESIAN_POINT('',(184.15,-77.5905,1.51));
#19838 = DIRECTION('',(-0.,0.,-1.));
#19839 = DIRECTION('',(-0.,-1.,0.));
#19840 = FACE_BOUND('',#19841,.T.);
#19841 = EDGE_LOOP('',(#19842));
#19842 = ORIENTED_EDGE('',*,*,#19843,.T.);
#19843 = EDGE_CURVE('',#19844,#19844,#19846,.T.);
#19844 = VERTEX_POINT('',#19845);
#19845 = CARTESIAN_POINT('',(165.1,-69.4235,1.51));
#19846 = CIRCLE('',#19847,0.85);
#19847 = AXIS2_PLACEMENT_3D('',#19848,#19849,#19850);
#19848 = CARTESIAN_POINT('',(165.1,-68.5735,1.51));
#19849 = DIRECTION('',(-0.,0.,-1.));
#19850 = DIRECTION('',(-0.,-1.,0.));
#19851 = FACE_BOUND('',#19852,.T.);
#19852 = EDGE_LOOP('',(#19853));
#19853 = ORIENTED_EDGE('',*,*,#19854,.T.);
#19854 = EDGE_CURVE('',#19855,#19855,#19857,.T.);
#19855 = VERTEX_POINT('',#19856);
#19856 = CARTESIAN_POINT('',(162.56,-68.0535,1.51));
#19857 = CIRCLE('',#19858,0.75);
#19858 = AXIS2_PLACEMENT_3D('',#19859,#19860,#19861);
#19859 = CARTESIAN_POINT('',(162.56,-67.3035,1.51));
#19860 = DIRECTION('',(-0.,0.,-1.));
#19861 = DIRECTION('',(-0.,-1.,0.));
#19862 = FACE_BOUND('',#19863,.T.);
#19863 = EDGE_LOOP('',(#19864));
#19864 = ORIENTED_EDGE('',*,*,#19865,.T.);
#19865 = EDGE_CURVE('',#19866,#19866,#19868,.T.);
#19866 = VERTEX_POINT('',#19867);
#19867 = CARTESIAN_POINT('',(165.1,-65.4935,1.51));
#19868 = CIRCLE('',#19869,2.);
#19869 = AXIS2_PLACEMENT_3D('',#19870,#19871,#19872);
#19870 = CARTESIAN_POINT('',(165.1,-63.4935,1.51));
#19871 = DIRECTION('',(-0.,0.,-1.));
#19872 = DIRECTION('',(-0.,-1.,0.));
#19873 = FACE_BOUND('',#19874,.T.);
#19874 = EDGE_LOOP('',(#19875));
#19875 = ORIENTED_EDGE('',*,*,#19876,.T.);
#19876 = EDGE_CURVE('',#19877,#19877,#19879,.T.);
#19877 = VERTEX_POINT('',#19878);
#19878 = CARTESIAN_POINT('',(160.02,-61.7035,1.51));
#19879 = CIRCLE('',#19880,0.75);
#19880 = AXIS2_PLACEMENT_3D('',#19881,#19882,#19883);
#19881 = CARTESIAN_POINT('',(160.02,-60.9535,1.51));
#19882 = DIRECTION('',(-0.,0.,-1.));
#19883 = DIRECTION('',(-0.,-1.,0.));
#19884 = FACE_BOUND('',#19885,.T.);
#19885 = EDGE_LOOP('',(#19886));
#19886 = ORIENTED_EDGE('',*,*,#19887,.T.);
#19887 = EDGE_CURVE('',#19888,#19888,#19890,.T.);
#19888 = VERTEX_POINT('',#19889);
#19889 = CARTESIAN_POINT('',(165.1,-59.2635,1.51));
#19890 = CIRCLE('',#19891,0.85);
#19891 = AXIS2_PLACEMENT_3D('',#19892,#19893,#19894);
#19892 = CARTESIAN_POINT('',(165.1,-58.4135,1.51));
#19893 = DIRECTION('',(-0.,0.,-1.));
#19894 = DIRECTION('',(-0.,-1.,0.));
#19895 = FACE_BOUND('',#19896,.T.);
#19896 = EDGE_LOOP('',(#19897));
#19897 = ORIENTED_EDGE('',*,*,#19898,.T.);
#19898 = EDGE_CURVE('',#19899,#19899,#19901,.T.);
#19899 = VERTEX_POINT('',#19900);
#19900 = CARTESIAN_POINT('',(195.072,-70.809,1.51));
#19901 = CIRCLE('',#19902,0.4445);
#19902 = AXIS2_PLACEMENT_3D('',#19903,#19904,#19905);
#19903 = CARTESIAN_POINT('',(195.072,-70.3645,1.51));
#19904 = DIRECTION('',(-0.,0.,-1.));
#19905 = DIRECTION('',(-0.,-1.,0.));
#19906 = FACE_BOUND('',#19907,.T.);
#19907 = EDGE_LOOP('',(#19908));
#19908 = ORIENTED_EDGE('',*,*,#19909,.T.);
#19909 = EDGE_CURVE('',#19910,#19910,#19912,.T.);
#19910 = VERTEX_POINT('',#19911);
#19911 = CARTESIAN_POINT('',(195.072,-68.269,1.51));
#19912 = CIRCLE('',#19913,0.4445);
#19913 = AXIS2_PLACEMENT_3D('',#19914,#19915,#19916);
#19914 = CARTESIAN_POINT('',(195.072,-67.8245,1.51));
#19915 = DIRECTION('',(-0.,0.,-1.));
#19916 = DIRECTION('',(-0.,-1.,0.));
#19917 = FACE_BOUND('',#19918,.T.);
#19918 = EDGE_LOOP('',(#19919));
#19919 = ORIENTED_EDGE('',*,*,#19920,.T.);
#19920 = EDGE_CURVE('',#19921,#19921,#19923,.T.);
#19921 = VERTEX_POINT('',#19922);
#19922 = CARTESIAN_POINT('',(210.312,-70.809,1.51));
#19923 = CIRCLE('',#19924,0.4445);
#19924 = AXIS2_PLACEMENT_3D('',#19925,#19926,#19927);
#19925 = CARTESIAN_POINT('',(210.312,-70.3645,1.51));
#19926 = DIRECTION('',(-0.,0.,-1.));
#19927 = DIRECTION('',(-0.,-1.,0.));
#19928 = FACE_BOUND('',#19929,.T.);
#19929 = EDGE_LOOP('',(#19930));
#19930 = ORIENTED_EDGE('',*,*,#19931,.T.);
#19931 = EDGE_CURVE('',#19932,#19932,#19934,.T.);
#19932 = VERTEX_POINT('',#19933);
#19933 = CARTESIAN_POINT('',(210.312,-68.269,1.51));
#19934 = CIRCLE('',#19935,0.4445);
#19935 = AXIS2_PLACEMENT_3D('',#19936,#19937,#19938);
#19936 = CARTESIAN_POINT('',(210.312,-67.8245,1.51));
#19937 = DIRECTION('',(-0.,0.,-1.));
#19938 = DIRECTION('',(-0.,-1.,0.));
#19939 = FACE_BOUND('',#19940,.T.);
#19940 = EDGE_LOOP('',(#19941));
#19941 = ORIENTED_EDGE('',*,*,#19942,.T.);
#19942 = EDGE_CURVE('',#19943,#19943,#19945,.T.);
#19943 = VERTEX_POINT('',#19944);
#19944 = CARTESIAN_POINT('',(195.072,-65.729,1.51));
#19945 = CIRCLE('',#19946,0.4445);
#19946 = AXIS2_PLACEMENT_3D('',#19947,#19948,#19949);
#19947 = CARTESIAN_POINT('',(195.072,-65.2845,1.51));
#19948 = DIRECTION('',(-0.,0.,-1.));
#19949 = DIRECTION('',(-0.,-1.,0.));
#19950 = FACE_BOUND('',#19951,.T.);
#19951 = EDGE_LOOP('',(#19952));
#19952 = ORIENTED_EDGE('',*,*,#19953,.T.);
#19953 = EDGE_CURVE('',#19954,#19954,#19956,.T.);
#19954 = VERTEX_POINT('',#19955);
#19955 = CARTESIAN_POINT('',(210.312,-65.729,1.51));
#19956 = CIRCLE('',#19957,0.4445);
#19957 = AXIS2_PLACEMENT_3D('',#19958,#19959,#19960);
#19958 = CARTESIAN_POINT('',(210.312,-65.2845,1.51));
#19959 = DIRECTION('',(-0.,0.,-1.));
#19960 = DIRECTION('',(-0.,-1.,0.));
#19961 = FACE_BOUND('',#19962,.T.);
#19962 = EDGE_LOOP('',(#19963));
#19963 = ORIENTED_EDGE('',*,*,#19964,.T.);
#19964 = EDGE_CURVE('',#19965,#19965,#19967,.T.);
#19965 = VERTEX_POINT('',#19966);
#19966 = CARTESIAN_POINT('',(195.072,-63.189,1.51));
#19967 = CIRCLE('',#19968,0.4445);
#19968 = AXIS2_PLACEMENT_3D('',#19969,#19970,#19971);
#19969 = CARTESIAN_POINT('',(195.072,-62.7445,1.51));
#19970 = DIRECTION('',(-0.,0.,-1.));
#19971 = DIRECTION('',(-0.,-1.,0.));
#19972 = FACE_BOUND('',#19973,.T.);
#19973 = EDGE_LOOP('',(#19974));
#19974 = ORIENTED_EDGE('',*,*,#19975,.T.);
#19975 = EDGE_CURVE('',#19976,#19976,#19978,.T.);
#19976 = VERTEX_POINT('',#19977);
#19977 = CARTESIAN_POINT('',(195.072,-60.649,1.51));
#19978 = CIRCLE('',#19979,0.4445);
#19979 = AXIS2_PLACEMENT_3D('',#19980,#19981,#19982);
#19980 = CARTESIAN_POINT('',(195.072,-60.2045,1.51));
#19981 = DIRECTION('',(-0.,0.,-1.));
#19982 = DIRECTION('',(-0.,-1.,0.));
#19983 = FACE_BOUND('',#19984,.T.);
#19984 = EDGE_LOOP('',(#19985));
#19985 = ORIENTED_EDGE('',*,*,#19986,.T.);
#19986 = EDGE_CURVE('',#19987,#19987,#19989,.T.);
#19987 = VERTEX_POINT('',#19988);
#19988 = CARTESIAN_POINT('',(210.312,-63.189,1.51));
#19989 = CIRCLE('',#19990,0.4445);
#19990 = AXIS2_PLACEMENT_3D('',#19991,#19992,#19993);
#19991 = CARTESIAN_POINT('',(210.312,-62.7445,1.51));
#19992 = DIRECTION('',(-0.,0.,-1.));
#19993 = DIRECTION('',(-0.,-1.,0.));
#19994 = FACE_BOUND('',#19995,.T.);
#19995 = EDGE_LOOP('',(#19996));
#19996 = ORIENTED_EDGE('',*,*,#19997,.T.);
#19997 = EDGE_CURVE('',#19998,#19998,#20000,.T.);
#19998 = VERTEX_POINT('',#19999);
#19999 = CARTESIAN_POINT('',(210.312,-60.649,1.51));
#20000 = CIRCLE('',#20001,0.4445);
#20001 = AXIS2_PLACEMENT_3D('',#20002,#20003,#20004);
#20002 = CARTESIAN_POINT('',(210.312,-60.2045,1.51));
#20003 = DIRECTION('',(-0.,0.,-1.));
#20004 = DIRECTION('',(-0.,-1.,0.));
#20005 = FACE_BOUND('',#20006,.T.);
#20006 = EDGE_LOOP('',(#20007));
#20007 = ORIENTED_EDGE('',*,*,#20008,.T.);
#20008 = EDGE_CURVE('',#20009,#20009,#20011,.T.);
#20009 = VERTEX_POINT('',#20010);
#20010 = CARTESIAN_POINT('',(195.072,-58.109,1.51));
#20011 = CIRCLE('',#20012,0.4445);
#20012 = AXIS2_PLACEMENT_3D('',#20013,#20014,#20015);
#20013 = CARTESIAN_POINT('',(195.072,-57.6645,1.51));
#20014 = DIRECTION('',(-0.,0.,-1.));
#20015 = DIRECTION('',(-0.,-1.,0.));
#20016 = FACE_BOUND('',#20017,.T.);
#20017 = EDGE_LOOP('',(#20018));
#20018 = ORIENTED_EDGE('',*,*,#20019,.T.);
#20019 = EDGE_CURVE('',#20020,#20020,#20022,.T.);
#20020 = VERTEX_POINT('',#20021);
#20021 = CARTESIAN_POINT('',(195.072,-55.569,1.51));
#20022 = CIRCLE('',#20023,0.4445);
#20023 = AXIS2_PLACEMENT_3D('',#20024,#20025,#20026);
#20024 = CARTESIAN_POINT('',(195.072,-55.1245,1.51));
#20025 = DIRECTION('',(-0.,0.,-1.));
#20026 = DIRECTION('',(-0.,-1.,0.));
#20027 = FACE_BOUND('',#20028,.T.);
#20028 = EDGE_LOOP('',(#20029));
#20029 = ORIENTED_EDGE('',*,*,#20030,.T.);
#20030 = EDGE_CURVE('',#20031,#20031,#20033,.T.);
#20031 = VERTEX_POINT('',#20032);
#20032 = CARTESIAN_POINT('',(210.312,-58.109,1.51));
#20033 = CIRCLE('',#20034,0.4445);
#20034 = AXIS2_PLACEMENT_3D('',#20035,#20036,#20037);
#20035 = CARTESIAN_POINT('',(210.312,-57.6645,1.51));
#20036 = DIRECTION('',(-0.,0.,-1.));
#20037 = DIRECTION('',(-0.,-1.,0.));
#20038 = FACE_BOUND('',#20039,.T.);
#20039 = EDGE_LOOP('',(#20040));
#20040 = ORIENTED_EDGE('',*,*,#20041,.T.);
#20041 = EDGE_CURVE('',#20042,#20042,#20044,.T.);
#20042 = VERTEX_POINT('',#20043);
#20043 = CARTESIAN_POINT('',(210.312,-55.569,1.51));
#20044 = CIRCLE('',#20045,0.4445);
#20045 = AXIS2_PLACEMENT_3D('',#20046,#20047,#20048);
#20046 = CARTESIAN_POINT('',(210.312,-55.1245,1.51));
#20047 = DIRECTION('',(-0.,0.,-1.));
#20048 = DIRECTION('',(-0.,-1.,0.));
#20049 = PLANE('',#20050);
#20050 = AXIS2_PLACEMENT_3D('',#20051,#20052,#20053);
#20051 = CARTESIAN_POINT('',(0.,0.,1.51));
#20052 = DIRECTION('',(0.,0.,1.));
#20053 = DIRECTION('',(1.,0.,-0.));
#20054 = ADVANCED_FACE('',(#20055),#20061,.T.);
#20055 = FACE_BOUND('',#20056,.T.);
#20056 = EDGE_LOOP('',(#20057,#20058,#20059,#20060));
#20057 = ORIENTED_EDGE('',*,*,#19254,.T.);
#20058 = ORIENTED_EDGE('',*,*,#19669,.T.);
#20059 = ORIENTED_EDGE('',*,*,#19214,.F.);
#20060 = ORIENTED_EDGE('',*,*,#19278,.F.);
#20061 = PLANE('',#20062);
#20062 = AXIS2_PLACEMENT_3D('',#20063,#20064,#20065);
#20063 = CARTESIAN_POINT('',(135.382,-52.324,0.));
#20064 = DIRECTION('',(0.,1.,0.));
#20065 = DIRECTION('',(1.,0.,0.));
#20066 = ADVANCED_FACE('',(#20067),#20078,.F.);
#20067 = FACE_BOUND('',#20068,.T.);
#20068 = EDGE_LOOP('',(#20069,#20070,#20076,#20077));
#20069 = ORIENTED_EDGE('',*,*,#19287,.T.);
#20070 = ORIENTED_EDGE('',*,*,#20071,.T.);
#20071 = EDGE_CURVE('',#19288,#19679,#20072,.T.);
#20072 = LINE('',#20073,#20074);
#20073 = CARTESIAN_POINT('',(145.805,-88.615,-4.6E-02));
#20074 = VECTOR('',#20075,1.);
#20075 = DIRECTION('',(0.,0.,1.));
#20076 = ORIENTED_EDGE('',*,*,#19678,.F.);
#20077 = ORIENTED_EDGE('',*,*,#20071,.F.);
#20078 = CYLINDRICAL_SURFACE('',#20079,0.85);
#20079 = AXIS2_PLACEMENT_3D('',#20080,#20081,#20082);
#20080 = CARTESIAN_POINT('',(145.805,-87.765,-4.6E-02));
#20081 = DIRECTION('',(-0.,-0.,-1.));
#20082 = DIRECTION('',(-0.,-1.,0.));
#20083 = ADVANCED_FACE('',(#20084),#20095,.F.);
#20084 = FACE_BOUND('',#20085,.T.);
#20085 = EDGE_LOOP('',(#20086,#20087,#20093,#20094));
#20086 = ORIENTED_EDGE('',*,*,#19298,.T.);
#20087 = ORIENTED_EDGE('',*,*,#20088,.T.);
#20088 = EDGE_CURVE('',#19299,#19690,#20089,.T.);
#20089 = LINE('',#20090,#20091);
#20090 = CARTESIAN_POINT('',(143.265,-87.245,-4.6E-02));
#20091 = VECTOR('',#20092,1.);
#20092 = DIRECTION('',(0.,0.,1.));
#20093 = ORIENTED_EDGE('',*,*,#19689,.F.);
#20094 = ORIENTED_EDGE('',*,*,#20088,.F.);
#20095 = CYLINDRICAL_SURFACE('',#20096,0.75);
#20096 = AXIS2_PLACEMENT_3D('',#20097,#20098,#20099);
#20097 = CARTESIAN_POINT('',(143.265,-86.495,-4.6E-02));
#20098 = DIRECTION('',(-0.,-0.,-1.));
#20099 = DIRECTION('',(-0.,-1.,0.));
#20100 = ADVANCED_FACE('',(#20101),#20112,.F.);
#20101 = FACE_BOUND('',#20102,.T.);
#20102 = EDGE_LOOP('',(#20103,#20104,#20110,#20111));
#20103 = ORIENTED_EDGE('',*,*,#19309,.T.);
#20104 = ORIENTED_EDGE('',*,*,#20105,.T.);
#20105 = EDGE_CURVE('',#19310,#19701,#20106,.T.);
#20106 = LINE('',#20107,#20108);
#20107 = CARTESIAN_POINT('',(145.805,-84.685,-4.6E-02));
#20108 = VECTOR('',#20109,1.);
#20109 = DIRECTION('',(0.,0.,1.));
#20110 = ORIENTED_EDGE('',*,*,#19700,.F.);
#20111 = ORIENTED_EDGE('',*,*,#20105,.F.);
#20112 = CYLINDRICAL_SURFACE('',#20113,2.);
#20113 = AXIS2_PLACEMENT_3D('',#20114,#20115,#20116);
#20114 = CARTESIAN_POINT('',(145.805,-82.685,-4.6E-02));
#20115 = DIRECTION('',(-0.,-0.,-1.));
#20116 = DIRECTION('',(-0.,-1.,0.));
#20117 = ADVANCED_FACE('',(#20118),#20129,.F.);
#20118 = FACE_BOUND('',#20119,.T.);
#20119 = EDGE_LOOP('',(#20120,#20121,#20127,#20128));
#20120 = ORIENTED_EDGE('',*,*,#19320,.T.);
#20121 = ORIENTED_EDGE('',*,*,#20122,.T.);
#20122 = EDGE_CURVE('',#19321,#19712,#20123,.T.);
#20123 = LINE('',#20124,#20125);
#20124 = CARTESIAN_POINT('',(140.725,-80.895,-4.6E-02));
#20125 = VECTOR('',#20126,1.);
#20126 = DIRECTION('',(0.,0.,1.));
#20127 = ORIENTED_EDGE('',*,*,#19711,.F.);
#20128 = ORIENTED_EDGE('',*,*,#20122,.F.);
#20129 = CYLINDRICAL_SURFACE('',#20130,0.75);
#20130 = AXIS2_PLACEMENT_3D('',#20131,#20132,#20133);
#20131 = CARTESIAN_POINT('',(140.725,-80.145,-4.6E-02));
#20132 = DIRECTION('',(-0.,-0.,-1.));
#20133 = DIRECTION('',(-0.,-1.,0.));
#20134 = ADVANCED_FACE('',(#20135),#20146,.F.);
#20135 = FACE_BOUND('',#20136,.T.);
#20136 = EDGE_LOOP('',(#20137,#20138,#20144,#20145));
#20137 = ORIENTED_EDGE('',*,*,#19331,.T.);
#20138 = ORIENTED_EDGE('',*,*,#20139,.T.);
#20139 = EDGE_CURVE('',#19332,#19723,#20140,.T.);
#20140 = LINE('',#20141,#20142);
#20141 = CARTESIAN_POINT('',(164.995,-88.6175,-4.6E-02));
#20142 = VECTOR('',#20143,1.);
#20143 = DIRECTION('',(0.,0.,1.));
#20144 = ORIENTED_EDGE('',*,*,#19722,.F.);
#20145 = ORIENTED_EDGE('',*,*,#20139,.F.);
#20146 = CYLINDRICAL_SURFACE('',#20147,0.85);
#20147 = AXIS2_PLACEMENT_3D('',#20148,#20149,#20150);
#20148 = CARTESIAN_POINT('',(164.995,-87.7675,-4.6E-02));
#20149 = DIRECTION('',(-0.,-0.,-1.));
#20150 = DIRECTION('',(-0.,-1.,0.));
#20151 = ADVANCED_FACE('',(#20152),#20163,.F.);
#20152 = FACE_BOUND('',#20153,.T.);
#20153 = EDGE_LOOP('',(#20154,#20155,#20161,#20162));
#20154 = ORIENTED_EDGE('',*,*,#19342,.T.);
#20155 = ORIENTED_EDGE('',*,*,#20156,.T.);
#20156 = EDGE_CURVE('',#19343,#19734,#20157,.T.);
#20157 = LINE('',#20158,#20159);
#20158 = CARTESIAN_POINT('',(162.455,-87.2475,-4.6E-02));
#20159 = VECTOR('',#20160,1.);
#20160 = DIRECTION('',(0.,0.,1.));
#20161 = ORIENTED_EDGE('',*,*,#19733,.F.);
#20162 = ORIENTED_EDGE('',*,*,#20156,.F.);
#20163 = CYLINDRICAL_SURFACE('',#20164,0.75);
#20164 = AXIS2_PLACEMENT_3D('',#20165,#20166,#20167);
#20165 = CARTESIAN_POINT('',(162.455,-86.4975,-4.6E-02));
#20166 = DIRECTION('',(-0.,-0.,-1.));
#20167 = DIRECTION('',(-0.,-1.,0.));
#20168 = ADVANCED_FACE('',(#20169),#20180,.F.);
#20169 = FACE_BOUND('',#20170,.T.);
#20170 = EDGE_LOOP('',(#20171,#20172,#20178,#20179));
#20171 = ORIENTED_EDGE('',*,*,#19353,.T.);
#20172 = ORIENTED_EDGE('',*,*,#20173,.T.);
#20173 = EDGE_CURVE('',#19354,#19745,#20174,.T.);
#20174 = LINE('',#20175,#20176);
#20175 = CARTESIAN_POINT('',(164.995,-84.6875,-4.6E-02));
#20176 = VECTOR('',#20177,1.);
#20177 = DIRECTION('',(0.,0.,1.));
#20178 = ORIENTED_EDGE('',*,*,#19744,.F.);
#20179 = ORIENTED_EDGE('',*,*,#20173,.F.);
#20180 = CYLINDRICAL_SURFACE('',#20181,2.);
#20181 = AXIS2_PLACEMENT_3D('',#20182,#20183,#20184);
#20182 = CARTESIAN_POINT('',(164.995,-82.6875,-4.6E-02));
#20183 = DIRECTION('',(-0.,-0.,-1.));
#20184 = DIRECTION('',(-0.,-1.,0.));
#20185 = ADVANCED_FACE('',(#20186),#20197,.F.);
#20186 = FACE_BOUND('',#20187,.T.);
#20187 = EDGE_LOOP('',(#20188,#20189,#20195,#20196));
#20188 = ORIENTED_EDGE('',*,*,#19364,.T.);
#20189 = ORIENTED_EDGE('',*,*,#20190,.T.);
#20190 = EDGE_CURVE('',#19365,#19756,#20191,.T.);
#20191 = LINE('',#20192,#20193);
#20192 = CARTESIAN_POINT('',(159.915,-80.8975,-4.6E-02));
#20193 = VECTOR('',#20194,1.);
#20194 = DIRECTION('',(0.,0.,1.));
#20195 = ORIENTED_EDGE('',*,*,#19755,.F.);
#20196 = ORIENTED_EDGE('',*,*,#20190,.F.);
#20197 = CYLINDRICAL_SURFACE('',#20198,0.75);
#20198 = AXIS2_PLACEMENT_3D('',#20199,#20200,#20201);
#20199 = CARTESIAN_POINT('',(159.915,-80.1475,-4.6E-02));
#20200 = DIRECTION('',(-0.,-0.,-1.));
#20201 = DIRECTION('',(-0.,-1.,0.));
#20202 = ADVANCED_FACE('',(#20203),#20214,.F.);
#20203 = FACE_BOUND('',#20204,.T.);
#20204 = EDGE_LOOP('',(#20205,#20206,#20212,#20213));
#20205 = ORIENTED_EDGE('',*,*,#19375,.T.);
#20206 = ORIENTED_EDGE('',*,*,#20207,.T.);
#20207 = EDGE_CURVE('',#19376,#19767,#20208,.T.);
#20208 = LINE('',#20209,#20210);
#20209 = CARTESIAN_POINT('',(145.805,-78.455,-4.6E-02));
#20210 = VECTOR('',#20211,1.);
#20211 = DIRECTION('',(0.,0.,1.));
#20212 = ORIENTED_EDGE('',*,*,#19766,.F.);
#20213 = ORIENTED_EDGE('',*,*,#20207,.F.);
#20214 = CYLINDRICAL_SURFACE('',#20215,0.85);
#20215 = AXIS2_PLACEMENT_3D('',#20216,#20217,#20218);
#20216 = CARTESIAN_POINT('',(145.805,-77.605,-4.6E-02));
#20217 = DIRECTION('',(-0.,-0.,-1.));
#20218 = DIRECTION('',(-0.,-1.,0.));
#20219 = ADVANCED_FACE('',(#20220),#20231,.F.);
#20220 = FACE_BOUND('',#20221,.T.);
#20221 = EDGE_LOOP('',(#20222,#20223,#20229,#20230));
#20222 = ORIENTED_EDGE('',*,*,#19386,.T.);
#20223 = ORIENTED_EDGE('',*,*,#20224,.T.);
#20224 = EDGE_CURVE('',#19387,#19778,#20225,.T.);
#20225 = LINE('',#20226,#20227);
#20226 = CARTESIAN_POINT('',(164.995,-78.4575,-4.6E-02));
#20227 = VECTOR('',#20228,1.);
#20228 = DIRECTION('',(0.,0.,1.));
#20229 = ORIENTED_EDGE('',*,*,#19777,.F.);
#20230 = ORIENTED_EDGE('',*,*,#20224,.F.);
#20231 = CYLINDRICAL_SURFACE('',#20232,0.85);
#20232 = AXIS2_PLACEMENT_3D('',#20233,#20234,#20235);
#20233 = CARTESIAN_POINT('',(164.995,-77.6075,-4.6E-02));
#20234 = DIRECTION('',(-0.,-0.,-1.));
#20235 = DIRECTION('',(-0.,-1.,0.));
#20236 = ADVANCED_FACE('',(#20237),#20248,.F.);
#20237 = FACE_BOUND('',#20238,.T.);
#20238 = EDGE_LOOP('',(#20239,#20240,#20246,#20247));
#20239 = ORIENTED_EDGE('',*,*,#19397,.T.);
#20240 = ORIENTED_EDGE('',*,*,#20241,.T.);
#20241 = EDGE_CURVE('',#19398,#19789,#20242,.T.);
#20242 = LINE('',#20243,#20244);
#20243 = CARTESIAN_POINT('',(184.15,-88.6005,-4.6E-02));
#20244 = VECTOR('',#20245,1.);
#20245 = DIRECTION('',(0.,0.,1.));
#20246 = ORIENTED_EDGE('',*,*,#19788,.F.);
#20247 = ORIENTED_EDGE('',*,*,#20241,.F.);
#20248 = CYLINDRICAL_SURFACE('',#20249,0.85);
#20249 = AXIS2_PLACEMENT_3D('',#20250,#20251,#20252);
#20250 = CARTESIAN_POINT('',(184.15,-87.7505,-4.6E-02));
#20251 = DIRECTION('',(-0.,-0.,-1.));
#20252 = DIRECTION('',(-0.,-1.,0.));
#20253 = ADVANCED_FACE('',(#20254),#20265,.F.);
#20254 = FACE_BOUND('',#20255,.T.);
#20255 = EDGE_LOOP('',(#20256,#20257,#20263,#20264));
#20256 = ORIENTED_EDGE('',*,*,#19408,.T.);
#20257 = ORIENTED_EDGE('',*,*,#20258,.T.);
#20258 = EDGE_CURVE('',#19409,#19800,#20259,.T.);
#20259 = LINE('',#20260,#20261);
#20260 = CARTESIAN_POINT('',(181.61,-87.2305,-4.6E-02));
#20261 = VECTOR('',#20262,1.);
#20262 = DIRECTION('',(0.,0.,1.));
#20263 = ORIENTED_EDGE('',*,*,#19799,.F.);
#20264 = ORIENTED_EDGE('',*,*,#20258,.F.);
#20265 = CYLINDRICAL_SURFACE('',#20266,0.75);
#20266 = AXIS2_PLACEMENT_3D('',#20267,#20268,#20269);
#20267 = CARTESIAN_POINT('',(181.61,-86.4805,-4.6E-02));
#20268 = DIRECTION('',(-0.,-0.,-1.));
#20269 = DIRECTION('',(-0.,-1.,0.));
#20270 = ADVANCED_FACE('',(#20271),#20282,.F.);
#20271 = FACE_BOUND('',#20272,.T.);
#20272 = EDGE_LOOP('',(#20273,#20274,#20280,#20281));
#20273 = ORIENTED_EDGE('',*,*,#19419,.T.);
#20274 = ORIENTED_EDGE('',*,*,#20275,.T.);
#20275 = EDGE_CURVE('',#19420,#19811,#20276,.T.);
#20276 = LINE('',#20277,#20278);
#20277 = CARTESIAN_POINT('',(184.15,-84.6705,-4.6E-02));
#20278 = VECTOR('',#20279,1.);
#20279 = DIRECTION('',(0.,0.,1.));
#20280 = ORIENTED_EDGE('',*,*,#19810,.F.);
#20281 = ORIENTED_EDGE('',*,*,#20275,.F.);
#20282 = CYLINDRICAL_SURFACE('',#20283,2.);
#20283 = AXIS2_PLACEMENT_3D('',#20284,#20285,#20286);
#20284 = CARTESIAN_POINT('',(184.15,-82.6705,-4.6E-02));
#20285 = DIRECTION('',(-0.,-0.,-1.));
#20286 = DIRECTION('',(-0.,-1.,0.));
#20287 = ADVANCED_FACE('',(#20288),#20299,.F.);
#20288 = FACE_BOUND('',#20289,.T.);
#20289 = EDGE_LOOP('',(#20290,#20291,#20297,#20298));
#20290 = ORIENTED_EDGE('',*,*,#19430,.T.);
#20291 = ORIENTED_EDGE('',*,*,#20292,.T.);
#20292 = EDGE_CURVE('',#19431,#19822,#20293,.T.);
#20293 = LINE('',#20294,#20295);
#20294 = CARTESIAN_POINT('',(179.07,-80.8805,-4.6E-02));
#20295 = VECTOR('',#20296,1.);
#20296 = DIRECTION('',(0.,0.,1.));
#20297 = ORIENTED_EDGE('',*,*,#19821,.F.);
#20298 = ORIENTED_EDGE('',*,*,#20292,.F.);
#20299 = CYLINDRICAL_SURFACE('',#20300,0.75);
#20300 = AXIS2_PLACEMENT_3D('',#20301,#20302,#20303);
#20301 = CARTESIAN_POINT('',(179.07,-80.1305,-4.6E-02));
#20302 = DIRECTION('',(-0.,-0.,-1.));
#20303 = DIRECTION('',(-0.,-1.,0.));
#20304 = ADVANCED_FACE('',(#20305),#20316,.F.);
#20305 = FACE_BOUND('',#20306,.T.);
#20306 = EDGE_LOOP('',(#20307,#20308,#20314,#20315));
#20307 = ORIENTED_EDGE('',*,*,#19441,.T.);
#20308 = ORIENTED_EDGE('',*,*,#20309,.T.);
#20309 = EDGE_CURVE('',#19442,#19833,#20310,.T.);
#20310 = LINE('',#20311,#20312);
#20311 = CARTESIAN_POINT('',(184.15,-78.4405,-4.6E-02));
#20312 = VECTOR('',#20313,1.);
#20313 = DIRECTION('',(0.,0.,1.));
#20314 = ORIENTED_EDGE('',*,*,#19832,.F.);
#20315 = ORIENTED_EDGE('',*,*,#20309,.F.);
#20316 = CYLINDRICAL_SURFACE('',#20317,0.85);
#20317 = AXIS2_PLACEMENT_3D('',#20318,#20319,#20320);
#20318 = CARTESIAN_POINT('',(184.15,-77.5905,-4.6E-02));
#20319 = DIRECTION('',(-0.,-0.,-1.));
#20320 = DIRECTION('',(-0.,-1.,0.));
#20321 = ADVANCED_FACE('',(#20322),#20333,.F.);
#20322 = FACE_BOUND('',#20323,.T.);
#20323 = EDGE_LOOP('',(#20324,#20325,#20331,#20332));
#20324 = ORIENTED_EDGE('',*,*,#19452,.T.);
#20325 = ORIENTED_EDGE('',*,*,#20326,.T.);
#20326 = EDGE_CURVE('',#19453,#19844,#20327,.T.);
#20327 = LINE('',#20328,#20329);
#20328 = CARTESIAN_POINT('',(165.1,-69.4235,-4.6E-02));
#20329 = VECTOR('',#20330,1.);
#20330 = DIRECTION('',(0.,0.,1.));
#20331 = ORIENTED_EDGE('',*,*,#19843,.F.);
#20332 = ORIENTED_EDGE('',*,*,#20326,.F.);
#20333 = CYLINDRICAL_SURFACE('',#20334,0.85);
#20334 = AXIS2_PLACEMENT_3D('',#20335,#20336,#20337);
#20335 = CARTESIAN_POINT('',(165.1,-68.5735,-4.6E-02));
#20336 = DIRECTION('',(-0.,-0.,-1.));
#20337 = DIRECTION('',(-0.,-1.,0.));
#20338 = ADVANCED_FACE('',(#20339),#20350,.F.);
#20339 = FACE_BOUND('',#20340,.T.);
#20340 = EDGE_LOOP('',(#20341,#20342,#20348,#20349));
#20341 = ORIENTED_EDGE('',*,*,#19463,.T.);
#20342 = ORIENTED_EDGE('',*,*,#20343,.T.);
#20343 = EDGE_CURVE('',#19464,#19855,#20344,.T.);
#20344 = LINE('',#20345,#20346);
#20345 = CARTESIAN_POINT('',(162.56,-68.0535,-4.6E-02));
#20346 = VECTOR('',#20347,1.);
#20347 = DIRECTION('',(0.,0.,1.));
#20348 = ORIENTED_EDGE('',*,*,#19854,.F.);
#20349 = ORIENTED_EDGE('',*,*,#20343,.F.);
#20350 = CYLINDRICAL_SURFACE('',#20351,0.75);
#20351 = AXIS2_PLACEMENT_3D('',#20352,#20353,#20354);
#20352 = CARTESIAN_POINT('',(162.56,-67.3035,-4.6E-02));
#20353 = DIRECTION('',(-0.,-0.,-1.));
#20354 = DIRECTION('',(-0.,-1.,0.));
#20355 = ADVANCED_FACE('',(#20356),#20367,.F.);
#20356 = FACE_BOUND('',#20357,.T.);
#20357 = EDGE_LOOP('',(#20358,#20359,#20365,#20366));
#20358 = ORIENTED_EDGE('',*,*,#19474,.T.);
#20359 = ORIENTED_EDGE('',*,*,#20360,.T.);
#20360 = EDGE_CURVE('',#19475,#19866,#20361,.T.);
#20361 = LINE('',#20362,#20363);
#20362 = CARTESIAN_POINT('',(165.1,-65.4935,-4.6E-02));
#20363 = VECTOR('',#20364,1.);
#20364 = DIRECTION('',(0.,0.,1.));
#20365 = ORIENTED_EDGE('',*,*,#19865,.F.);
#20366 = ORIENTED_EDGE('',*,*,#20360,.F.);
#20367 = CYLINDRICAL_SURFACE('',#20368,2.);
#20368 = AXIS2_PLACEMENT_3D('',#20369,#20370,#20371);
#20369 = CARTESIAN_POINT('',(165.1,-63.4935,-4.6E-02));
#20370 = DIRECTION('',(-0.,-0.,-1.));
#20371 = DIRECTION('',(-0.,-1.,0.));
#20372 = ADVANCED_FACE('',(#20373),#20384,.F.);
#20373 = FACE_BOUND('',#20374,.T.);
#20374 = EDGE_LOOP('',(#20375,#20376,#20382,#20383));
#20375 = ORIENTED_EDGE('',*,*,#19485,.T.);
#20376 = ORIENTED_EDGE('',*,*,#20377,.T.);
#20377 = EDGE_CURVE('',#19486,#19877,#20378,.T.);
#20378 = LINE('',#20379,#20380);
#20379 = CARTESIAN_POINT('',(160.02,-61.7035,-4.6E-02));
#20380 = VECTOR('',#20381,1.);
#20381 = DIRECTION('',(0.,0.,1.));
#20382 = ORIENTED_EDGE('',*,*,#19876,.F.);
#20383 = ORIENTED_EDGE('',*,*,#20377,.F.);
#20384 = CYLINDRICAL_SURFACE('',#20385,0.75);
#20385 = AXIS2_PLACEMENT_3D('',#20386,#20387,#20388);
#20386 = CARTESIAN_POINT('',(160.02,-60.9535,-4.6E-02));
#20387 = DIRECTION('',(-0.,-0.,-1.));
#20388 = DIRECTION('',(-0.,-1.,0.));
#20389 = ADVANCED_FACE('',(#20390),#20401,.F.);
#20390 = FACE_BOUND('',#20391,.T.);
#20391 = EDGE_LOOP('',(#20392,#20393,#20399,#20400));
#20392 = ORIENTED_EDGE('',*,*,#19496,.T.);
#20393 = ORIENTED_EDGE('',*,*,#20394,.T.);
#20394 = EDGE_CURVE('',#19497,#19888,#20395,.T.);
#20395 = LINE('',#20396,#20397);
#20396 = CARTESIAN_POINT('',(165.1,-59.2635,-4.6E-02));
#20397 = VECTOR('',#20398,1.);
#20398 = DIRECTION('',(0.,0.,1.));
#20399 = ORIENTED_EDGE('',*,*,#19887,.F.);
#20400 = ORIENTED_EDGE('',*,*,#20394,.F.);
#20401 = CYLINDRICAL_SURFACE('',#20402,0.85);
#20402 = AXIS2_PLACEMENT_3D('',#20403,#20404,#20405);
#20403 = CARTESIAN_POINT('',(165.1,-58.4135,-4.6E-02));
#20404 = DIRECTION('',(-0.,-0.,-1.));
#20405 = DIRECTION('',(-0.,-1.,0.));
#20406 = ADVANCED_FACE('',(#20407),#20418,.F.);
#20407 = FACE_BOUND('',#20408,.T.);
#20408 = EDGE_LOOP('',(#20409,#20410,#20416,#20417));
#20409 = ORIENTED_EDGE('',*,*,#19507,.T.);
#20410 = ORIENTED_EDGE('',*,*,#20411,.T.);
#20411 = EDGE_CURVE('',#19508,#19899,#20412,.T.);
#20412 = LINE('',#20413,#20414);
#20413 = CARTESIAN_POINT('',(195.072,-70.809,-4.6E-02));
#20414 = VECTOR('',#20415,1.);
#20415 = DIRECTION('',(0.,0.,1.));
#20416 = ORIENTED_EDGE('',*,*,#19898,.F.);
#20417 = ORIENTED_EDGE('',*,*,#20411,.F.);
#20418 = CYLINDRICAL_SURFACE('',#20419,0.4445);
#20419 = AXIS2_PLACEMENT_3D('',#20420,#20421,#20422);
#20420 = CARTESIAN_POINT('',(195.072,-70.3645,-4.6E-02));
#20421 = DIRECTION('',(-0.,-0.,-1.));
#20422 = DIRECTION('',(-0.,-1.,0.));
#20423 = ADVANCED_FACE('',(#20424),#20435,.F.);
#20424 = FACE_BOUND('',#20425,.T.);
#20425 = EDGE_LOOP('',(#20426,#20427,#20433,#20434));
#20426 = ORIENTED_EDGE('',*,*,#19518,.T.);
#20427 = ORIENTED_EDGE('',*,*,#20428,.T.);
#20428 = EDGE_CURVE('',#19519,#19910,#20429,.T.);
#20429 = LINE('',#20430,#20431);
#20430 = CARTESIAN_POINT('',(195.072,-68.269,-4.6E-02));
#20431 = VECTOR('',#20432,1.);
#20432 = DIRECTION('',(0.,0.,1.));
#20433 = ORIENTED_EDGE('',*,*,#19909,.F.);
#20434 = ORIENTED_EDGE('',*,*,#20428,.F.);
#20435 = CYLINDRICAL_SURFACE('',#20436,0.4445);
#20436 = AXIS2_PLACEMENT_3D('',#20437,#20438,#20439);
#20437 = CARTESIAN_POINT('',(195.072,-67.8245,-4.6E-02));
#20438 = DIRECTION('',(-0.,-0.,-1.));
#20439 = DIRECTION('',(-0.,-1.,0.));
#20440 = ADVANCED_FACE('',(#20441),#20452,.F.);
#20441 = FACE_BOUND('',#20442,.T.);
#20442 = EDGE_LOOP('',(#20443,#20444,#20450,#20451));
#20443 = ORIENTED_EDGE('',*,*,#19529,.T.);
#20444 = ORIENTED_EDGE('',*,*,#20445,.T.);
#20445 = EDGE_CURVE('',#19530,#19921,#20446,.T.);
#20446 = LINE('',#20447,#20448);
#20447 = CARTESIAN_POINT('',(210.312,-70.809,-4.6E-02));
#20448 = VECTOR('',#20449,1.);
#20449 = DIRECTION('',(0.,0.,1.));
#20450 = ORIENTED_EDGE('',*,*,#19920,.F.);
#20451 = ORIENTED_EDGE('',*,*,#20445,.F.);
#20452 = CYLINDRICAL_SURFACE('',#20453,0.4445);
#20453 = AXIS2_PLACEMENT_3D('',#20454,#20455,#20456);
#20454 = CARTESIAN_POINT('',(210.312,-70.3645,-4.6E-02));
#20455 = DIRECTION('',(-0.,-0.,-1.));
#20456 = DIRECTION('',(-0.,-1.,0.));
#20457 = ADVANCED_FACE('',(#20458),#20469,.F.);
#20458 = FACE_BOUND('',#20459,.T.);
#20459 = EDGE_LOOP('',(#20460,#20461,#20467,#20468));
#20460 = ORIENTED_EDGE('',*,*,#19540,.T.);
#20461 = ORIENTED_EDGE('',*,*,#20462,.T.);
#20462 = EDGE_CURVE('',#19541,#19932,#20463,.T.);
#20463 = LINE('',#20464,#20465);
#20464 = CARTESIAN_POINT('',(210.312,-68.269,-4.6E-02));
#20465 = VECTOR('',#20466,1.);
#20466 = DIRECTION('',(0.,0.,1.));
#20467 = ORIENTED_EDGE('',*,*,#19931,.F.);
#20468 = ORIENTED_EDGE('',*,*,#20462,.F.);
#20469 = CYLINDRICAL_SURFACE('',#20470,0.4445);
#20470 = AXIS2_PLACEMENT_3D('',#20471,#20472,#20473);
#20471 = CARTESIAN_POINT('',(210.312,-67.8245,-4.6E-02));
#20472 = DIRECTION('',(-0.,-0.,-1.));
#20473 = DIRECTION('',(-0.,-1.,0.));
#20474 = ADVANCED_FACE('',(#20475),#20486,.F.);
#20475 = FACE_BOUND('',#20476,.T.);
#20476 = EDGE_LOOP('',(#20477,#20478,#20484,#20485));
#20477 = ORIENTED_EDGE('',*,*,#19551,.T.);
#20478 = ORIENTED_EDGE('',*,*,#20479,.T.);
#20479 = EDGE_CURVE('',#19552,#19943,#20480,.T.);
#20480 = LINE('',#20481,#20482);
#20481 = CARTESIAN_POINT('',(195.072,-65.729,-4.6E-02));
#20482 = VECTOR('',#20483,1.);
#20483 = DIRECTION('',(0.,0.,1.));
#20484 = ORIENTED_EDGE('',*,*,#19942,.F.);
#20485 = ORIENTED_EDGE('',*,*,#20479,.F.);
#20486 = CYLINDRICAL_SURFACE('',#20487,0.4445);
#20487 = AXIS2_PLACEMENT_3D('',#20488,#20489,#20490);
#20488 = CARTESIAN_POINT('',(195.072,-65.2845,-4.6E-02));
#20489 = DIRECTION('',(-0.,-0.,-1.));
#20490 = DIRECTION('',(-0.,-1.,0.));
#20491 = ADVANCED_FACE('',(#20492),#20503,.F.);
#20492 = FACE_BOUND('',#20493,.T.);
#20493 = EDGE_LOOP('',(#20494,#20495,#20501,#20502));
#20494 = ORIENTED_EDGE('',*,*,#19562,.T.);
#20495 = ORIENTED_EDGE('',*,*,#20496,.T.);
#20496 = EDGE_CURVE('',#19563,#19954,#20497,.T.);
#20497 = LINE('',#20498,#20499);
#20498 = CARTESIAN_POINT('',(210.312,-65.729,-4.6E-02));
#20499 = VECTOR('',#20500,1.);
#20500 = DIRECTION('',(0.,0.,1.));
#20501 = ORIENTED_EDGE('',*,*,#19953,.F.);
#20502 = ORIENTED_EDGE('',*,*,#20496,.F.);
#20503 = CYLINDRICAL_SURFACE('',#20504,0.4445);
#20504 = AXIS2_PLACEMENT_3D('',#20505,#20506,#20507);
#20505 = CARTESIAN_POINT('',(210.312,-65.2845,-4.6E-02));
#20506 = DIRECTION('',(-0.,-0.,-1.));
#20507 = DIRECTION('',(-0.,-1.,0.));
#20508 = ADVANCED_FACE('',(#20509),#20520,.F.);
#20509 = FACE_BOUND('',#20510,.T.);
#20510 = EDGE_LOOP('',(#20511,#20512,#20518,#20519));
#20511 = ORIENTED_EDGE('',*,*,#19573,.T.);
#20512 = ORIENTED_EDGE('',*,*,#20513,.T.);
#20513 = EDGE_CURVE('',#19574,#19965,#20514,.T.);
#20514 = LINE('',#20515,#20516);
#20515 = CARTESIAN_POINT('',(195.072,-63.189,-4.6E-02));
#20516 = VECTOR('',#20517,1.);
#20517 = DIRECTION('',(0.,0.,1.));
#20518 = ORIENTED_EDGE('',*,*,#19964,.F.);
#20519 = ORIENTED_EDGE('',*,*,#20513,.F.);
#20520 = CYLINDRICAL_SURFACE('',#20521,0.4445);
#20521 = AXIS2_PLACEMENT_3D('',#20522,#20523,#20524);
#20522 = CARTESIAN_POINT('',(195.072,-62.7445,-4.6E-02));
#20523 = DIRECTION('',(-0.,-0.,-1.));
#20524 = DIRECTION('',(-0.,-1.,0.));
#20525 = ADVANCED_FACE('',(#20526),#20537,.F.);
#20526 = FACE_BOUND('',#20527,.T.);
#20527 = EDGE_LOOP('',(#20528,#20529,#20535,#20536));
#20528 = ORIENTED_EDGE('',*,*,#19584,.T.);
#20529 = ORIENTED_EDGE('',*,*,#20530,.T.);
#20530 = EDGE_CURVE('',#19585,#19976,#20531,.T.);
#20531 = LINE('',#20532,#20533);
#20532 = CARTESIAN_POINT('',(195.072,-60.649,-4.6E-02));
#20533 = VECTOR('',#20534,1.);
#20534 = DIRECTION('',(0.,0.,1.));
#20535 = ORIENTED_EDGE('',*,*,#19975,.F.);
#20536 = ORIENTED_EDGE('',*,*,#20530,.F.);
#20537 = CYLINDRICAL_SURFACE('',#20538,0.4445);
#20538 = AXIS2_PLACEMENT_3D('',#20539,#20540,#20541);
#20539 = CARTESIAN_POINT('',(195.072,-60.2045,-4.6E-02));
#20540 = DIRECTION('',(-0.,-0.,-1.));
#20541 = DIRECTION('',(-0.,-1.,0.));
#20542 = ADVANCED_FACE('',(#20543),#20554,.F.);
#20543 = FACE_BOUND('',#20544,.T.);
#20544 = EDGE_LOOP('',(#20545,#20546,#20552,#20553));
#20545 = ORIENTED_EDGE('',*,*,#19595,.T.);
#20546 = ORIENTED_EDGE('',*,*,#20547,.T.);
#20547 = EDGE_CURVE('',#19596,#19987,#20548,.T.);
#20548 = LINE('',#20549,#20550);
#20549 = CARTESIAN_POINT('',(210.312,-63.189,-4.6E-02));
#20550 = VECTOR('',#20551,1.);
#20551 = DIRECTION('',(0.,0.,1.));
#20552 = ORIENTED_EDGE('',*,*,#19986,.F.);
#20553 = ORIENTED_EDGE('',*,*,#20547,.F.);
#20554 = CYLINDRICAL_SURFACE('',#20555,0.4445);
#20555 = AXIS2_PLACEMENT_3D('',#20556,#20557,#20558);
#20556 = CARTESIAN_POINT('',(210.312,-62.7445,-4.6E-02));
#20557 = DIRECTION('',(-0.,-0.,-1.));
#20558 = DIRECTION('',(-0.,-1.,0.));
#20559 = ADVANCED_FACE('',(#20560),#20571,.F.);
#20560 = FACE_BOUND('',#20561,.T.);
#20561 = EDGE_LOOP('',(#20562,#20563,#20569,#20570));
#20562 = ORIENTED_EDGE('',*,*,#19606,.T.);
#20563 = ORIENTED_EDGE('',*,*,#20564,.T.);
#20564 = EDGE_CURVE('',#19607,#19998,#20565,.T.);
#20565 = LINE('',#20566,#20567);
#20566 = CARTESIAN_POINT('',(210.312,-60.649,-4.6E-02));
#20567 = VECTOR('',#20568,1.);
#20568 = DIRECTION('',(0.,0.,1.));
#20569 = ORIENTED_EDGE('',*,*,#19997,.F.);
#20570 = ORIENTED_EDGE('',*,*,#20564,.F.);
#20571 = CYLINDRICAL_SURFACE('',#20572,0.4445);
#20572 = AXIS2_PLACEMENT_3D('',#20573,#20574,#20575);
#20573 = CARTESIAN_POINT('',(210.312,-60.2045,-4.6E-02));
#20574 = DIRECTION('',(-0.,-0.,-1.));
#20575 = DIRECTION('',(-0.,-1.,0.));
#20576 = ADVANCED_FACE('',(#20577),#20588,.F.);
#20577 = FACE_BOUND('',#20578,.T.);
#20578 = EDGE_LOOP('',(#20579,#20580,#20586,#20587));
#20579 = ORIENTED_EDGE('',*,*,#19617,.T.);
#20580 = ORIENTED_EDGE('',*,*,#20581,.T.);
#20581 = EDGE_CURVE('',#19618,#20009,#20582,.T.);
#20582 = LINE('',#20583,#20584);
#20583 = CARTESIAN_POINT('',(195.072,-58.109,-4.6E-02));
#20584 = VECTOR('',#20585,1.);
#20585 = DIRECTION('',(0.,0.,1.));
#20586 = ORIENTED_EDGE('',*,*,#20008,.F.);
#20587 = ORIENTED_EDGE('',*,*,#20581,.F.);
#20588 = CYLINDRICAL_SURFACE('',#20589,0.4445);
#20589 = AXIS2_PLACEMENT_3D('',#20590,#20591,#20592);
#20590 = CARTESIAN_POINT('',(195.072,-57.6645,-4.6E-02));
#20591 = DIRECTION('',(-0.,-0.,-1.));
#20592 = DIRECTION('',(-0.,-1.,0.));
#20593 = ADVANCED_FACE('',(#20594),#20605,.F.);
#20594 = FACE_BOUND('',#20595,.T.);
#20595 = EDGE_LOOP('',(#20596,#20597,#20603,#20604));
#20596 = ORIENTED_EDGE('',*,*,#19628,.T.);
#20597 = ORIENTED_EDGE('',*,*,#20598,.T.);
#20598 = EDGE_CURVE('',#19629,#20020,#20599,.T.);
#20599 = LINE('',#20600,#20601);
#20600 = CARTESIAN_POINT('',(195.072,-55.569,-4.6E-02));
#20601 = VECTOR('',#20602,1.);
#20602 = DIRECTION('',(0.,0.,1.));
#20603 = ORIENTED_EDGE('',*,*,#20019,.F.);
#20604 = ORIENTED_EDGE('',*,*,#20598,.F.);
#20605 = CYLINDRICAL_SURFACE('',#20606,0.4445);
#20606 = AXIS2_PLACEMENT_3D('',#20607,#20608,#20609);
#20607 = CARTESIAN_POINT('',(195.072,-55.1245,-4.6E-02));
#20608 = DIRECTION('',(-0.,-0.,-1.));
#20609 = DIRECTION('',(-0.,-1.,0.));
#20610 = ADVANCED_FACE('',(#20611),#20622,.F.);
#20611 = FACE_BOUND('',#20612,.T.);
#20612 = EDGE_LOOP('',(#20613,#20614,#20620,#20621));
#20613 = ORIENTED_EDGE('',*,*,#19639,.T.);
#20614 = ORIENTED_EDGE('',*,*,#20615,.T.);
#20615 = EDGE_CURVE('',#19640,#20031,#20616,.T.);
#20616 = LINE('',#20617,#20618);
#20617 = CARTESIAN_POINT('',(210.312,-58.109,-4.6E-02));
#20618 = VECTOR('',#20619,1.);
#20619 = DIRECTION('',(0.,0.,1.));
#20620 = ORIENTED_EDGE('',*,*,#20030,.F.);
#20621 = ORIENTED_EDGE('',*,*,#20615,.F.);
#20622 = CYLINDRICAL_SURFACE('',#20623,0.4445);
#20623 = AXIS2_PLACEMENT_3D('',#20624,#20625,#20626);
#20624 = CARTESIAN_POINT('',(210.312,-57.6645,-4.6E-02));
#20625 = DIRECTION('',(-0.,-0.,-1.));
#20626 = DIRECTION('',(-0.,-1.,0.));
#20627 = ADVANCED_FACE('',(#20628),#20639,.F.);
#20628 = FACE_BOUND('',#20629,.T.);
#20629 = EDGE_LOOP('',(#20630,#20631,#20637,#20638));
#20630 = ORIENTED_EDGE('',*,*,#19650,.T.);
#20631 = ORIENTED_EDGE('',*,*,#20632,.T.);
#20632 = EDGE_CURVE('',#19651,#20042,#20633,.T.);
#20633 = LINE('',#20634,#20635);
#20634 = CARTESIAN_POINT('',(210.312,-55.569,-4.6E-02));
#20635 = VECTOR('',#20636,1.);
#20636 = DIRECTION('',(0.,0.,1.));
#20637 = ORIENTED_EDGE('',*,*,#20041,.F.);
#20638 = ORIENTED_EDGE('',*,*,#20632,.F.);
#20639 = CYLINDRICAL_SURFACE('',#20640,0.4445);
#20640 = AXIS2_PLACEMENT_3D('',#20641,#20642,#20643);
#20641 = CARTESIAN_POINT('',(210.312,-55.1245,-4.6E-02));
#20642 = DIRECTION('',(-0.,-0.,-1.));
#20643 = DIRECTION('',(-0.,-1.,0.));
#20644 = ( GEOMETRIC_REPRESENTATION_CONTEXT(3) 
GLOBAL_UNCERTAINTY_ASSIGNED_CONTEXT((#20648)) 
GLOBAL_UNIT_ASSIGNED_CONTEXT((#20645,#20646,#20647)) 
REPRESENTATION_CONTEXT('Context #1',
  '3D Context with UNIT and UNCERTAINTY') );
#20645 = ( LENGTH_UNIT() NAMED_UNIT(*) SI_UNIT(.MILLI.,.METRE.) );
#20646 = ( NAMED_UNIT(*) PLANE_ANGLE_UNIT() SI_UNIT($,.RADIAN.) );
#20647 = ( NAMED_UNIT(*) SI_UNIT($,.STERADIAN.) SOLID_ANGLE_UNIT() );
#20648 = UNCERTAINTY_MEASURE_WITH_UNIT(LENGTH_MEASURE(1.E-07),#20645,
  'distance_accuracy_value','confusion accuracy');
#20649 = CONTEXT_DEPENDENT_SHAPE_REPRESENTATION(#20650,#20652);
#20650 = ( REPRESENTATION_RELATIONSHIP('','',#19167,#10) 
REPRESENTATION_RELATIONSHIP_WITH_TRANSFORMATION(#20651) 
SHAPE_REPRESENTATION_RELATIONSHIP() );
#20651 = ITEM_DEFINED_TRANSFORMATION('','',#11,#27);
#20652 = PRODUCT_DEFINITION_SHAPE('Placement','Placement of an item',
  #20653);
#20653 = NEXT_ASSEMBLY_USAGE_OCCURRENCE('4','=>[0:1:1:5]','',#5,#19162,$
  );
#20654 = PRODUCT_RELATED_PRODUCT_CATEGORY('part',$,(#19164));
#20655 = MECHANICAL_DESIGN_GEOMETRIC_PRESENTATION_REPRESENTATION('',(
    #20656,#20664,#20671,#20678,#20685,#20692,#20699,#20706,#20713,
    #20720,#20727,#20734,#20741,#20748,#20755,#20762,#20769,#20776,
    #20783,#20790,#20797,#20804,#20811,#20818,#20825,#20832,#20839,
    #20846,#20853,#20860,#20867,#20874,#20881,#20888,#20895,#20902,
    #20909,#20916,#20923,#20930,#20937,#20944,#20951,#20958,#20965,
    #20972,#20979,#20986,#20993,#21000,#21007,#21014,#21021,#21028,
    #21035,#21042,#21049,#21056,#21063,#21070,#21077,#21084,#21091,
    #21098,#21105,#21112,#21119,#21126,#21133,#21140,#21147,#21154,
    #21161,#21168,#21175,#21182,#21189,#21196,#21203,#21210,#21217,
    #21224,#21231,#21238,#21245,#21252,#21259,#21266),#19038);
#20656 = STYLED_ITEM('color',(#20657),#6264);
#20657 = PRESENTATION_STYLE_ASSIGNMENT((#20658));
#20658 = SURFACE_STYLE_USAGE(.BOTH.,#20659);
#20659 = SURFACE_SIDE_STYLE('',(#20660));
#20660 = SURFACE_STYLE_FILL_AREA(#20661);
#20661 = FILL_AREA_STYLE('',(#20662));
#20662 = FILL_AREA_STYLE_COLOUR('',#20663);
#20663 = COLOUR_RGB('',0.735356983052,0.735356983052,0.735356983052);
#20664 = STYLED_ITEM('color',(#20665),#6414);
#20665 = PRESENTATION_STYLE_ASSIGNMENT((#20666));
#20666 = SURFACE_STYLE_USAGE(.BOTH.,#20667);
#20667 = SURFACE_SIDE_STYLE('',(#20668));
#20668 = SURFACE_STYLE_FILL_AREA(#20669);
#20669 = FILL_AREA_STYLE('',(#20670));
#20670 = FILL_AREA_STYLE_COLOUR('',#20663);
#20671 = STYLED_ITEM('color',(#20672),#6564);
#20672 = PRESENTATION_STYLE_ASSIGNMENT((#20673));
#20673 = SURFACE_STYLE_USAGE(.BOTH.,#20674);
#20674 = SURFACE_SIDE_STYLE('',(#20675));
#20675 = SURFACE_STYLE_FILL_AREA(#20676);
#20676 = FILL_AREA_STYLE('',(#20677));
#20677 = FILL_AREA_STYLE_COLOUR('',#20663);
#20678 = STYLED_ITEM('color',(#20679),#6656);
#20679 = PRESENTATION_STYLE_ASSIGNMENT((#20680));
#20680 = SURFACE_STYLE_USAGE(.BOTH.,#20681);
#20681 = SURFACE_SIDE_STYLE('',(#20682));
#20682 = SURFACE_STYLE_FILL_AREA(#20683);
#20683 = FILL_AREA_STYLE('',(#20684));
#20684 = FILL_AREA_STYLE_COLOUR('',#20663);
#20685 = STYLED_ITEM('color',(#20686),#6748);
#20686 = PRESENTATION_STYLE_ASSIGNMENT((#20687));
#20687 = SURFACE_STYLE_USAGE(.BOTH.,#20688);
#20688 = SURFACE_SIDE_STYLE('',(#20689));
#20689 = SURFACE_STYLE_FILL_AREA(#20690);
#20690 = FILL_AREA_STYLE('',(#20691));
#20691 = FILL_AREA_STYLE_COLOUR('',#20663);
#20692 = STYLED_ITEM('color',(#20693),#6840);
#20693 = PRESENTATION_STYLE_ASSIGNMENT((#20694));
#20694 = SURFACE_STYLE_USAGE(.BOTH.,#20695);
#20695 = SURFACE_SIDE_STYLE('',(#20696));
#20696 = SURFACE_STYLE_FILL_AREA(#20697);
#20697 = FILL_AREA_STYLE('',(#20698));
#20698 = FILL_AREA_STYLE_COLOUR('',#20663);
#20699 = STYLED_ITEM('color',(#20700),#6932);
#20700 = PRESENTATION_STYLE_ASSIGNMENT((#20701));
#20701 = SURFACE_STYLE_USAGE(.BOTH.,#20702);
#20702 = SURFACE_SIDE_STYLE('',(#20703));
#20703 = SURFACE_STYLE_FILL_AREA(#20704);
#20704 = FILL_AREA_STYLE('',(#20705));
#20705 = FILL_AREA_STYLE_COLOUR('',#20663);
#20706 = STYLED_ITEM('color',(#20707),#7024);
#20707 = PRESENTATION_STYLE_ASSIGNMENT((#20708));
#20708 = SURFACE_STYLE_USAGE(.BOTH.,#20709);
#20709 = SURFACE_SIDE_STYLE('',(#20710));
#20710 = SURFACE_STYLE_FILL_AREA(#20711);
#20711 = FILL_AREA_STYLE('',(#20712));
#20712 = FILL_AREA_STYLE_COLOUR('',#20663);
#20713 = STYLED_ITEM('color',(#20714),#7116);
#20714 = PRESENTATION_STYLE_ASSIGNMENT((#20715));
#20715 = SURFACE_STYLE_USAGE(.BOTH.,#20716);
#20716 = SURFACE_SIDE_STYLE('',(#20717));
#20717 = SURFACE_STYLE_FILL_AREA(#20718);
#20718 = FILL_AREA_STYLE('',(#20719));
#20719 = FILL_AREA_STYLE_COLOUR('',#20663);
#20720 = STYLED_ITEM('color',(#20721),#7208);
#20721 = PRESENTATION_STYLE_ASSIGNMENT((#20722));
#20722 = SURFACE_STYLE_USAGE(.BOTH.,#20723);
#20723 = SURFACE_SIDE_STYLE('',(#20724));
#20724 = SURFACE_STYLE_FILL_AREA(#20725);
#20725 = FILL_AREA_STYLE('',(#20726));
#20726 = FILL_AREA_STYLE_COLOUR('',#20663);
#20727 = STYLED_ITEM('color',(#20728),#7300);
#20728 = PRESENTATION_STYLE_ASSIGNMENT((#20729));
#20729 = SURFACE_STYLE_USAGE(.BOTH.,#20730);
#20730 = SURFACE_SIDE_STYLE('',(#20731));
#20731 = SURFACE_STYLE_FILL_AREA(#20732);
#20732 = FILL_AREA_STYLE('',(#20733));
#20733 = FILL_AREA_STYLE_COLOUR('',#20663);
#20734 = STYLED_ITEM('color',(#20735),#7392);
#20735 = PRESENTATION_STYLE_ASSIGNMENT((#20736));
#20736 = SURFACE_STYLE_USAGE(.BOTH.,#20737);
#20737 = SURFACE_SIDE_STYLE('',(#20738));
#20738 = SURFACE_STYLE_FILL_AREA(#20739);
#20739 = FILL_AREA_STYLE('',(#20740));
#20740 = FILL_AREA_STYLE_COLOUR('',#20663);
#20741 = STYLED_ITEM('color',(#20742),#7484);
#20742 = PRESENTATION_STYLE_ASSIGNMENT((#20743));
#20743 = SURFACE_STYLE_USAGE(.BOTH.,#20744);
#20744 = SURFACE_SIDE_STYLE('',(#20745));
#20745 = SURFACE_STYLE_FILL_AREA(#20746);
#20746 = FILL_AREA_STYLE('',(#20747));
#20747 = FILL_AREA_STYLE_COLOUR('',#20663);
#20748 = STYLED_ITEM('color',(#20749),#7576);
#20749 = PRESENTATION_STYLE_ASSIGNMENT((#20750));
#20750 = SURFACE_STYLE_USAGE(.BOTH.,#20751);
#20751 = SURFACE_SIDE_STYLE('',(#20752));
#20752 = SURFACE_STYLE_FILL_AREA(#20753);
#20753 = FILL_AREA_STYLE('',(#20754));
#20754 = FILL_AREA_STYLE_COLOUR('',#20663);
#20755 = STYLED_ITEM('color',(#20756),#7668);
#20756 = PRESENTATION_STYLE_ASSIGNMENT((#20757));
#20757 = SURFACE_STYLE_USAGE(.BOTH.,#20758);
#20758 = SURFACE_SIDE_STYLE('',(#20759));
#20759 = SURFACE_STYLE_FILL_AREA(#20760);
#20760 = FILL_AREA_STYLE('',(#20761));
#20761 = FILL_AREA_STYLE_COLOUR('',#20663);
#20762 = STYLED_ITEM('color',(#20763),#7818);
#20763 = PRESENTATION_STYLE_ASSIGNMENT((#20764));
#20764 = SURFACE_STYLE_USAGE(.BOTH.,#20765);
#20765 = SURFACE_SIDE_STYLE('',(#20766));
#20766 = SURFACE_STYLE_FILL_AREA(#20767);
#20767 = FILL_AREA_STYLE('',(#20768));
#20768 = FILL_AREA_STYLE_COLOUR('',#20663);
#20769 = STYLED_ITEM('color',(#20770),#7968);
#20770 = PRESENTATION_STYLE_ASSIGNMENT((#20771));
#20771 = SURFACE_STYLE_USAGE(.BOTH.,#20772);
#20772 = SURFACE_SIDE_STYLE('',(#20773));
#20773 = SURFACE_STYLE_FILL_AREA(#20774);
#20774 = FILL_AREA_STYLE('',(#20775));
#20775 = FILL_AREA_STYLE_COLOUR('',#20663);
#20776 = STYLED_ITEM('color',(#20777),#8361);
#20777 = PRESENTATION_STYLE_ASSIGNMENT((#20778));
#20778 = SURFACE_STYLE_USAGE(.BOTH.,#20779);
#20779 = SURFACE_SIDE_STYLE('',(#20780));
#20780 = SURFACE_STYLE_FILL_AREA(#20781);
#20781 = FILL_AREA_STYLE('',(#20782));
#20782 = FILL_AREA_STYLE_COLOUR('',#20663);
#20783 = STYLED_ITEM('color',(#20784),#8453);
#20784 = PRESENTATION_STYLE_ASSIGNMENT((#20785));
#20785 = SURFACE_STYLE_USAGE(.BOTH.,#20786);
#20786 = SURFACE_SIDE_STYLE('',(#20787));
#20787 = SURFACE_STYLE_FILL_AREA(#20788);
#20788 = FILL_AREA_STYLE('',(#20789));
#20789 = FILL_AREA_STYLE_COLOUR('',#20663);
#20790 = STYLED_ITEM('color',(#20791),#8545);
#20791 = PRESENTATION_STYLE_ASSIGNMENT((#20792));
#20792 = SURFACE_STYLE_USAGE(.BOTH.,#20793);
#20793 = SURFACE_SIDE_STYLE('',(#20794));
#20794 = SURFACE_STYLE_FILL_AREA(#20795);
#20795 = FILL_AREA_STYLE('',(#20796));
#20796 = FILL_AREA_STYLE_COLOUR('',#20663);
#20797 = STYLED_ITEM('color',(#20798),#8637);
#20798 = PRESENTATION_STYLE_ASSIGNMENT((#20799));
#20799 = SURFACE_STYLE_USAGE(.BOTH.,#20800);
#20800 = SURFACE_SIDE_STYLE('',(#20801));
#20801 = SURFACE_STYLE_FILL_AREA(#20802);
#20802 = FILL_AREA_STYLE('',(#20803));
#20803 = FILL_AREA_STYLE_COLOUR('',#20663);
#20804 = STYLED_ITEM('color',(#20805),#8787);
#20805 = PRESENTATION_STYLE_ASSIGNMENT((#20806));
#20806 = SURFACE_STYLE_USAGE(.BOTH.,#20807);
#20807 = SURFACE_SIDE_STYLE('',(#20808));
#20808 = SURFACE_STYLE_FILL_AREA(#20809);
#20809 = FILL_AREA_STYLE('',(#20810));
#20810 = FILL_AREA_STYLE_COLOUR('',#20663);
#20811 = STYLED_ITEM('color',(#20812),#8937);
#20812 = PRESENTATION_STYLE_ASSIGNMENT((#20813));
#20813 = SURFACE_STYLE_USAGE(.BOTH.,#20814);
#20814 = SURFACE_SIDE_STYLE('',(#20815));
#20815 = SURFACE_STYLE_FILL_AREA(#20816);
#20816 = FILL_AREA_STYLE('',(#20817));
#20817 = FILL_AREA_STYLE_COLOUR('',#20663);
#20818 = STYLED_ITEM('color',(#20819),#9087);
#20819 = PRESENTATION_STYLE_ASSIGNMENT((#20820));
#20820 = SURFACE_STYLE_USAGE(.BOTH.,#20821);
#20821 = SURFACE_SIDE_STYLE('',(#20822));
#20822 = SURFACE_STYLE_FILL_AREA(#20823);
#20823 = FILL_AREA_STYLE('',(#20824));
#20824 = FILL_AREA_STYLE_COLOUR('',#20663);
#20825 = STYLED_ITEM('color',(#20826),#9179);
#20826 = PRESENTATION_STYLE_ASSIGNMENT((#20827));
#20827 = SURFACE_STYLE_USAGE(.BOTH.,#20828);
#20828 = SURFACE_SIDE_STYLE('',(#20829));
#20829 = SURFACE_STYLE_FILL_AREA(#20830);
#20830 = FILL_AREA_STYLE('',(#20831));
#20831 = FILL_AREA_STYLE_COLOUR('',#20663);
#20832 = STYLED_ITEM('color',(#20833),#9271);
#20833 = PRESENTATION_STYLE_ASSIGNMENT((#20834));
#20834 = SURFACE_STYLE_USAGE(.BOTH.,#20835);
#20835 = SURFACE_SIDE_STYLE('',(#20836));
#20836 = SURFACE_STYLE_FILL_AREA(#20837);
#20837 = FILL_AREA_STYLE('',(#20838));
#20838 = FILL_AREA_STYLE_COLOUR('',#20663);
#20839 = STYLED_ITEM('color',(#20840),#9363);
#20840 = PRESENTATION_STYLE_ASSIGNMENT((#20841));
#20841 = SURFACE_STYLE_USAGE(.BOTH.,#20842);
#20842 = SURFACE_SIDE_STYLE('',(#20843));
#20843 = SURFACE_STYLE_FILL_AREA(#20844);
#20844 = FILL_AREA_STYLE('',(#20845));
#20845 = FILL_AREA_STYLE_COLOUR('',#20663);
#20846 = STYLED_ITEM('color',(#20847),#9756);
#20847 = PRESENTATION_STYLE_ASSIGNMENT((#20848));
#20848 = SURFACE_STYLE_USAGE(.BOTH.,#20849);
#20849 = SURFACE_SIDE_STYLE('',(#20850));
#20850 = SURFACE_STYLE_FILL_AREA(#20851);
#20851 = FILL_AREA_STYLE('',(#20852));
#20852 = FILL_AREA_STYLE_COLOUR('',#20663);
#20853 = STYLED_ITEM('color',(#20854),#9848);
#20854 = PRESENTATION_STYLE_ASSIGNMENT((#20855));
#20855 = SURFACE_STYLE_USAGE(.BOTH.,#20856);
#20856 = SURFACE_SIDE_STYLE('',(#20857));
#20857 = SURFACE_STYLE_FILL_AREA(#20858);
#20858 = FILL_AREA_STYLE('',(#20859));
#20859 = FILL_AREA_STYLE_COLOUR('',#20663);
#20860 = STYLED_ITEM('color',(#20861),#9940);
#20861 = PRESENTATION_STYLE_ASSIGNMENT((#20862));
#20862 = SURFACE_STYLE_USAGE(.BOTH.,#20863);
#20863 = SURFACE_SIDE_STYLE('',(#20864));
#20864 = SURFACE_STYLE_FILL_AREA(#20865);
#20865 = FILL_AREA_STYLE('',(#20866));
#20866 = FILL_AREA_STYLE_COLOUR('',#20663);
#20867 = STYLED_ITEM('color',(#20868),#10032);
#20868 = PRESENTATION_STYLE_ASSIGNMENT((#20869));
#20869 = SURFACE_STYLE_USAGE(.BOTH.,#20870);
#20870 = SURFACE_SIDE_STYLE('',(#20871));
#20871 = SURFACE_STYLE_FILL_AREA(#20872);
#20872 = FILL_AREA_STYLE('',(#20873));
#20873 = FILL_AREA_STYLE_COLOUR('',#20663);
#20874 = STYLED_ITEM('color',(#20875),#10124);
#20875 = PRESENTATION_STYLE_ASSIGNMENT((#20876));
#20876 = SURFACE_STYLE_USAGE(.BOTH.,#20877);
#20877 = SURFACE_SIDE_STYLE('',(#20878));
#20878 = SURFACE_STYLE_FILL_AREA(#20879);
#20879 = FILL_AREA_STYLE('',(#20880));
#20880 = FILL_AREA_STYLE_COLOUR('',#20663);
#20881 = STYLED_ITEM('color',(#20882),#10216);
#20882 = PRESENTATION_STYLE_ASSIGNMENT((#20883));
#20883 = SURFACE_STYLE_USAGE(.BOTH.,#20884);
#20884 = SURFACE_SIDE_STYLE('',(#20885));
#20885 = SURFACE_STYLE_FILL_AREA(#20886);
#20886 = FILL_AREA_STYLE('',(#20887));
#20887 = FILL_AREA_STYLE_COLOUR('',#20663);
#20888 = STYLED_ITEM('color',(#20889),#10308);
#20889 = PRESENTATION_STYLE_ASSIGNMENT((#20890));
#20890 = SURFACE_STYLE_USAGE(.BOTH.,#20891);
#20891 = SURFACE_SIDE_STYLE('',(#20892));
#20892 = SURFACE_STYLE_FILL_AREA(#20893);
#20893 = FILL_AREA_STYLE('',(#20894));
#20894 = FILL_AREA_STYLE_COLOUR('',#20663);
#20895 = STYLED_ITEM('color',(#20896),#10701);
#20896 = PRESENTATION_STYLE_ASSIGNMENT((#20897));
#20897 = SURFACE_STYLE_USAGE(.BOTH.,#20898);
#20898 = SURFACE_SIDE_STYLE('',(#20899));
#20899 = SURFACE_STYLE_FILL_AREA(#20900);
#20900 = FILL_AREA_STYLE('',(#20901));
#20901 = FILL_AREA_STYLE_COLOUR('',#20663);
#20902 = STYLED_ITEM('color',(#20903),#10793);
#20903 = PRESENTATION_STYLE_ASSIGNMENT((#20904));
#20904 = SURFACE_STYLE_USAGE(.BOTH.,#20905);
#20905 = SURFACE_SIDE_STYLE('',(#20906));
#20906 = SURFACE_STYLE_FILL_AREA(#20907);
#20907 = FILL_AREA_STYLE('',(#20908));
#20908 = FILL_AREA_STYLE_COLOUR('',#20663);
#20909 = STYLED_ITEM('color',(#20910),#10885);
#20910 = PRESENTATION_STYLE_ASSIGNMENT((#20911));
#20911 = SURFACE_STYLE_USAGE(.BOTH.,#20912);
#20912 = SURFACE_SIDE_STYLE('',(#20913));
#20913 = SURFACE_STYLE_FILL_AREA(#20914);
#20914 = FILL_AREA_STYLE('',(#20915));
#20915 = FILL_AREA_STYLE_COLOUR('',#20663);
#20916 = STYLED_ITEM('color',(#20917),#10977);
#20917 = PRESENTATION_STYLE_ASSIGNMENT((#20918));
#20918 = SURFACE_STYLE_USAGE(.BOTH.,#20919);
#20919 = SURFACE_SIDE_STYLE('',(#20920));
#20920 = SURFACE_STYLE_FILL_AREA(#20921);
#20921 = FILL_AREA_STYLE('',(#20922));
#20922 = FILL_AREA_STYLE_COLOUR('',#20663);
#20923 = STYLED_ITEM('color',(#20924),#11069);
#20924 = PRESENTATION_STYLE_ASSIGNMENT((#20925));
#20925 = SURFACE_STYLE_USAGE(.BOTH.,#20926);
#20926 = SURFACE_SIDE_STYLE('',(#20927));
#20927 = SURFACE_STYLE_FILL_AREA(#20928);
#20928 = FILL_AREA_STYLE('',(#20929));
#20929 = FILL_AREA_STYLE_COLOUR('',#20663);
#20930 = STYLED_ITEM('color',(#20931),#11161);
#20931 = PRESENTATION_STYLE_ASSIGNMENT((#20932));
#20932 = SURFACE_STYLE_USAGE(.BOTH.,#20933);
#20933 = SURFACE_SIDE_STYLE('',(#20934));
#20934 = SURFACE_STYLE_FILL_AREA(#20935);
#20935 = FILL_AREA_STYLE('',(#20936));
#20936 = FILL_AREA_STYLE_COLOUR('',#20663);
#20937 = STYLED_ITEM('color',(#20938),#11253);
#20938 = PRESENTATION_STYLE_ASSIGNMENT((#20939));
#20939 = SURFACE_STYLE_USAGE(.BOTH.,#20940);
#20940 = SURFACE_SIDE_STYLE('',(#20941));
#20941 = SURFACE_STYLE_FILL_AREA(#20942);
#20942 = FILL_AREA_STYLE('',(#20943));
#20943 = FILL_AREA_STYLE_COLOUR('',#20663);
#20944 = STYLED_ITEM('color',(#20945),#11646);
#20945 = PRESENTATION_STYLE_ASSIGNMENT((#20946));
#20946 = SURFACE_STYLE_USAGE(.BOTH.,#20947);
#20947 = SURFACE_SIDE_STYLE('',(#20948));
#20948 = SURFACE_STYLE_FILL_AREA(#20949);
#20949 = FILL_AREA_STYLE('',(#20950));
#20950 = FILL_AREA_STYLE_COLOUR('',#20663);
#20951 = STYLED_ITEM('color',(#20952),#11738);
#20952 = PRESENTATION_STYLE_ASSIGNMENT((#20953));
#20953 = SURFACE_STYLE_USAGE(.BOTH.,#20954);
#20954 = SURFACE_SIDE_STYLE('',(#20955));
#20955 = SURFACE_STYLE_FILL_AREA(#20956);
#20956 = FILL_AREA_STYLE('',(#20957));
#20957 = FILL_AREA_STYLE_COLOUR('',#20663);
#20958 = STYLED_ITEM('color',(#20959),#11830);
#20959 = PRESENTATION_STYLE_ASSIGNMENT((#20960));
#20960 = SURFACE_STYLE_USAGE(.BOTH.,#20961);
#20961 = SURFACE_SIDE_STYLE('',(#20962));
#20962 = SURFACE_STYLE_FILL_AREA(#20963);
#20963 = FILL_AREA_STYLE('',(#20964));
#20964 = FILL_AREA_STYLE_COLOUR('',#20663);
#20965 = STYLED_ITEM('color',(#20966),#11922);
#20966 = PRESENTATION_STYLE_ASSIGNMENT((#20967));
#20967 = SURFACE_STYLE_USAGE(.BOTH.,#20968);
#20968 = SURFACE_SIDE_STYLE('',(#20969));
#20969 = SURFACE_STYLE_FILL_AREA(#20970);
#20970 = FILL_AREA_STYLE('',(#20971));
#20971 = FILL_AREA_STYLE_COLOUR('',#20663);
#20972 = STYLED_ITEM('color',(#20973),#12014);
#20973 = PRESENTATION_STYLE_ASSIGNMENT((#20974));
#20974 = SURFACE_STYLE_USAGE(.BOTH.,#20975);
#20975 = SURFACE_SIDE_STYLE('',(#20976));
#20976 = SURFACE_STYLE_FILL_AREA(#20977);
#20977 = FILL_AREA_STYLE('',(#20978));
#20978 = FILL_AREA_STYLE_COLOUR('',#20663);
#20979 = STYLED_ITEM('color',(#20980),#12106);
#20980 = PRESENTATION_STYLE_ASSIGNMENT((#20981));
#20981 = SURFACE_STYLE_USAGE(.BOTH.,#20982);
#20982 = SURFACE_SIDE_STYLE('',(#20983));
#20983 = SURFACE_STYLE_FILL_AREA(#20984);
#20984 = FILL_AREA_STYLE('',(#20985));
#20985 = FILL_AREA_STYLE_COLOUR('',#20663);
#20986 = STYLED_ITEM('color',(#20987),#12198);
#20987 = PRESENTATION_STYLE_ASSIGNMENT((#20988));
#20988 = SURFACE_STYLE_USAGE(.BOTH.,#20989);
#20989 = SURFACE_SIDE_STYLE('',(#20990));
#20990 = SURFACE_STYLE_FILL_AREA(#20991);
#20991 = FILL_AREA_STYLE('',(#20992));
#20992 = FILL_AREA_STYLE_COLOUR('',#20663);
#20993 = STYLED_ITEM('color',(#20994),#12290);
#20994 = PRESENTATION_STYLE_ASSIGNMENT((#20995));
#20995 = SURFACE_STYLE_USAGE(.BOTH.,#20996);
#20996 = SURFACE_SIDE_STYLE('',(#20997));
#20997 = SURFACE_STYLE_FILL_AREA(#20998);
#20998 = FILL_AREA_STYLE('',(#20999));
#20999 = FILL_AREA_STYLE_COLOUR('',#20663);
#21000 = STYLED_ITEM('color',(#21001),#12382);
#21001 = PRESENTATION_STYLE_ASSIGNMENT((#21002));
#21002 = SURFACE_STYLE_USAGE(.BOTH.,#21003);
#21003 = SURFACE_SIDE_STYLE('',(#21004));
#21004 = SURFACE_STYLE_FILL_AREA(#21005);
#21005 = FILL_AREA_STYLE('',(#21006));
#21006 = FILL_AREA_STYLE_COLOUR('',#20663);
#21007 = STYLED_ITEM('color',(#21008),#12474);
#21008 = PRESENTATION_STYLE_ASSIGNMENT((#21009));
#21009 = SURFACE_STYLE_USAGE(.BOTH.,#21010);
#21010 = SURFACE_SIDE_STYLE('',(#21011));
#21011 = SURFACE_STYLE_FILL_AREA(#21012);
#21012 = FILL_AREA_STYLE('',(#21013));
#21013 = FILL_AREA_STYLE_COLOUR('',#20663);
#21014 = STYLED_ITEM('color',(#21015),#12867);
#21015 = PRESENTATION_STYLE_ASSIGNMENT((#21016));
#21016 = SURFACE_STYLE_USAGE(.BOTH.,#21017);
#21017 = SURFACE_SIDE_STYLE('',(#21018));
#21018 = SURFACE_STYLE_FILL_AREA(#21019);
#21019 = FILL_AREA_STYLE('',(#21020));
#21020 = FILL_AREA_STYLE_COLOUR('',#20663);
#21021 = STYLED_ITEM('color',(#21022),#13017);
#21022 = PRESENTATION_STYLE_ASSIGNMENT((#21023));
#21023 = SURFACE_STYLE_USAGE(.BOTH.,#21024);
#21024 = SURFACE_SIDE_STYLE('',(#21025));
#21025 = SURFACE_STYLE_FILL_AREA(#21026);
#21026 = FILL_AREA_STYLE('',(#21027));
#21027 = FILL_AREA_STYLE_COLOUR('',#20663);
#21028 = STYLED_ITEM('color',(#21029),#13109);
#21029 = PRESENTATION_STYLE_ASSIGNMENT((#21030));
#21030 = SURFACE_STYLE_USAGE(.BOTH.,#21031);
#21031 = SURFACE_SIDE_STYLE('',(#21032));
#21032 = SURFACE_STYLE_FILL_AREA(#21033);
#21033 = FILL_AREA_STYLE('',(#21034));
#21034 = FILL_AREA_STYLE_COLOUR('',#20663);
#21035 = STYLED_ITEM('color',(#21036),#13201);
#21036 = PRESENTATION_STYLE_ASSIGNMENT((#21037));
#21037 = SURFACE_STYLE_USAGE(.BOTH.,#21038);
#21038 = SURFACE_SIDE_STYLE('',(#21039));
#21039 = SURFACE_STYLE_FILL_AREA(#21040);
#21040 = FILL_AREA_STYLE('',(#21041));
#21041 = FILL_AREA_STYLE_COLOUR('',#20663);
#21042 = STYLED_ITEM('color',(#21043),#13293);
#21043 = PRESENTATION_STYLE_ASSIGNMENT((#21044));
#21044 = SURFACE_STYLE_USAGE(.BOTH.,#21045);
#21045 = SURFACE_SIDE_STYLE('',(#21046));
#21046 = SURFACE_STYLE_FILL_AREA(#21047);
#21047 = FILL_AREA_STYLE('',(#21048));
#21048 = FILL_AREA_STYLE_COLOUR('',#20663);
#21049 = STYLED_ITEM('color',(#21050),#13686);
#21050 = PRESENTATION_STYLE_ASSIGNMENT((#21051));
#21051 = SURFACE_STYLE_USAGE(.BOTH.,#21052);
#21052 = SURFACE_SIDE_STYLE('',(#21053));
#21053 = SURFACE_STYLE_FILL_AREA(#21054);
#21054 = FILL_AREA_STYLE('',(#21055));
#21055 = FILL_AREA_STYLE_COLOUR('',#20663);
#21056 = STYLED_ITEM('color',(#21057),#13778);
#21057 = PRESENTATION_STYLE_ASSIGNMENT((#21058));
#21058 = SURFACE_STYLE_USAGE(.BOTH.,#21059);
#21059 = SURFACE_SIDE_STYLE('',(#21060));
#21060 = SURFACE_STYLE_FILL_AREA(#21061);
#21061 = FILL_AREA_STYLE('',(#21062));
#21062 = FILL_AREA_STYLE_COLOUR('',#20663);
#21063 = STYLED_ITEM('color',(#21064),#13870);
#21064 = PRESENTATION_STYLE_ASSIGNMENT((#21065));
#21065 = SURFACE_STYLE_USAGE(.BOTH.,#21066);
#21066 = SURFACE_SIDE_STYLE('',(#21067));
#21067 = SURFACE_STYLE_FILL_AREA(#21068);
#21068 = FILL_AREA_STYLE('',(#21069));
#21069 = FILL_AREA_STYLE_COLOUR('',#20663);
#21070 = STYLED_ITEM('color',(#21071),#13962);
#21071 = PRESENTATION_STYLE_ASSIGNMENT((#21072));
#21072 = SURFACE_STYLE_USAGE(.BOTH.,#21073);
#21073 = SURFACE_SIDE_STYLE('',(#21074));
#21074 = SURFACE_STYLE_FILL_AREA(#21075);
#21075 = FILL_AREA_STYLE('',(#21076));
#21076 = FILL_AREA_STYLE_COLOUR('',#20663);
#21077 = STYLED_ITEM('color',(#21078),#14355);
#21078 = PRESENTATION_STYLE_ASSIGNMENT((#21079));
#21079 = SURFACE_STYLE_USAGE(.BOTH.,#21080);
#21080 = SURFACE_SIDE_STYLE('',(#21081));
#21081 = SURFACE_STYLE_FILL_AREA(#21082);
#21082 = FILL_AREA_STYLE('',(#21083));
#21083 = FILL_AREA_STYLE_COLOUR('',#20663);
#21084 = STYLED_ITEM('color',(#21085),#14748);
#21085 = PRESENTATION_STYLE_ASSIGNMENT((#21086));
#21086 = SURFACE_STYLE_USAGE(.BOTH.,#21087);
#21087 = SURFACE_SIDE_STYLE('',(#21088));
#21088 = SURFACE_STYLE_FILL_AREA(#21089);
#21089 = FILL_AREA_STYLE('',(#21090));
#21090 = FILL_AREA_STYLE_COLOUR('',#20663);
#21091 = STYLED_ITEM('color',(#21092),#14840);
#21092 = PRESENTATION_STYLE_ASSIGNMENT((#21093));
#21093 = SURFACE_STYLE_USAGE(.BOTH.,#21094);
#21094 = SURFACE_SIDE_STYLE('',(#21095));
#21095 = SURFACE_STYLE_FILL_AREA(#21096);
#21096 = FILL_AREA_STYLE('',(#21097));
#21097 = FILL_AREA_STYLE_COLOUR('',#20663);
#21098 = STYLED_ITEM('color',(#21099),#14932);
#21099 = PRESENTATION_STYLE_ASSIGNMENT((#21100));
#21100 = SURFACE_STYLE_USAGE(.BOTH.,#21101);
#21101 = SURFACE_SIDE_STYLE('',(#21102));
#21102 = SURFACE_STYLE_FILL_AREA(#21103);
#21103 = FILL_AREA_STYLE('',(#21104));
#21104 = FILL_AREA_STYLE_COLOUR('',#20663);
#21105 = STYLED_ITEM('color',(#21106),#15024);
#21106 = PRESENTATION_STYLE_ASSIGNMENT((#21107));
#21107 = SURFACE_STYLE_USAGE(.BOTH.,#21108);
#21108 = SURFACE_SIDE_STYLE('',(#21109));
#21109 = SURFACE_STYLE_FILL_AREA(#21110);
#21110 = FILL_AREA_STYLE('',(#21111));
#21111 = FILL_AREA_STYLE_COLOUR('',#20663);
#21112 = STYLED_ITEM('color',(#21113),#15417);
#21113 = PRESENTATION_STYLE_ASSIGNMENT((#21114));
#21114 = SURFACE_STYLE_USAGE(.BOTH.,#21115);
#21115 = SURFACE_SIDE_STYLE('',(#21116));
#21116 = SURFACE_STYLE_FILL_AREA(#21117);
#21117 = FILL_AREA_STYLE('',(#21118));
#21118 = FILL_AREA_STYLE_COLOUR('',#20663);
#21119 = STYLED_ITEM('color',(#21120),#15509);
#21120 = PRESENTATION_STYLE_ASSIGNMENT((#21121));
#21121 = SURFACE_STYLE_USAGE(.BOTH.,#21122);
#21122 = SURFACE_SIDE_STYLE('',(#21123));
#21123 = SURFACE_STYLE_FILL_AREA(#21124);
#21124 = FILL_AREA_STYLE('',(#21125));
#21125 = FILL_AREA_STYLE_COLOUR('',#20663);
#21126 = STYLED_ITEM('color',(#21127),#15601);
#21127 = PRESENTATION_STYLE_ASSIGNMENT((#21128));
#21128 = SURFACE_STYLE_USAGE(.BOTH.,#21129);
#21129 = SURFACE_SIDE_STYLE('',(#21130));
#21130 = SURFACE_STYLE_FILL_AREA(#21131);
#21131 = FILL_AREA_STYLE('',(#21132));
#21132 = FILL_AREA_STYLE_COLOUR('',#20663);
#21133 = STYLED_ITEM('color',(#21134),#15693);
#21134 = PRESENTATION_STYLE_ASSIGNMENT((#21135));
#21135 = SURFACE_STYLE_USAGE(.BOTH.,#21136);
#21136 = SURFACE_SIDE_STYLE('',(#21137));
#21137 = SURFACE_STYLE_FILL_AREA(#21138);
#21138 = FILL_AREA_STYLE('',(#21139));
#21139 = FILL_AREA_STYLE_COLOUR('',#20663);
#21140 = STYLED_ITEM('color',(#21141),#16086);
#21141 = PRESENTATION_STYLE_ASSIGNMENT((#21142));
#21142 = SURFACE_STYLE_USAGE(.BOTH.,#21143);
#21143 = SURFACE_SIDE_STYLE('',(#21144));
#21144 = SURFACE_STYLE_FILL_AREA(#21145);
#21145 = FILL_AREA_STYLE('',(#21146));
#21146 = FILL_AREA_STYLE_COLOUR('',#20663);
#21147 = STYLED_ITEM('color',(#21148),#16178);
#21148 = PRESENTATION_STYLE_ASSIGNMENT((#21149));
#21149 = SURFACE_STYLE_USAGE(.BOTH.,#21150);
#21150 = SURFACE_SIDE_STYLE('',(#21151));
#21151 = SURFACE_STYLE_FILL_AREA(#21152);
#21152 = FILL_AREA_STYLE('',(#21153));
#21153 = FILL_AREA_STYLE_COLOUR('',#20663);
#21154 = STYLED_ITEM('color',(#21155),#16270);
#21155 = PRESENTATION_STYLE_ASSIGNMENT((#21156));
#21156 = SURFACE_STYLE_USAGE(.BOTH.,#21157);
#21157 = SURFACE_SIDE_STYLE('',(#21158));
#21158 = SURFACE_STYLE_FILL_AREA(#21159);
#21159 = FILL_AREA_STYLE('',(#21160));
#21160 = FILL_AREA_STYLE_COLOUR('',#20663);
#21161 = STYLED_ITEM('color',(#21162),#16362);
#21162 = PRESENTATION_STYLE_ASSIGNMENT((#21163));
#21163 = SURFACE_STYLE_USAGE(.BOTH.,#21164);
#21164 = SURFACE_SIDE_STYLE('',(#21165));
#21165 = SURFACE_STYLE_FILL_AREA(#21166);
#21166 = FILL_AREA_STYLE('',(#21167));
#21167 = FILL_AREA_STYLE_COLOUR('',#20663);
#21168 = STYLED_ITEM('color',(#21169),#16755);
#21169 = PRESENTATION_STYLE_ASSIGNMENT((#21170));
#21170 = SURFACE_STYLE_USAGE(.BOTH.,#21171);
#21171 = SURFACE_SIDE_STYLE('',(#21172));
#21172 = SURFACE_STYLE_FILL_AREA(#21173);
#21173 = FILL_AREA_STYLE('',(#21174));
#21174 = FILL_AREA_STYLE_COLOUR('',#20663);
#21175 = STYLED_ITEM('color',(#21176),#16847);
#21176 = PRESENTATION_STYLE_ASSIGNMENT((#21177));
#21177 = SURFACE_STYLE_USAGE(.BOTH.,#21178);
#21178 = SURFACE_SIDE_STYLE('',(#21179));
#21179 = SURFACE_STYLE_FILL_AREA(#21180);
#21180 = FILL_AREA_STYLE('',(#21181));
#21181 = FILL_AREA_STYLE_COLOUR('',#20663);
#21182 = STYLED_ITEM('color',(#21183),#16939);
#21183 = PRESENTATION_STYLE_ASSIGNMENT((#21184));
#21184 = SURFACE_STYLE_USAGE(.BOTH.,#21185);
#21185 = SURFACE_SIDE_STYLE('',(#21186));
#21186 = SURFACE_STYLE_FILL_AREA(#21187);
#21187 = FILL_AREA_STYLE('',(#21188));
#21188 = FILL_AREA_STYLE_COLOUR('',#20663);
#21189 = STYLED_ITEM('color',(#21190),#17031);
#21190 = PRESENTATION_STYLE_ASSIGNMENT((#21191));
#21191 = SURFACE_STYLE_USAGE(.BOTH.,#21192);
#21192 = SURFACE_SIDE_STYLE('',(#21193));
#21193 = SURFACE_STYLE_FILL_AREA(#21194);
#21194 = FILL_AREA_STYLE('',(#21195));
#21195 = FILL_AREA_STYLE_COLOUR('',#20663);
#21196 = STYLED_ITEM('color',(#21197),#17424);
#21197 = PRESENTATION_STYLE_ASSIGNMENT((#21198));
#21198 = SURFACE_STYLE_USAGE(.BOTH.,#21199);
#21199 = SURFACE_SIDE_STYLE('',(#21200));
#21200 = SURFACE_STYLE_FILL_AREA(#21201);
#21201 = FILL_AREA_STYLE('',(#21202));
#21202 = FILL_AREA_STYLE_COLOUR('',#20663);
#21203 = STYLED_ITEM('color',(#21204),#17516);
#21204 = PRESENTATION_STYLE_ASSIGNMENT((#21205));
#21205 = SURFACE_STYLE_USAGE(.BOTH.,#21206);
#21206 = SURFACE_SIDE_STYLE('',(#21207));
#21207 = SURFACE_STYLE_FILL_AREA(#21208);
#21208 = FILL_AREA_STYLE('',(#21209));
#21209 = FILL_AREA_STYLE_COLOUR('',#20663);
#21210 = STYLED_ITEM('color',(#21211),#17608);
#21211 = PRESENTATION_STYLE_ASSIGNMENT((#21212));
#21212 = SURFACE_STYLE_USAGE(.BOTH.,#21213);
#21213 = SURFACE_SIDE_STYLE('',(#21214));
#21214 = SURFACE_STYLE_FILL_AREA(#21215);
#21215 = FILL_AREA_STYLE('',(#21216));
#21216 = FILL_AREA_STYLE_COLOUR('',#20663);
#21217 = STYLED_ITEM('color',(#21218),#17700);
#21218 = PRESENTATION_STYLE_ASSIGNMENT((#21219));
#21219 = SURFACE_STYLE_USAGE(.BOTH.,#21220);
#21220 = SURFACE_SIDE_STYLE('',(#21221));
#21221 = SURFACE_STYLE_FILL_AREA(#21222);
#21222 = FILL_AREA_STYLE('',(#21223));
#21223 = FILL_AREA_STYLE_COLOUR('',#20663);
#21224 = STYLED_ITEM('color',(#21225),#18093);
#21225 = PRESENTATION_STYLE_ASSIGNMENT((#21226));
#21226 = SURFACE_STYLE_USAGE(.BOTH.,#21227);
#21227 = SURFACE_SIDE_STYLE('',(#21228));
#21228 = SURFACE_STYLE_FILL_AREA(#21229);
#21229 = FILL_AREA_STYLE('',(#21230));
#21230 = FILL_AREA_STYLE_COLOUR('',#20663);
#21231 = STYLED_ITEM('color',(#21232),#18185);
#21232 = PRESENTATION_STYLE_ASSIGNMENT((#21233));
#21233 = SURFACE_STYLE_USAGE(.BOTH.,#21234);
#21234 = SURFACE_SIDE_STYLE('',(#21235));
#21235 = SURFACE_STYLE_FILL_AREA(#21236);
#21236 = FILL_AREA_STYLE('',(#21237));
#21237 = FILL_AREA_STYLE_COLOUR('',#20663);
#21238 = STYLED_ITEM('color',(#21239),#18277);
#21239 = PRESENTATION_STYLE_ASSIGNMENT((#21240));
#21240 = SURFACE_STYLE_USAGE(.BOTH.,#21241);
#21241 = SURFACE_SIDE_STYLE('',(#21242));
#21242 = SURFACE_STYLE_FILL_AREA(#21243);
#21243 = FILL_AREA_STYLE('',(#21244));
#21244 = FILL_AREA_STYLE_COLOUR('',#20663);
#21245 = STYLED_ITEM('color',(#21246),#18369);
#21246 = PRESENTATION_STYLE_ASSIGNMENT((#21247));
#21247 = SURFACE_STYLE_USAGE(.BOTH.,#21248);
#21248 = SURFACE_SIDE_STYLE('',(#21249));
#21249 = SURFACE_STYLE_FILL_AREA(#21250);
#21250 = FILL_AREA_STYLE('',(#21251));
#21251 = FILL_AREA_STYLE_COLOUR('',#20663);
#21252 = STYLED_ITEM('color',(#21253),#18461);
#21253 = PRESENTATION_STYLE_ASSIGNMENT((#21254));
#21254 = SURFACE_STYLE_USAGE(.BOTH.,#21255);
#21255 = SURFACE_SIDE_STYLE('',(#21256));
#21256 = SURFACE_STYLE_FILL_AREA(#21257);
#21257 = FILL_AREA_STYLE('',(#21258));
#21258 = FILL_AREA_STYLE_COLOUR('',#20663);
#21259 = STYLED_ITEM('color',(#21260),#18553);
#21260 = PRESENTATION_STYLE_ASSIGNMENT((#21261));
#21261 = SURFACE_STYLE_USAGE(.BOTH.,#21262);
#21262 = SURFACE_SIDE_STYLE('',(#21263));
#21263 = SURFACE_STYLE_FILL_AREA(#21264);
#21264 = FILL_AREA_STYLE('',(#21265));
#21265 = FILL_AREA_STYLE_COLOUR('',#20663);
#21266 = STYLED_ITEM('color',(#21267),#18645);
#21267 = PRESENTATION_STYLE_ASSIGNMENT((#21268));
#21268 = SURFACE_STYLE_USAGE(.BOTH.,#21269);
#21269 = SURFACE_SIDE_STYLE('',(#21270));
#21270 = SURFACE_STYLE_FILL_AREA(#21271);
#21271 = FILL_AREA_STYLE('',(#21272));
#21272 = FILL_AREA_STYLE_COLOUR('',#20663);
#21273 = MECHANICAL_DESIGN_GEOMETRIC_PRESENTATION_REPRESENTATION('',(
    #21274),#20644);
#21274 = STYLED_ITEM('color',(#21275),#19168);
#21275 = PRESENTATION_STYLE_ASSIGNMENT((#21276));
#21276 = SURFACE_STYLE_USAGE(.BOTH.,#21277);
#21277 = SURFACE_SIDE_STYLE('',(#21278));
#21278 = SURFACE_STYLE_FILL_AREA(#21279);
#21279 = FILL_AREA_STYLE('',(#21280));
#21280 = FILL_AREA_STYLE_COLOUR('',#21281);
#21281 = COLOUR_RGB('',0.313304153717,0.484529207832,0.410020903123);
#21282 = MECHANICAL_DESIGN_GEOMETRIC_PRESENTATION_REPRESENTATION('',(
    #21283),#19149);
#21283 = STYLED_ITEM('color',(#21284),#19057);
#21284 = PRESENTATION_STYLE_ASSIGNMENT((#21285));
#21285 = SURFACE_STYLE_USAGE(.BOTH.,#21286);
#21286 = SURFACE_SIDE_STYLE('',(#21287));
#21287 = SURFACE_STYLE_FILL_AREA(#21288);
#21288 = FILL_AREA_STYLE('',(#21289));
#21289 = FILL_AREA_STYLE_COLOUR('',#21290);
#21290 = COLOUR_RGB('',0.854305825093,0.803630995277,0.);
#21291 = MECHANICAL_DESIGN_GEOMETRIC_PRESENTATION_REPRESENTATION('',(
    #21292,#21299,#21306,#21313,#21320,#21327,#21334,#21341,#21348,
    #21355,#21362,#21369),#6245);
#21292 = STYLED_ITEM('color',(#21293),#45);
#21293 = PRESENTATION_STYLE_ASSIGNMENT((#21294));
#21294 = SURFACE_STYLE_USAGE(.BOTH.,#21295);
#21295 = SURFACE_SIDE_STYLE('',(#21296));
#21296 = SURFACE_STYLE_FILL_AREA(#21297);
#21297 = FILL_AREA_STYLE('',(#21298));
#21298 = FILL_AREA_STYLE_COLOUR('',#21290);
#21299 = STYLED_ITEM('color',(#21300),#696);
#21300 = PRESENTATION_STYLE_ASSIGNMENT((#21301));
#21301 = SURFACE_STYLE_USAGE(.BOTH.,#21302);
#21302 = SURFACE_SIDE_STYLE('',(#21303));
#21303 = SURFACE_STYLE_FILL_AREA(#21304);
#21304 = FILL_AREA_STYLE('',(#21305));
#21305 = FILL_AREA_STYLE_COLOUR('',#21290);
#21306 = STYLED_ITEM('color',(#21307),#978);
#21307 = PRESENTATION_STYLE_ASSIGNMENT((#21308));
#21308 = SURFACE_STYLE_USAGE(.BOTH.,#21309);
#21309 = SURFACE_SIDE_STYLE('',(#21310));
#21310 = SURFACE_STYLE_FILL_AREA(#21311);
#21311 = FILL_AREA_STYLE('',(#21312));
#21312 = FILL_AREA_STYLE_COLOUR('',#21290);
#21313 = STYLED_ITEM('color',(#21314),#1196);
#21314 = PRESENTATION_STYLE_ASSIGNMENT((#21315));
#21315 = SURFACE_STYLE_USAGE(.BOTH.,#21316);
#21316 = SURFACE_SIDE_STYLE('',(#21317));
#21317 = SURFACE_STYLE_FILL_AREA(#21318);
#21318 = FILL_AREA_STYLE('',(#21319));
#21319 = FILL_AREA_STYLE_COLOUR('',#21290);
#21320 = STYLED_ITEM('color',(#21321),#2074);
#21321 = PRESENTATION_STYLE_ASSIGNMENT((#21322));
#21322 = SURFACE_STYLE_USAGE(.BOTH.,#21323);
#21323 = SURFACE_SIDE_STYLE('',(#21324));
#21324 = SURFACE_STYLE_FILL_AREA(#21325);
#21325 = FILL_AREA_STYLE('',(#21326));
#21326 = FILL_AREA_STYLE_COLOUR('',#21290);
#21327 = STYLED_ITEM('color',(#21328),#2424);
#21328 = PRESENTATION_STYLE_ASSIGNMENT((#21329));
#21329 = SURFACE_STYLE_USAGE(.BOTH.,#21330);
#21330 = SURFACE_SIDE_STYLE('',(#21331));
#21331 = SURFACE_STYLE_FILL_AREA(#21332);
#21332 = FILL_AREA_STYLE('',(#21333));
#21333 = FILL_AREA_STYLE_COLOUR('',#21290);
#21334 = STYLED_ITEM('color',(#21335),#2776);
#21335 = PRESENTATION_STYLE_ASSIGNMENT((#21336));
#21336 = SURFACE_STYLE_USAGE(.BOTH.,#21337);
#21337 = SURFACE_SIDE_STYLE('',(#21338));
#21338 = SURFACE_STYLE_FILL_AREA(#21339);
#21339 = FILL_AREA_STYLE('',(#21340));
#21340 = FILL_AREA_STYLE_COLOUR('',#21290);
#21341 = STYLED_ITEM('color',(#21342),#3396);
#21342 = PRESENTATION_STYLE_ASSIGNMENT((#21343));
#21343 = SURFACE_STYLE_USAGE(.BOTH.,#21344);
#21344 = SURFACE_SIDE_STYLE('',(#21345));
#21345 = SURFACE_STYLE_FILL_AREA(#21346);
#21346 = FILL_AREA_STYLE('',(#21347));
#21347 = FILL_AREA_STYLE_COLOUR('',#21290);
#21348 = STYLED_ITEM('color',(#21349),#3853);
#21349 = PRESENTATION_STYLE_ASSIGNMENT((#21350));
#21350 = SURFACE_STYLE_USAGE(.BOTH.,#21351);
#21351 = SURFACE_SIDE_STYLE('',(#21352));
#21352 = SURFACE_STYLE_FILL_AREA(#21353);
#21353 = FILL_AREA_STYLE('',(#21354));
#21354 = FILL_AREA_STYLE_COLOUR('',#21290);
#21355 = STYLED_ITEM('color',(#21356),#4766);
#21356 = PRESENTATION_STYLE_ASSIGNMENT((#21357));
#21357 = SURFACE_STYLE_USAGE(.BOTH.,#21358);
#21358 = SURFACE_SIDE_STYLE('',(#21359));
#21359 = SURFACE_STYLE_FILL_AREA(#21360);
#21360 = FILL_AREA_STYLE('',(#21361));
#21361 = FILL_AREA_STYLE_COLOUR('',#21290);
#21362 = STYLED_ITEM('color',(#21363),#5578);
#21363 = PRESENTATION_STYLE_ASSIGNMENT((#21364));
#21364 = SURFACE_STYLE_USAGE(.BOTH.,#21365);
#21365 = SURFACE_SIDE_STYLE('',(#21366));
#21366 = SURFACE_STYLE_FILL_AREA(#21367);
#21367 = FILL_AREA_STYLE('',(#21368));
#21368 = FILL_AREA_STYLE_COLOUR('',#21290);
#21369 = STYLED_ITEM('color',(#21370),#5829);
#21370 = PRESENTATION_STYLE_ASSIGNMENT((#21371));
#21371 = SURFACE_STYLE_USAGE(.BOTH.,#21372);
#21372 = SURFACE_SIDE_STYLE('',(#21373));
#21373 = SURFACE_STYLE_FILL_AREA(#21374);
#21374 = FILL_AREA_STYLE('',(#21375));
#21375 = FILL_AREA_STYLE_COLOUR('',#21290);
ENDSEC;
END-ISO-10303-21;
